model,iteration,direction,phase,start_s,end_s,duration_s,power_w
mixtral-dev112,1,sim,idle,0.000000000,0.094640352,0.094640352,84.0000
mixtral-dev112,1,sim,attention,0.094640352,0.106948318,0.012307966,700.0000
mixtral-dev112,1,sim,idle,0.106948318,0.106948479,0.000000162,84.0000
mixtral-dev112,1,sim,addnorm,0.106948479,0.107092684,0.000144205,140.0000
mixtral-dev112,1,sim,idle,0.107092684,0.107092846,0.000000162,84.0000
mixtral-dev112,1,sim,addnorm,0.107092846,0.107095386,0.000002540,140.0000
mixtral-dev112,1,sim,idle,0.107095386,0.107095548,0.000000162,84.0000
mixtral-dev112,1,sim,gate,0.107095548,0.107133970,0.000038422,280.0000
mixtral-dev112,1,sim,idle,0.107133970,0.107136454,0.000002484,84.0000
mixtral-dev112,1,sim,idle,0.107136454,0.107136616,0.000000162,84.0000
mixtral-dev112,1,sim,gate,0.107136616,0.107153720,0.000017104,280.0000
mixtral-dev112,1,sim,idle,0.107153720,0.124001650,0.016847930,84.0000
mixtral-dev112,1,sim,experts,0.124001650,0.134843265,0.010841615,700.0000
mixtral-dev112,1,sim,idle,0.134843265,0.140348885,0.005505620,84.0000
mixtral-dev112,1,sim,experts,0.140348885,0.150000418,0.009651533,700.0000
mixtral-dev112,1,sim,idle,0.150000418,0.151574140,0.001573722,84.0000
mixtral-dev112,1,sim,experts,0.151574140,0.165031822,0.013457682,700.0000
mixtral-dev112,1,sim,idle,0.165031822,0.187079129,0.022047307,84.0000
mixtral-dev112,1,sim,idle,0.187079129,0.187079291,0.000000162,84.0000
mixtral-dev112,1,sim,addnorm,0.187079291,0.187223496,0.000144205,140.0000
mixtral-dev112,1,sim,idle,0.187223496,0.187223657,0.000000162,84.0000
mixtral-dev112,1,sim,addnorm,0.187223657,0.187226195,0.000002538,140.0000
mixtral-dev112,1,sim,idle,0.187226195,0.578576128,0.391349932,84.0000
mixtral-dev112,1,sim,addnorm,0.578576128,0.578578216,0.000002089,140.0000
mixtral-dev112,1,sim,idle,0.578578216,0.578578378,0.000000162,84.0000
mixtral-dev112,1,sim,addnorm,0.578578378,0.578871146,0.000292768,140.0000
mixtral-dev112,1,sim,idle,0.578871146,0.578871308,0.000000162,84.0000
mixtral-dev112,1,sim,idle,0.578871308,0.578871473,0.000000165,84.0000
mixtral-dev112,1,sim,gate,0.578871473,0.578874792,0.000003318,280.0000
mixtral-dev112,1,sim,idle,0.578874792,0.593688126,0.014813334,84.0000
mixtral-dev112,1,sim,gate,0.593688126,0.593867172,0.000179046,280.0000
mixtral-dev112,1,sim,idle,0.593867172,0.593867334,0.000000162,84.0000
mixtral-dev112,1,sim,experts,0.593867334,0.613084768,0.019217435,700.0000
mixtral-dev112,1,sim,idle,0.613084768,0.614658491,0.001573722,84.0000
mixtral-dev112,1,sim,experts,0.614658491,0.634437898,0.019779408,700.0000
mixtral-dev112,1,sim,idle,0.634437898,0.657002577,0.022564679,84.0000
mixtral-dev112,1,sim,idle,0.657002577,0.657002739,0.000000162,84.0000
mixtral-dev112,1,sim,idle,0.657002739,0.657002901,0.000000162,84.0000
mixtral-dev112,1,sim,gate,0.657002901,0.657095499,0.000092598,280.0000
mixtral-dev112,1,sim,idle,0.657095499,0.657097983,0.000002484,84.0000
mixtral-dev112,1,sim,addnorm,0.657097983,0.657100069,0.000002086,140.0000
mixtral-dev112,1,sim,idle,0.657100069,0.657100231,0.000000162,84.0000
mixtral-dev112,1,sim,addnorm,0.657100231,0.657392999,0.000292768,140.0000
mixtral-dev112,1,sim,idle,0.657392999,0.657393160,0.000000162,84.0000
mixtral-dev112,1,sim,attention,0.657393160,0.694317058,0.036923898,700.0000
mixtral-dev112,1,sim,idle,0.694317058,0.694317220,0.000000162,84.0000
mixtral-dev112,1,sim,addnorm,0.694317220,0.694461425,0.000144205,140.0000
mixtral-dev112,1,sim,idle,0.694461425,0.694461586,0.000000162,84.0000
mixtral-dev112,1,sim,addnorm,0.694461586,0.694464127,0.000002540,140.0000
mixtral-dev112,1,sim,idle,0.694464127,0.694464288,0.000000162,84.0000
mixtral-dev112,1,sim,gate,0.694464288,0.694502711,0.000038422,280.0000
mixtral-dev112,1,sim,idle,0.694502711,0.694505195,0.000002484,84.0000
mixtral-dev112,1,sim,idle,0.694505195,0.694505356,0.000000162,84.0000
mixtral-dev112,1,sim,gate,0.694505356,0.694522460,0.000017104,280.0000
mixtral-dev112,1,sim,idle,0.694522460,0.717006129,0.022483668,84.0000
mixtral-dev112,1,sim,experts,0.717006129,0.727847744,0.010841615,700.0000
mixtral-dev112,1,sim,idle,0.727847744,0.733353364,0.005505620,84.0000
mixtral-dev112,1,sim,experts,0.733353364,0.743004897,0.009651533,700.0000
mixtral-dev112,1,sim,idle,0.743004897,0.744578619,0.001573722,84.0000
mixtral-dev112,1,sim,experts,0.744578619,0.758036301,0.013457682,700.0000
mixtral-dev112,1,sim,idle,0.758036301,0.775852950,0.017816649,84.0000
mixtral-dev112,1,sim,idle,0.775852950,0.775853112,0.000000162,84.0000
mixtral-dev112,1,sim,addnorm,0.775853112,0.775997316,0.000144205,140.0000
mixtral-dev112,1,sim,idle,0.775997316,0.775997478,0.000000162,84.0000
mixtral-dev112,1,sim,addnorm,0.775997478,0.776000016,0.000002538,140.0000
mixtral-dev112,1,sim,attention,0.776000016,0.788307982,0.012307966,700.0000
mixtral-dev112,1,sim,idle,0.788307982,0.788308143,0.000000162,84.0000
mixtral-dev112,1,sim,addnorm,0.788308143,0.788452348,0.000144205,140.0000
mixtral-dev112,1,sim,idle,0.788452348,0.788452510,0.000000162,84.0000
mixtral-dev112,1,sim,addnorm,0.788452510,0.788455050,0.000002540,140.0000
mixtral-dev112,1,sim,idle,0.788455050,0.788455212,0.000000162,84.0000
mixtral-dev112,1,sim,gate,0.788455212,0.788493634,0.000038422,280.0000
mixtral-dev112,1,sim,idle,0.788493634,0.788496118,0.000002484,84.0000
mixtral-dev112,1,sim,idle,0.788496118,0.788496280,0.000000162,84.0000
mixtral-dev112,1,sim,gate,0.788496280,0.788513384,0.000017104,280.0000
mixtral-dev112,1,sim,idle,0.788513384,0.803688046,0.015174662,84.0000
mixtral-dev112,1,sim,experts,0.803688046,0.814529661,0.010841615,700.0000
mixtral-dev112,1,sim,idle,0.814529661,0.820035281,0.005505620,84.0000
mixtral-dev112,1,sim,experts,0.820035281,0.829686814,0.009651533,700.0000
mixtral-dev112,1,sim,idle,0.829686814,0.831260536,0.001573722,84.0000
mixtral-dev112,1,sim,experts,0.831260536,0.844718218,0.013457682,700.0000
mixtral-dev112,1,sim,idle,0.844718218,0.873128339,0.028410121,84.0000
mixtral-dev112,1,sim,idle,0.873128339,0.873128501,0.000000162,84.0000
mixtral-dev112,1,sim,addnorm,0.873128501,0.873272706,0.000144205,140.0000
mixtral-dev112,1,sim,idle,0.873272706,0.873272867,0.000000162,84.0000
mixtral-dev112,1,sim,addnorm,0.873272867,0.873275405,0.000002538,140.0000
mixtral-dev112,1,sim,attention,0.873275405,0.885583371,0.012307966,700.0000
mixtral-dev112,1,sim,idle,0.885583371,0.885583533,0.000000162,84.0000
mixtral-dev112,1,sim,addnorm,0.885583533,0.885727737,0.000144205,140.0000
mixtral-dev112,1,sim,idle,0.885727737,0.885727899,0.000000162,84.0000
mixtral-dev112,1,sim,addnorm,0.885727899,0.885730440,0.000002540,140.0000
mixtral-dev112,1,sim,idle,0.885730440,0.885730601,0.000000162,84.0000
mixtral-dev112,1,sim,gate,0.885730601,0.885769024,0.000038422,280.0000
mixtral-dev112,1,sim,idle,0.885769024,0.885771508,0.000002484,84.0000
mixtral-dev112,1,sim,idle,0.885771508,0.885771669,0.000000162,84.0000
mixtral-dev112,1,sim,gate,0.885771669,0.885788773,0.000017104,280.0000
mixtral-dev112,1,sim,idle,0.885788773,0.908002223,0.022213450,84.0000
mixtral-dev112,1,sim,experts,0.908002223,0.918843838,0.010841615,700.0000
mixtral-dev112,1,sim,idle,0.918843838,0.924349458,0.005505620,84.0000
mixtral-dev112,1,sim,experts,0.924349458,0.934000991,0.009651533,700.0000
mixtral-dev112,1,sim,idle,0.934000991,0.935574713,0.001573722,84.0000
mixtral-dev112,1,sim,experts,0.935574713,0.949032395,0.013457682,700.0000
mixtral-dev112,1,sim,idle,0.949032395,0.971173158,0.022140763,84.0000
mixtral-dev112,1,sim,idle,0.971173158,0.971173320,0.000000162,84.0000
mixtral-dev112,1,sim,addnorm,0.971173320,0.971317525,0.000144205,140.0000
mixtral-dev112,1,sim,idle,0.971317525,0.971317686,0.000000162,84.0000
mixtral-dev112,1,sim,addnorm,0.971317686,0.971320224,0.000002538,140.0000
mixtral-dev112,1,sim,idle,0.971320224,1.261179609,0.289859385,84.0000
mixtral-dev112,1,sim,addnorm,1.261179609,1.261181698,0.000002089,140.0000
mixtral-dev112,1,sim,idle,1.261181698,1.261181859,0.000000162,84.0000
mixtral-dev112,1,sim,addnorm,1.261181859,1.261474627,0.000292768,140.0000
mixtral-dev112,1,sim,idle,1.261474627,1.261474789,0.000000162,84.0000
mixtral-dev112,1,sim,idle,1.261474789,1.261474950,0.000000162,84.0000
mixtral-dev112,1,sim,gate,1.261474950,1.261478269,0.000003318,280.0000
mixtral-dev112,1,sim,idle,1.261478269,1.278002876,0.016524607,84.0000
mixtral-dev112,1,sim,gate,1.278002876,1.278181922,0.000179046,280.0000
mixtral-dev112,1,sim,idle,1.278181922,1.278182084,0.000000162,84.0000
mixtral-dev112,1,sim,experts,1.278182084,1.297399518,0.019217435,700.0000
mixtral-dev112,1,sim,idle,1.297399518,1.299030505,0.001630987,84.0000
mixtral-dev112,1,sim,experts,1.299030505,1.318809913,0.019779408,700.0000
mixtral-dev112,1,sim,idle,1.318809913,1.338292729,0.019482816,84.0000
mixtral-dev112,1,sim,idle,1.338292729,1.338292890,0.000000162,84.0000
mixtral-dev112,1,sim,idle,1.338292890,1.338293052,0.000000162,84.0000
mixtral-dev112,1,sim,gate,1.338293052,1.338385650,0.000092598,280.0000
mixtral-dev112,1,sim,idle,1.338385650,1.338388134,0.000002484,84.0000
mixtral-dev112,1,sim,addnorm,1.338388134,1.338390221,0.000002086,140.0000
mixtral-dev112,1,sim,idle,1.338390221,1.338390382,0.000000162,84.0000
mixtral-dev112,1,sim,addnorm,1.338390382,1.338683150,0.000292768,140.0000
mixtral-dev112,1,sim,idle,1.338683150,1.338683312,0.000000162,84.0000
mixtral-dev112,1,sim,attention,1.338683312,1.363299244,0.024615932,700.0000
mixtral-dev112,1,sim,idle,1.363299244,1.453015062,0.089715818,84.0000
mixtral-dev112,1,sim,addnorm,1.453015062,1.453017150,0.000002089,140.0000
mixtral-dev112,1,sim,idle,1.453017150,1.453017312,0.000000162,84.0000
mixtral-dev112,1,sim,addnorm,1.453017312,1.453310080,0.000292768,140.0000
mixtral-dev112,1,sim,idle,1.453310080,1.453310241,0.000000162,84.0000
mixtral-dev112,1,sim,idle,1.453310241,1.453310403,0.000000162,84.0000
mixtral-dev112,1,sim,gate,1.453310403,1.453313721,0.000003318,280.0000
mixtral-dev112,1,sim,idle,1.453313721,1.468910112,0.015596391,84.0000
mixtral-dev112,1,sim,gate,1.468910112,1.469089158,0.000179046,280.0000
mixtral-dev112,1,sim,idle,1.469089158,1.469089320,0.000000162,84.0000
mixtral-dev112,1,sim,experts,1.469089320,1.488306755,0.019217435,700.0000
mixtral-dev112,1,sim,idle,1.488306755,1.489880477,0.001573722,84.0000
mixtral-dev112,1,sim,experts,1.489880477,1.509659885,0.019779408,700.0000
mixtral-dev112,1,sim,idle,1.509659885,1.531010826,0.021350941,84.0000
mixtral-dev112,1,sim,idle,1.531010826,1.531010987,0.000000162,84.0000
mixtral-dev112,1,sim,idle,1.531010987,1.531011149,0.000000162,84.0000
mixtral-dev112,1,sim,gate,1.531011149,1.531103747,0.000092598,280.0000
mixtral-dev112,1,sim,idle,1.531103747,1.531106231,0.000002484,84.0000
mixtral-dev112,1,sim,addnorm,1.531106231,1.531108318,0.000002086,140.0000
mixtral-dev112,1,sim,idle,1.531108318,1.531108479,0.000000162,84.0000
mixtral-dev112,1,sim,addnorm,1.531108479,1.531401247,0.000292768,140.0000
mixtral-dev112,1,sim,idle,1.531401247,1.531401409,0.000000162,84.0000
mixtral-dev112,1,sim,attention,1.531401409,1.556017341,0.024615932,700.0000
mixtral-dev112,1,sim,idle,1.556017341,1.625012243,0.068994903,84.0000
mixtral-dev112,1,sim,addnorm,1.625012243,1.625014332,0.000002089,140.0000
mixtral-dev112,1,sim,idle,1.625014332,1.625014494,0.000000162,84.0000
mixtral-dev112,1,sim,addnorm,1.625014494,1.625307262,0.000292768,140.0000
mixtral-dev112,1,sim,idle,1.625307262,1.625307423,0.000000162,84.0000
mixtral-dev112,1,sim,idle,1.625307423,1.625307586,0.000000163,84.0000
mixtral-dev112,1,sim,gate,1.625307586,1.625310905,0.000003318,280.0000
mixtral-dev112,1,sim,idle,1.625310905,1.647236849,0.021925945,84.0000
mixtral-dev112,1,sim,gate,1.647236849,1.647415896,0.000179046,280.0000
mixtral-dev112,1,sim,idle,1.647415896,1.647416057,0.000000162,84.0000
mixtral-dev112,1,sim,experts,1.647416057,1.666633492,0.019217435,700.0000
mixtral-dev112,1,sim,idle,1.666633492,1.668207214,0.001573722,84.0000
mixtral-dev112,1,sim,experts,1.668207214,1.687986622,0.019779408,700.0000
mixtral-dev112,1,sim,idle,1.687986622,1.713001100,0.025014478,84.0000
mixtral-dev112,1,sim,idle,1.713001100,1.713001261,0.000000162,84.0000
mixtral-dev112,1,sim,idle,1.713001261,1.713001423,0.000000162,84.0000
mixtral-dev112,1,sim,gate,1.713001423,1.713094021,0.000092598,280.0000
mixtral-dev112,1,sim,idle,1.713094021,1.713096505,0.000002484,84.0000
mixtral-dev112,1,sim,addnorm,1.713096505,1.713098591,0.000002086,140.0000
mixtral-dev112,1,sim,idle,1.713098591,1.713098753,0.000000162,84.0000
mixtral-dev112,1,sim,addnorm,1.713098753,1.713391521,0.000292768,140.0000
mixtral-dev112,1,sim,idle,1.713391521,1.713391683,0.000000162,84.0000
mixtral-dev112,1,sim,attention,1.713391683,1.738007615,0.024615932,700.0000
mixtral-dev112,1,sim,idle,1.738007615,1.954870046,0.216862432,84.0000
mixtral-dev112,2,sim,idle,1.954870046,2.049510398,0.094640352,84.0000
mixtral-dev112,2,sim,attention,2.049510398,2.061818364,0.012307966,700.0000
mixtral-dev112,2,sim,idle,2.061818364,2.061818526,0.000000162,84.0000
mixtral-dev112,2,sim,addnorm,2.061818526,2.061962730,0.000144205,140.0000
mixtral-dev112,2,sim,idle,2.061962730,2.061962892,0.000000162,84.0000
mixtral-dev112,2,sim,addnorm,2.061962892,2.061965433,0.000002540,140.0000
mixtral-dev112,2,sim,idle,2.061965433,2.061965594,0.000000162,84.0000
mixtral-dev112,2,sim,gate,2.061965594,2.062004017,0.000038422,280.0000
mixtral-dev112,2,sim,idle,2.062004017,2.062006501,0.000002484,84.0000
mixtral-dev112,2,sim,idle,2.062006501,2.062006662,0.000000162,84.0000
mixtral-dev112,2,sim,gate,2.062006662,2.062023766,0.000017104,280.0000
mixtral-dev112,2,sim,idle,2.062023766,2.078871696,0.016847930,84.0000
mixtral-dev112,2,sim,experts,2.078871696,2.089713311,0.010841615,700.0000
mixtral-dev112,2,sim,idle,2.089713311,2.095218931,0.005505620,84.0000
mixtral-dev112,2,sim,experts,2.095218931,2.104870464,0.009651533,700.0000
mixtral-dev112,2,sim,idle,2.104870464,2.106444186,0.001573722,84.0000
mixtral-dev112,2,sim,experts,2.106444186,2.119901869,0.013457682,700.0000
mixtral-dev112,2,sim,idle,2.119901869,2.141949176,0.022047307,84.0000
mixtral-dev112,2,sim,idle,2.141949176,2.141949337,0.000000162,84.0000
mixtral-dev112,2,sim,addnorm,2.141949337,2.142093542,0.000144205,140.0000
mixtral-dev112,2,sim,idle,2.142093542,2.142093704,0.000000162,84.0000
mixtral-dev112,2,sim,addnorm,2.142093704,2.142096241,0.000002538,140.0000
mixtral-dev112,2,sim,idle,2.142096241,2.533446174,0.391349932,84.0000
mixtral-dev112,2,sim,addnorm,2.533446174,2.533448262,0.000002089,140.0000
mixtral-dev112,2,sim,idle,2.533448262,2.533448424,0.000000162,84.0000
mixtral-dev112,2,sim,addnorm,2.533448424,2.533741192,0.000292768,140.0000
mixtral-dev112,2,sim,idle,2.533741192,2.533741354,0.000000162,84.0000
mixtral-dev112,2,sim,idle,2.533741354,2.533741519,0.000000165,84.0000
mixtral-dev112,2,sim,gate,2.533741519,2.533744838,0.000003318,280.0000
mixtral-dev112,2,sim,idle,2.533744838,2.548558172,0.014813334,84.0000
mixtral-dev112,2,sim,gate,2.548558172,2.548737219,0.000179046,280.0000
mixtral-dev112,2,sim,idle,2.548737219,2.548737380,0.000000162,84.0000
mixtral-dev112,2,sim,experts,2.548737380,2.567954815,0.019217435,700.0000
mixtral-dev112,2,sim,idle,2.567954815,2.569528537,0.001573722,84.0000
mixtral-dev112,2,sim,experts,2.569528537,2.589307945,0.019779408,700.0000
mixtral-dev112,2,sim,idle,2.589307945,2.611872624,0.022564679,84.0000
mixtral-dev112,2,sim,idle,2.611872624,2.611872785,0.000000162,84.0000
mixtral-dev112,2,sim,idle,2.611872785,2.611872947,0.000000162,84.0000
mixtral-dev112,2,sim,gate,2.611872947,2.611965545,0.000092598,280.0000
mixtral-dev112,2,sim,idle,2.611965545,2.611968029,0.000002484,84.0000
mixtral-dev112,2,sim,addnorm,2.611968029,2.611970115,0.000002086,140.0000
mixtral-dev112,2,sim,idle,2.611970115,2.611970277,0.000000162,84.0000
mixtral-dev112,2,sim,addnorm,2.611970277,2.612263045,0.000292768,140.0000
mixtral-dev112,2,sim,idle,2.612263045,2.612263207,0.000000162,84.0000
mixtral-dev112,2,sim,attention,2.612263207,2.649187105,0.036923898,700.0000
mixtral-dev112,2,sim,idle,2.649187105,2.649187266,0.000000162,84.0000
mixtral-dev112,2,sim,addnorm,2.649187266,2.649331471,0.000144205,140.0000
mixtral-dev112,2,sim,idle,2.649331471,2.649331633,0.000000162,84.0000
mixtral-dev112,2,sim,addnorm,2.649331633,2.649334173,0.000002540,140.0000
mixtral-dev112,2,sim,idle,2.649334173,2.649334335,0.000000162,84.0000
mixtral-dev112,2,sim,gate,2.649334335,2.649372757,0.000038422,280.0000
mixtral-dev112,2,sim,idle,2.649372757,2.649375241,0.000002484,84.0000
mixtral-dev112,2,sim,idle,2.649375241,2.649375403,0.000000162,84.0000
mixtral-dev112,2,sim,gate,2.649375403,2.649392507,0.000017104,280.0000
mixtral-dev112,2,sim,idle,2.649392507,2.671876175,0.022483668,84.0000
mixtral-dev112,2,sim,experts,2.671876175,2.682717790,0.010841615,700.0000
mixtral-dev112,2,sim,idle,2.682717790,2.688223410,0.005505620,84.0000
mixtral-dev112,2,sim,experts,2.688223410,2.697874943,0.009651533,700.0000
mixtral-dev112,2,sim,idle,2.697874943,2.699448665,0.001573722,84.0000
mixtral-dev112,2,sim,experts,2.699448665,2.712906347,0.013457682,700.0000
mixtral-dev112,2,sim,idle,2.712906347,2.730722996,0.017816649,84.0000
mixtral-dev112,2,sim,idle,2.730722996,2.730723158,0.000000162,84.0000
mixtral-dev112,2,sim,addnorm,2.730723158,2.730867363,0.000144205,140.0000
mixtral-dev112,2,sim,idle,2.730867363,2.730867524,0.000000162,84.0000
mixtral-dev112,2,sim,addnorm,2.730867524,2.730870062,0.000002538,140.0000
mixtral-dev112,2,sim,attention,2.730870062,2.743178028,0.012307966,700.0000
mixtral-dev112,2,sim,idle,2.743178028,2.743178189,0.000000162,84.0000
mixtral-dev112,2,sim,addnorm,2.743178189,2.743322394,0.000144205,140.0000
mixtral-dev112,2,sim,idle,2.743322394,2.743322556,0.000000162,84.0000
mixtral-dev112,2,sim,addnorm,2.743322556,2.743325096,0.000002540,140.0000
mixtral-dev112,2,sim,idle,2.743325096,2.743325258,0.000000162,84.0000
mixtral-dev112,2,sim,gate,2.743325258,2.743363680,0.000038422,280.0000
mixtral-dev112,2,sim,idle,2.743363680,2.743366164,0.000002484,84.0000
mixtral-dev112,2,sim,idle,2.743366164,2.743366326,0.000000162,84.0000
mixtral-dev112,2,sim,gate,2.743366326,2.743383430,0.000017104,280.0000
mixtral-dev112,2,sim,idle,2.743383430,2.758558092,0.015174662,84.0000
mixtral-dev112,2,sim,experts,2.758558092,2.769399707,0.010841615,700.0000
mixtral-dev112,2,sim,idle,2.769399707,2.774905327,0.005505620,84.0000
mixtral-dev112,2,sim,experts,2.774905327,2.784556860,0.009651533,700.0000
mixtral-dev112,2,sim,idle,2.784556860,2.786130582,0.001573722,84.0000
mixtral-dev112,2,sim,experts,2.786130582,2.799588264,0.013457682,700.0000
mixtral-dev112,2,sim,idle,2.799588264,2.827998386,0.028410121,84.0000
mixtral-dev112,2,sim,idle,2.827998386,2.827998547,0.000000162,84.0000
mixtral-dev112,2,sim,addnorm,2.827998547,2.828142752,0.000144205,140.0000
mixtral-dev112,2,sim,idle,2.828142752,2.828142914,0.000000162,84.0000
mixtral-dev112,2,sim,addnorm,2.828142914,2.828145451,0.000002538,140.0000
mixtral-dev112,2,sim,attention,2.828145451,2.840453417,0.012307966,700.0000
mixtral-dev112,2,sim,idle,2.840453417,2.840453579,0.000000162,84.0000
mixtral-dev112,2,sim,addnorm,2.840453579,2.840597784,0.000144205,140.0000
mixtral-dev112,2,sim,idle,2.840597784,2.840597945,0.000000162,84.0000
mixtral-dev112,2,sim,addnorm,2.840597945,2.840600486,0.000002540,140.0000
mixtral-dev112,2,sim,idle,2.840600486,2.840600647,0.000000162,84.0000
mixtral-dev112,2,sim,gate,2.840600647,2.840639070,0.000038422,280.0000
mixtral-dev112,2,sim,idle,2.840639070,2.840641554,0.000002484,84.0000
mixtral-dev112,2,sim,idle,2.840641554,2.840641716,0.000000162,84.0000
mixtral-dev112,2,sim,gate,2.840641716,2.840658820,0.000017104,280.0000
mixtral-dev112,2,sim,idle,2.840658820,2.862872269,0.022213450,84.0000
mixtral-dev112,2,sim,experts,2.862872269,2.873713885,0.010841615,700.0000
mixtral-dev112,2,sim,idle,2.873713885,2.879219504,0.005505620,84.0000
mixtral-dev112,2,sim,experts,2.879219504,2.888871037,0.009651533,700.0000
mixtral-dev112,2,sim,idle,2.888871037,2.890444759,0.001573722,84.0000
mixtral-dev112,2,sim,experts,2.890444759,2.903902442,0.013457682,700.0000
mixtral-dev112,2,sim,idle,2.903902442,2.926043204,0.022140763,84.0000
mixtral-dev112,2,sim,idle,2.926043204,2.926043366,0.000000162,84.0000
mixtral-dev112,2,sim,addnorm,2.926043366,2.926187571,0.000144205,140.0000
mixtral-dev112,2,sim,idle,2.926187571,2.926187732,0.000000162,84.0000
mixtral-dev112,2,sim,addnorm,2.926187732,2.926190270,0.000002538,140.0000
mixtral-dev112,2,sim,idle,2.926190270,3.216049655,0.289859385,84.0000
mixtral-dev112,2,sim,addnorm,3.216049655,3.216051744,0.000002089,140.0000
mixtral-dev112,2,sim,idle,3.216051744,3.216051906,0.000000162,84.0000
mixtral-dev112,2,sim,addnorm,3.216051906,3.216344674,0.000292768,140.0000
mixtral-dev112,2,sim,idle,3.216344674,3.216344835,0.000000162,84.0000
mixtral-dev112,2,sim,idle,3.216344835,3.216344997,0.000000162,84.0000
mixtral-dev112,2,sim,gate,3.216344997,3.216348315,0.000003318,280.0000
mixtral-dev112,2,sim,idle,3.216348315,3.232872922,0.016524607,84.0000
mixtral-dev112,2,sim,gate,3.232872922,3.233051968,0.000179046,280.0000
mixtral-dev112,2,sim,idle,3.233051968,3.233052130,0.000000162,84.0000
mixtral-dev112,2,sim,experts,3.233052130,3.252269565,0.019217435,700.0000
mixtral-dev112,2,sim,idle,3.252269565,3.253900552,0.001630987,84.0000
mixtral-dev112,2,sim,experts,3.253900552,3.273679959,0.019779408,700.0000
mixtral-dev112,2,sim,idle,3.273679959,3.293162775,0.019482816,84.0000
mixtral-dev112,2,sim,idle,3.293162775,3.293162937,0.000000162,84.0000
mixtral-dev112,2,sim,idle,3.293162937,3.293163098,0.000000162,84.0000
mixtral-dev112,2,sim,gate,3.293163098,3.293255697,0.000092598,280.0000
mixtral-dev112,2,sim,idle,3.293255697,3.293258181,0.000002484,84.0000
mixtral-dev112,2,sim,addnorm,3.293258181,3.293260267,0.000002086,140.0000
mixtral-dev112,2,sim,idle,3.293260267,3.293260428,0.000000162,84.0000
mixtral-dev112,2,sim,addnorm,3.293260428,3.293553196,0.000292768,140.0000
mixtral-dev112,2,sim,idle,3.293553196,3.293553358,0.000000162,84.0000
mixtral-dev112,2,sim,attention,3.293553358,3.318169290,0.024615932,700.0000
mixtral-dev112,2,sim,idle,3.318169290,3.407885108,0.089715818,84.0000
mixtral-dev112,2,sim,addnorm,3.407885108,3.407887196,0.000002089,140.0000
mixtral-dev112,2,sim,idle,3.407887196,3.407887358,0.000000162,84.0000
mixtral-dev112,2,sim,addnorm,3.407887358,3.408180126,0.000292768,140.0000
mixtral-dev112,2,sim,idle,3.408180126,3.408180288,0.000000162,84.0000
mixtral-dev112,2,sim,idle,3.408180288,3.408180449,0.000000162,84.0000
mixtral-dev112,2,sim,gate,3.408180449,3.408183768,0.000003318,280.0000
mixtral-dev112,2,sim,idle,3.408183768,3.423780158,0.015596391,84.0000
mixtral-dev112,2,sim,gate,3.423780158,3.423959205,0.000179046,280.0000
mixtral-dev112,2,sim,idle,3.423959205,3.423959366,0.000000162,84.0000
mixtral-dev112,2,sim,experts,3.423959366,3.443176801,0.019217435,700.0000
mixtral-dev112,2,sim,idle,3.443176801,3.444750523,0.001573722,84.0000
mixtral-dev112,2,sim,experts,3.444750523,3.464529931,0.019779408,700.0000
mixtral-dev112,2,sim,idle,3.464529931,3.485880872,0.021350941,84.0000
mixtral-dev112,2,sim,idle,3.485880872,3.485881034,0.000000162,84.0000
mixtral-dev112,2,sim,idle,3.485881034,3.485881195,0.000000162,84.0000
mixtral-dev112,2,sim,gate,3.485881195,3.485973794,0.000092598,280.0000
mixtral-dev112,2,sim,idle,3.485973794,3.485976278,0.000002484,84.0000
mixtral-dev112,2,sim,addnorm,3.485976278,3.485978364,0.000002086,140.0000
mixtral-dev112,2,sim,idle,3.485978364,3.485978525,0.000000162,84.0000
mixtral-dev112,2,sim,addnorm,3.485978525,3.486271293,0.000292768,140.0000
mixtral-dev112,2,sim,idle,3.486271293,3.486271455,0.000000162,84.0000
mixtral-dev112,2,sim,attention,3.486271455,3.510887387,0.024615932,700.0000
mixtral-dev112,2,sim,idle,3.510887387,3.579882290,0.068994903,84.0000
mixtral-dev112,2,sim,addnorm,3.579882290,3.579884378,0.000002089,140.0000
mixtral-dev112,2,sim,idle,3.579884378,3.579884540,0.000000162,84.0000
mixtral-dev112,2,sim,addnorm,3.579884540,3.580177308,0.000292768,140.0000
mixtral-dev112,2,sim,idle,3.580177308,3.580177469,0.000000162,84.0000
mixtral-dev112,2,sim,idle,3.580177469,3.580177633,0.000000163,84.0000
mixtral-dev112,2,sim,gate,3.580177633,3.580180951,0.000003318,280.0000
mixtral-dev112,2,sim,idle,3.580180951,3.602106896,0.021925945,84.0000
mixtral-dev112,2,sim,gate,3.602106896,3.602285942,0.000179046,280.0000
mixtral-dev112,2,sim,idle,3.602285942,3.602286104,0.000000162,84.0000
mixtral-dev112,2,sim,experts,3.602286104,3.621503538,0.019217435,700.0000
mixtral-dev112,2,sim,idle,3.621503538,3.623077260,0.001573722,84.0000
mixtral-dev112,2,sim,experts,3.623077260,3.642856668,0.019779408,700.0000
mixtral-dev112,2,sim,idle,3.642856668,3.667871146,0.025014478,84.0000
mixtral-dev112,2,sim,idle,3.667871146,3.667871308,0.000000162,84.0000
mixtral-dev112,2,sim,idle,3.667871308,3.667871469,0.000000162,84.0000
mixtral-dev112,2,sim,gate,3.667871469,3.667964068,0.000092598,280.0000
mixtral-dev112,2,sim,idle,3.667964068,3.667966552,0.000002484,84.0000
mixtral-dev112,2,sim,addnorm,3.667966552,3.667968638,0.000002086,140.0000
mixtral-dev112,2,sim,idle,3.667968638,3.667968799,0.000000162,84.0000
mixtral-dev112,2,sim,addnorm,3.667968799,3.668261567,0.000292768,140.0000
mixtral-dev112,2,sim,idle,3.668261567,3.668261729,0.000000162,84.0000
mixtral-dev112,2,sim,attention,3.668261729,3.692877661,0.024615932,700.0000
mixtral-dev112,2,sim,idle,3.692877661,3.909740093,0.216862432,84.0000
mixtral-dev112,3,sim,idle,3.909740093,4.004380444,0.094640352,84.0000
mixtral-dev112,3,sim,attention,4.004380444,4.016688410,0.012307966,700.0000
mixtral-dev112,3,sim,idle,4.016688410,4.016688572,0.000000162,84.0000
mixtral-dev112,3,sim,addnorm,4.016688572,4.016832777,0.000144205,140.0000
mixtral-dev112,3,sim,idle,4.016832777,4.016832938,0.000000162,84.0000
mixtral-dev112,3,sim,addnorm,4.016832938,4.016835479,0.000002540,140.0000
mixtral-dev112,3,sim,idle,4.016835479,4.016835640,0.000000162,84.0000
mixtral-dev112,3,sim,gate,4.016835640,4.016874063,0.000038422,280.0000
mixtral-dev112,3,sim,idle,4.016874063,4.016876547,0.000002484,84.0000
mixtral-dev112,3,sim,idle,4.016876547,4.016876709,0.000000162,84.0000
mixtral-dev112,3,sim,gate,4.016876709,4.016893813,0.000017104,280.0000
mixtral-dev112,3,sim,idle,4.016893813,4.033741742,0.016847930,84.0000
mixtral-dev112,3,sim,experts,4.033741742,4.044583358,0.010841615,700.0000
mixtral-dev112,3,sim,idle,4.044583358,4.050088978,0.005505620,84.0000
mixtral-dev112,3,sim,experts,4.050088978,4.059740510,0.009651533,700.0000
mixtral-dev112,3,sim,idle,4.059740510,4.061314232,0.001573722,84.0000
mixtral-dev112,3,sim,experts,4.061314232,4.074771915,0.013457682,700.0000
mixtral-dev112,3,sim,idle,4.074771915,4.096819222,0.022047307,84.0000
mixtral-dev112,3,sim,idle,4.096819222,4.096819384,0.000000162,84.0000
mixtral-dev112,3,sim,addnorm,4.096819384,4.096963588,0.000144205,140.0000
mixtral-dev112,3,sim,idle,4.096963588,4.096963750,0.000000162,84.0000
mixtral-dev112,3,sim,addnorm,4.096963750,4.096966288,0.000002538,140.0000
mixtral-dev112,3,sim,idle,4.096966288,4.488316220,0.391349932,84.0000
mixtral-dev112,3,sim,addnorm,4.488316220,4.488318309,0.000002089,140.0000
mixtral-dev112,3,sim,idle,4.488318309,4.488318470,0.000000162,84.0000
mixtral-dev112,3,sim,addnorm,4.488318470,4.488611238,0.000292768,140.0000
mixtral-dev112,3,sim,idle,4.488611238,4.488611401,0.000000162,84.0000
mixtral-dev112,3,sim,idle,4.488611401,4.488611566,0.000000165,84.0000
mixtral-dev112,3,sim,gate,4.488611566,4.488614884,0.000003318,280.0000
mixtral-dev112,3,sim,idle,4.488614884,4.503428218,0.014813334,84.0000
mixtral-dev112,3,sim,gate,4.503428218,4.503607265,0.000179046,280.0000
mixtral-dev112,3,sim,idle,4.503607265,4.503607426,0.000000162,84.0000
mixtral-dev112,3,sim,experts,4.503607426,4.522824861,0.019217435,700.0000
mixtral-dev112,3,sim,idle,4.522824861,4.524398583,0.001573722,84.0000
mixtral-dev112,3,sim,experts,4.524398583,4.544177991,0.019779408,700.0000
mixtral-dev112,3,sim,idle,4.544177991,4.566742670,0.022564679,84.0000
mixtral-dev112,3,sim,idle,4.566742670,4.566742832,0.000000162,84.0000
mixtral-dev112,3,sim,idle,4.566742832,4.566742993,0.000000162,84.0000
mixtral-dev112,3,sim,gate,4.566742993,4.566835592,0.000092598,280.0000
mixtral-dev112,3,sim,idle,4.566835592,4.566838076,0.000002484,84.0000
mixtral-dev112,3,sim,addnorm,4.566838076,4.566840162,0.000002086,140.0000
mixtral-dev112,3,sim,idle,4.566840162,4.566840323,0.000000162,84.0000
mixtral-dev112,3,sim,addnorm,4.566840323,4.567133091,0.000292768,140.0000
mixtral-dev112,3,sim,idle,4.567133091,4.567133253,0.000000162,84.0000
mixtral-dev112,3,sim,attention,4.567133253,4.604057151,0.036923898,700.0000
mixtral-dev112,3,sim,idle,4.604057151,4.604057312,0.000000162,84.0000
mixtral-dev112,3,sim,addnorm,4.604057312,4.604201517,0.000144205,140.0000
mixtral-dev112,3,sim,idle,4.604201517,4.604201679,0.000000162,84.0000
mixtral-dev112,3,sim,addnorm,4.604201679,4.604204219,0.000002540,140.0000
mixtral-dev112,3,sim,idle,4.604204219,4.604204381,0.000000162,84.0000
mixtral-dev112,3,sim,gate,4.604204381,4.604242803,0.000038422,280.0000
mixtral-dev112,3,sim,idle,4.604242803,4.604245287,0.000002484,84.0000
mixtral-dev112,3,sim,idle,4.604245287,4.604245449,0.000000162,84.0000
mixtral-dev112,3,sim,gate,4.604245449,4.604262553,0.000017104,280.0000
mixtral-dev112,3,sim,idle,4.604262553,4.626746221,0.022483668,84.0000
mixtral-dev112,3,sim,experts,4.626746221,4.637587836,0.010841615,700.0000
mixtral-dev112,3,sim,idle,4.637587836,4.643093456,0.005505620,84.0000
mixtral-dev112,3,sim,experts,4.643093456,4.652744989,0.009651533,700.0000
mixtral-dev112,3,sim,idle,4.652744989,4.654318711,0.001573722,84.0000
mixtral-dev112,3,sim,experts,4.654318711,4.667776394,0.013457682,700.0000
mixtral-dev112,3,sim,idle,4.667776394,4.685593043,0.017816649,84.0000
mixtral-dev112,3,sim,idle,4.685593043,4.685593204,0.000000162,84.0000
mixtral-dev112,3,sim,addnorm,4.685593204,4.685737409,0.000144205,140.0000
mixtral-dev112,3,sim,idle,4.685737409,4.685737571,0.000000162,84.0000
mixtral-dev112,3,sim,addnorm,4.685737571,4.685740108,0.000002538,140.0000
mixtral-dev112,3,sim,attention,4.685740108,4.698048074,0.012307966,700.0000
mixtral-dev112,3,sim,idle,4.698048074,4.698048236,0.000000162,84.0000
mixtral-dev112,3,sim,addnorm,4.698048236,4.698192440,0.000144205,140.0000
mixtral-dev112,3,sim,idle,4.698192440,4.698192602,0.000000162,84.0000
mixtral-dev112,3,sim,addnorm,4.698192602,4.698195143,0.000002540,140.0000
mixtral-dev112,3,sim,idle,4.698195143,4.698195304,0.000000162,84.0000
mixtral-dev112,3,sim,gate,4.698195304,4.698233727,0.000038422,280.0000
mixtral-dev112,3,sim,idle,4.698233727,4.698236211,0.000002484,84.0000
mixtral-dev112,3,sim,idle,4.698236211,4.698236372,0.000000162,84.0000
mixtral-dev112,3,sim,gate,4.698236372,4.698253476,0.000017104,280.0000
mixtral-dev112,3,sim,idle,4.698253476,4.713428138,0.015174662,84.0000
mixtral-dev112,3,sim,experts,4.713428138,4.724269754,0.010841615,700.0000
mixtral-dev112,3,sim,idle,4.724269754,4.729775373,0.005505620,84.0000
mixtral-dev112,3,sim,experts,4.729775373,4.739426906,0.009651533,700.0000
mixtral-dev112,3,sim,idle,4.739426906,4.741000628,0.001573722,84.0000
mixtral-dev112,3,sim,experts,4.741000628,4.754458311,0.013457682,700.0000
mixtral-dev112,3,sim,idle,4.754458311,4.782868432,0.028410121,84.0000
mixtral-dev112,3,sim,idle,4.782868432,4.782868594,0.000000162,84.0000
mixtral-dev112,3,sim,addnorm,4.782868594,4.783012798,0.000144205,140.0000
mixtral-dev112,3,sim,idle,4.783012798,4.783012960,0.000000162,84.0000
mixtral-dev112,3,sim,addnorm,4.783012960,4.783015498,0.000002538,140.0000
mixtral-dev112,3,sim,attention,4.783015498,4.795323464,0.012307966,700.0000
mixtral-dev112,3,sim,idle,4.795323464,4.795323625,0.000000162,84.0000
mixtral-dev112,3,sim,addnorm,4.795323625,4.795467830,0.000144205,140.0000
mixtral-dev112,3,sim,idle,4.795467830,4.795467992,0.000000162,84.0000
mixtral-dev112,3,sim,addnorm,4.795467992,4.795470532,0.000002540,140.0000
mixtral-dev112,3,sim,idle,4.795470532,4.795470694,0.000000162,84.0000
mixtral-dev112,3,sim,gate,4.795470694,4.795509116,0.000038422,280.0000
mixtral-dev112,3,sim,idle,4.795509116,4.795511600,0.000002484,84.0000
mixtral-dev112,3,sim,idle,4.795511600,4.795511762,0.000000162,84.0000
mixtral-dev112,3,sim,gate,4.795511762,4.795528866,0.000017104,280.0000
mixtral-dev112,3,sim,idle,4.795528866,4.817742315,0.022213450,84.0000
mixtral-dev112,3,sim,experts,4.817742315,4.828583931,0.010841615,700.0000
mixtral-dev112,3,sim,idle,4.828583931,4.834089551,0.005505620,84.0000
mixtral-dev112,3,sim,experts,4.834089551,4.843741083,0.009651533,700.0000
mixtral-dev112,3,sim,idle,4.843741083,4.845314806,0.001573722,84.0000
mixtral-dev112,3,sim,experts,4.845314806,4.858772488,0.013457682,700.0000
mixtral-dev112,3,sim,idle,4.858772488,4.880913251,0.022140763,84.0000
mixtral-dev112,3,sim,idle,4.880913251,4.880913412,0.000000162,84.0000
mixtral-dev112,3,sim,addnorm,4.880913412,4.881057617,0.000144205,140.0000
mixtral-dev112,3,sim,idle,4.881057617,4.881057779,0.000000162,84.0000
mixtral-dev112,3,sim,addnorm,4.881057779,4.881060316,0.000002538,140.0000
mixtral-dev112,3,sim,idle,4.881060316,5.170919702,0.289859385,84.0000
mixtral-dev112,3,sim,addnorm,5.170919702,5.170921790,0.000002089,140.0000
mixtral-dev112,3,sim,idle,5.170921790,5.170921952,0.000000162,84.0000
mixtral-dev112,3,sim,addnorm,5.170921952,5.171214720,0.000292768,140.0000
mixtral-dev112,3,sim,idle,5.171214720,5.171214881,0.000000162,84.0000
mixtral-dev112,3,sim,idle,5.171214881,5.171215043,0.000000162,84.0000
mixtral-dev112,3,sim,gate,5.171215043,5.171218361,0.000003318,280.0000
mixtral-dev112,3,sim,idle,5.171218361,5.187742968,0.016524607,84.0000
mixtral-dev112,3,sim,gate,5.187742968,5.187922015,0.000179046,280.0000
mixtral-dev112,3,sim,idle,5.187922015,5.187922176,0.000000162,84.0000
mixtral-dev112,3,sim,experts,5.187922176,5.207139611,0.019217435,700.0000
mixtral-dev112,3,sim,idle,5.207139611,5.208770598,0.001630987,84.0000
mixtral-dev112,3,sim,experts,5.208770598,5.228550006,0.019779408,700.0000
mixtral-dev112,3,sim,idle,5.228550006,5.248032821,0.019482816,84.0000
mixtral-dev112,3,sim,idle,5.248032821,5.248032983,0.000000162,84.0000
mixtral-dev112,3,sim,idle,5.248032983,5.248033144,0.000000162,84.0000
mixtral-dev112,3,sim,gate,5.248033144,5.248125743,0.000092598,280.0000
mixtral-dev112,3,sim,idle,5.248125743,5.248128227,0.000002484,84.0000
mixtral-dev112,3,sim,addnorm,5.248128227,5.248130313,0.000002086,140.0000
mixtral-dev112,3,sim,idle,5.248130313,5.248130475,0.000000162,84.0000
mixtral-dev112,3,sim,addnorm,5.248130475,5.248423243,0.000292768,140.0000
mixtral-dev112,3,sim,idle,5.248423243,5.248423404,0.000000162,84.0000
mixtral-dev112,3,sim,attention,5.248423404,5.273039336,0.024615932,700.0000
mixtral-dev112,3,sim,idle,5.273039336,5.362755154,0.089715818,84.0000
mixtral-dev112,3,sim,addnorm,5.362755154,5.362757243,0.000002089,140.0000
mixtral-dev112,3,sim,idle,5.362757243,5.362757404,0.000000162,84.0000
mixtral-dev112,3,sim,addnorm,5.362757404,5.363050172,0.000292768,140.0000
mixtral-dev112,3,sim,idle,5.363050172,5.363050334,0.000000162,84.0000
mixtral-dev112,3,sim,idle,5.363050334,5.363050496,0.000000162,84.0000
mixtral-dev112,3,sim,gate,5.363050496,5.363053814,0.000003318,280.0000
mixtral-dev112,3,sim,idle,5.363053814,5.378650204,0.015596391,84.0000
mixtral-dev112,3,sim,gate,5.378650204,5.378829251,0.000179046,280.0000
mixtral-dev112,3,sim,idle,5.378829251,5.378829412,0.000000162,84.0000
mixtral-dev112,3,sim,experts,5.378829412,5.398046847,0.019217435,700.0000
mixtral-dev112,3,sim,idle,5.398046847,5.399620569,0.001573722,84.0000
mixtral-dev112,3,sim,experts,5.399620569,5.419399977,0.019779408,700.0000
mixtral-dev112,3,sim,idle,5.419399977,5.440750918,0.021350941,84.0000
mixtral-dev112,3,sim,idle,5.440750918,5.440751080,0.000000162,84.0000
mixtral-dev112,3,sim,idle,5.440751080,5.440751241,0.000000162,84.0000
mixtral-dev112,3,sim,gate,5.440751241,5.440843840,0.000092598,280.0000
mixtral-dev112,3,sim,idle,5.440843840,5.440846324,0.000002484,84.0000
mixtral-dev112,3,sim,addnorm,5.440846324,5.440848410,0.000002086,140.0000
mixtral-dev112,3,sim,idle,5.440848410,5.440848572,0.000000162,84.0000
mixtral-dev112,3,sim,addnorm,5.440848572,5.441141340,0.000292768,140.0000
mixtral-dev112,3,sim,idle,5.441141340,5.441141501,0.000000162,84.0000
mixtral-dev112,3,sim,attention,5.441141501,5.465757433,0.024615932,700.0000
mixtral-dev112,3,sim,idle,5.465757433,5.534752336,0.068994903,84.0000
mixtral-dev112,3,sim,addnorm,5.534752336,5.534754424,0.000002089,140.0000
mixtral-dev112,3,sim,idle,5.534754424,5.534754586,0.000000162,84.0000
mixtral-dev112,3,sim,addnorm,5.534754586,5.535047354,0.000292768,140.0000
mixtral-dev112,3,sim,idle,5.535047354,5.535047516,0.000000162,84.0000
mixtral-dev112,3,sim,idle,5.535047516,5.535047679,0.000000163,84.0000
mixtral-dev112,3,sim,gate,5.535047679,5.535050997,0.000003318,280.0000
mixtral-dev112,3,sim,idle,5.535050997,5.556976942,0.021925945,84.0000
mixtral-dev112,3,sim,gate,5.556976942,5.557155988,0.000179046,280.0000
mixtral-dev112,3,sim,idle,5.557155988,5.557156150,0.000000162,84.0000
mixtral-dev112,3,sim,experts,5.557156150,5.576373584,0.019217435,700.0000
mixtral-dev112,3,sim,idle,5.576373584,5.577947306,0.001573722,84.0000
mixtral-dev112,3,sim,experts,5.577947306,5.597726714,0.019779408,700.0000
mixtral-dev112,3,sim,idle,5.597726714,5.622741192,0.025014478,84.0000
mixtral-dev112,3,sim,idle,5.622741192,5.622741354,0.000000162,84.0000
mixtral-dev112,3,sim,idle,5.622741354,5.622741515,0.000000162,84.0000
mixtral-dev112,3,sim,gate,5.622741515,5.622834114,0.000092598,280.0000
mixtral-dev112,3,sim,idle,5.622834114,5.622836598,0.000002484,84.0000
mixtral-dev112,3,sim,addnorm,5.622836598,5.622838684,0.000002086,140.0000
mixtral-dev112,3,sim,idle,5.622838684,5.622838846,0.000000162,84.0000
mixtral-dev112,3,sim,addnorm,5.622838846,5.623131614,0.000292768,140.0000
mixtral-dev112,3,sim,idle,5.623131614,5.623131775,0.000000162,84.0000
mixtral-dev112,3,sim,attention,5.623131775,5.647747707,0.024615932,700.0000
mixtral-dev112,3,sim,idle,5.647747707,5.864610139,0.216862432,84.0000
mixtral-dev112,4,sim,idle,5.864610139,5.959250491,0.094640352,84.0000
mixtral-dev112,4,sim,attention,5.959250491,5.971558457,0.012307966,700.0000
mixtral-dev112,4,sim,idle,5.971558457,5.971558618,0.000000162,84.0000
mixtral-dev112,4,sim,addnorm,5.971558618,5.971702823,0.000144205,140.0000
mixtral-dev112,4,sim,idle,5.971702823,5.971702985,0.000000162,84.0000
mixtral-dev112,4,sim,addnorm,5.971702985,5.971705525,0.000002540,140.0000
mixtral-dev112,4,sim,idle,5.971705525,5.971705687,0.000000162,84.0000
mixtral-dev112,4,sim,gate,5.971705687,5.971744109,0.000038422,280.0000
mixtral-dev112,4,sim,idle,5.971744109,5.971746593,0.000002484,84.0000
mixtral-dev112,4,sim,idle,5.971746593,5.971746755,0.000000162,84.0000
mixtral-dev112,4,sim,gate,5.971746755,5.971763859,0.000017104,280.0000
mixtral-dev112,4,sim,idle,5.971763859,5.988611789,0.016847930,84.0000
mixtral-dev112,4,sim,experts,5.988611789,5.999453404,0.010841615,700.0000
mixtral-dev112,4,sim,idle,5.999453404,6.004959024,0.005505620,84.0000
mixtral-dev112,4,sim,experts,6.004959024,6.014610557,0.009651533,700.0000
mixtral-dev112,4,sim,idle,6.014610557,6.016184279,0.001573722,84.0000
mixtral-dev112,4,sim,experts,6.016184279,6.029641961,0.013457682,700.0000
mixtral-dev112,4,sim,idle,6.029641961,6.051689268,0.022047307,84.0000
mixtral-dev112,4,sim,idle,6.051689268,6.051689430,0.000000162,84.0000
mixtral-dev112,4,sim,addnorm,6.051689430,6.051833635,0.000144205,140.0000
mixtral-dev112,4,sim,idle,6.051833635,6.051833796,0.000000162,84.0000
mixtral-dev112,4,sim,addnorm,6.051833796,6.051836334,0.000002538,140.0000
mixtral-dev112,4,sim,idle,6.051836334,6.443186266,0.391349932,84.0000
mixtral-dev112,4,sim,addnorm,6.443186266,6.443188355,0.000002089,140.0000
mixtral-dev112,4,sim,idle,6.443188355,6.443188517,0.000000162,84.0000
mixtral-dev112,4,sim,addnorm,6.443188517,6.443481285,0.000292768,140.0000
mixtral-dev112,4,sim,idle,6.443481285,6.443481447,0.000000162,84.0000
mixtral-dev112,4,sim,idle,6.443481447,6.443481612,0.000000165,84.0000
mixtral-dev112,4,sim,gate,6.443481612,6.443484930,0.000003318,280.0000
mixtral-dev112,4,sim,idle,6.443484930,6.458298265,0.014813334,84.0000
mixtral-dev112,4,sim,gate,6.458298265,6.458477311,0.000179046,280.0000
mixtral-dev112,4,sim,idle,6.458477311,6.458477473,0.000000162,84.0000
mixtral-dev112,4,sim,experts,6.458477473,6.477694907,0.019217435,700.0000
mixtral-dev112,4,sim,idle,6.477694907,6.479268629,0.001573722,84.0000
mixtral-dev112,4,sim,experts,6.479268629,6.499048037,0.019779408,700.0000
mixtral-dev112,4,sim,idle,6.499048037,6.521612716,0.022564679,84.0000
mixtral-dev112,4,sim,idle,6.521612716,6.521612878,0.000000162,84.0000
mixtral-dev112,4,sim,idle,6.521612878,6.521613039,0.000000162,84.0000
mixtral-dev112,4,sim,gate,6.521613039,6.521705638,0.000092598,280.0000
mixtral-dev112,4,sim,idle,6.521705638,6.521708122,0.000002484,84.0000
mixtral-dev112,4,sim,addnorm,6.521708122,6.521710208,0.000002086,140.0000
mixtral-dev112,4,sim,idle,6.521710208,6.521710370,0.000000162,84.0000
mixtral-dev112,4,sim,addnorm,6.521710370,6.522003138,0.000292768,140.0000
mixtral-dev112,4,sim,idle,6.522003138,6.522003299,0.000000162,84.0000
mixtral-dev112,4,sim,attention,6.522003299,6.558927197,0.036923898,700.0000
mixtral-dev112,4,sim,idle,6.558927197,6.558927359,0.000000162,84.0000
mixtral-dev112,4,sim,addnorm,6.558927359,6.559071563,0.000144205,140.0000
mixtral-dev112,4,sim,idle,6.559071563,6.559071725,0.000000162,84.0000
mixtral-dev112,4,sim,addnorm,6.559071725,6.559074266,0.000002540,140.0000
mixtral-dev112,4,sim,idle,6.559074266,6.559074427,0.000000162,84.0000
mixtral-dev112,4,sim,gate,6.559074427,6.559112850,0.000038422,280.0000
mixtral-dev112,4,sim,idle,6.559112850,6.559115334,0.000002484,84.0000
mixtral-dev112,4,sim,idle,6.559115334,6.559115495,0.000000162,84.0000
mixtral-dev112,4,sim,gate,6.559115495,6.559132599,0.000017104,280.0000
mixtral-dev112,4,sim,idle,6.559132599,6.581616267,0.022483668,84.0000
mixtral-dev112,4,sim,experts,6.581616267,6.592457883,0.010841615,700.0000
mixtral-dev112,4,sim,idle,6.592457883,6.597963503,0.005505620,84.0000
mixtral-dev112,4,sim,experts,6.597963503,6.607615035,0.009651533,700.0000
mixtral-dev112,4,sim,idle,6.607615035,6.609188757,0.001573722,84.0000
mixtral-dev112,4,sim,experts,6.609188757,6.622646440,0.013457682,700.0000
mixtral-dev112,4,sim,idle,6.622646440,6.640463089,0.017816649,84.0000
mixtral-dev112,4,sim,idle,6.640463089,6.640463250,0.000000162,84.0000
mixtral-dev112,4,sim,addnorm,6.640463250,6.640607455,0.000144205,140.0000
mixtral-dev112,4,sim,idle,6.640607455,6.640607617,0.000000162,84.0000
mixtral-dev112,4,sim,addnorm,6.640607617,6.640610154,0.000002538,140.0000
mixtral-dev112,4,sim,attention,6.640610154,6.652918120,0.012307966,700.0000
mixtral-dev112,4,sim,idle,6.652918120,6.652918282,0.000000162,84.0000
mixtral-dev112,4,sim,addnorm,6.652918282,6.653062487,0.000144205,140.0000
mixtral-dev112,4,sim,idle,6.653062487,6.653062648,0.000000162,84.0000
mixtral-dev112,4,sim,addnorm,6.653062648,6.653065189,0.000002540,140.0000
mixtral-dev112,4,sim,idle,6.653065189,6.653065350,0.000000162,84.0000
mixtral-dev112,4,sim,gate,6.653065350,6.653103773,0.000038422,280.0000
mixtral-dev112,4,sim,idle,6.653103773,6.653106257,0.000002484,84.0000
mixtral-dev112,4,sim,idle,6.653106257,6.653106419,0.000000162,84.0000
mixtral-dev112,4,sim,gate,6.653106419,6.653123523,0.000017104,280.0000
mixtral-dev112,4,sim,idle,6.653123523,6.668298185,0.015174662,84.0000
mixtral-dev112,4,sim,experts,6.668298185,6.679139800,0.010841615,700.0000
mixtral-dev112,4,sim,idle,6.679139800,6.684645420,0.005505620,84.0000
mixtral-dev112,4,sim,experts,6.684645420,6.694296953,0.009651533,700.0000
mixtral-dev112,4,sim,idle,6.694296953,6.695870675,0.001573722,84.0000
mixtral-dev112,4,sim,experts,6.695870675,6.709328357,0.013457682,700.0000
mixtral-dev112,4,sim,idle,6.709328357,6.737738478,0.028410121,84.0000
mixtral-dev112,4,sim,idle,6.737738478,6.737738640,0.000000162,84.0000
mixtral-dev112,4,sim,addnorm,6.737738640,6.737882845,0.000144205,140.0000
mixtral-dev112,4,sim,idle,6.737882845,6.737883006,0.000000162,84.0000
mixtral-dev112,4,sim,addnorm,6.737883006,6.737885544,0.000002538,140.0000
mixtral-dev112,4,sim,attention,6.737885544,6.750193510,0.012307966,700.0000
mixtral-dev112,4,sim,idle,6.750193510,6.750193671,0.000000162,84.0000
mixtral-dev112,4,sim,addnorm,6.750193671,6.750337876,0.000144205,140.0000
mixtral-dev112,4,sim,idle,6.750337876,6.750338038,0.000000162,84.0000
mixtral-dev112,4,sim,addnorm,6.750338038,6.750340578,0.000002540,140.0000
mixtral-dev112,4,sim,idle,6.750340578,6.750340740,0.000000162,84.0000
mixtral-dev112,4,sim,gate,6.750340740,6.750379162,0.000038422,280.0000
mixtral-dev112,4,sim,idle,6.750379162,6.750381646,0.000002484,84.0000
mixtral-dev112,4,sim,idle,6.750381646,6.750381808,0.000000162,84.0000
mixtral-dev112,4,sim,gate,6.750381808,6.750398912,0.000017104,280.0000
mixtral-dev112,4,sim,idle,6.750398912,6.772612362,0.022213450,84.0000
mixtral-dev112,4,sim,experts,6.772612362,6.783453977,0.010841615,700.0000
mixtral-dev112,4,sim,idle,6.783453977,6.788959597,0.005505620,84.0000
mixtral-dev112,4,sim,experts,6.788959597,6.798611130,0.009651533,700.0000
mixtral-dev112,4,sim,idle,6.798611130,6.800184852,0.001573722,84.0000
mixtral-dev112,4,sim,experts,6.800184852,6.813642534,0.013457682,700.0000
mixtral-dev112,4,sim,idle,6.813642534,6.835783297,0.022140763,84.0000
mixtral-dev112,4,sim,idle,6.835783297,6.835783459,0.000000162,84.0000
mixtral-dev112,4,sim,addnorm,6.835783459,6.835927663,0.000144205,140.0000
mixtral-dev112,4,sim,idle,6.835927663,6.835927825,0.000000162,84.0000
mixtral-dev112,4,sim,addnorm,6.835927825,6.835930363,0.000002538,140.0000
mixtral-dev112,4,sim,idle,6.835930363,7.125789748,0.289859385,84.0000
mixtral-dev112,4,sim,addnorm,7.125789748,7.125791836,0.000002089,140.0000
mixtral-dev112,4,sim,idle,7.125791836,7.125791998,0.000000162,84.0000
mixtral-dev112,4,sim,addnorm,7.125791998,7.126084766,0.000292768,140.0000
mixtral-dev112,4,sim,idle,7.126084766,7.126084928,0.000000162,84.0000
mixtral-dev112,4,sim,idle,7.126084928,7.126085089,0.000000162,84.0000
mixtral-dev112,4,sim,gate,7.126085089,7.126088408,0.000003318,280.0000
mixtral-dev112,4,sim,idle,7.126088408,7.142613015,0.016524607,84.0000
mixtral-dev112,4,sim,gate,7.142613015,7.142792061,0.000179046,280.0000
mixtral-dev112,4,sim,idle,7.142792061,7.142792223,0.000000162,84.0000
mixtral-dev112,4,sim,experts,7.142792223,7.162009657,0.019217435,700.0000
mixtral-dev112,4,sim,idle,7.162009657,7.163640644,0.001630987,84.0000
mixtral-dev112,4,sim,experts,7.163640644,7.183420052,0.019779408,700.0000
mixtral-dev112,4,sim,idle,7.183420052,7.202902868,0.019482816,84.0000
mixtral-dev112,4,sim,idle,7.202902868,7.202903029,0.000000162,84.0000
mixtral-dev112,4,sim,idle,7.202903029,7.202903191,0.000000162,84.0000
mixtral-dev112,4,sim,gate,7.202903191,7.202995789,0.000092598,280.0000
mixtral-dev112,4,sim,idle,7.202995789,7.202998273,0.000002484,84.0000
mixtral-dev112,4,sim,addnorm,7.202998273,7.203000359,0.000002086,140.0000
mixtral-dev112,4,sim,idle,7.203000359,7.203000521,0.000000162,84.0000
mixtral-dev112,4,sim,addnorm,7.203000521,7.203293289,0.000292768,140.0000
mixtral-dev112,4,sim,idle,7.203293289,7.203293451,0.000000162,84.0000
mixtral-dev112,4,sim,attention,7.203293451,7.227909382,0.024615932,700.0000
mixtral-dev112,4,sim,idle,7.227909382,7.317625200,0.089715818,84.0000
mixtral-dev112,4,sim,addnorm,7.317625200,7.317627289,0.000002089,140.0000
mixtral-dev112,4,sim,idle,7.317627289,7.317627451,0.000000162,84.0000
mixtral-dev112,4,sim,addnorm,7.317627451,7.317920219,0.000292768,140.0000
mixtral-dev112,4,sim,idle,7.317920219,7.317920380,0.000000162,84.0000
mixtral-dev112,4,sim,idle,7.317920380,7.317920542,0.000000162,84.0000
mixtral-dev112,4,sim,gate,7.317920542,7.317923860,0.000003318,280.0000
mixtral-dev112,4,sim,idle,7.317923860,7.333520251,0.015596391,84.0000
mixtral-dev112,4,sim,gate,7.333520251,7.333699297,0.000179046,280.0000
mixtral-dev112,4,sim,idle,7.333699297,7.333699459,0.000000162,84.0000
mixtral-dev112,4,sim,experts,7.333699459,7.352916893,0.019217435,700.0000
mixtral-dev112,4,sim,idle,7.352916893,7.354490615,0.001573722,84.0000
mixtral-dev112,4,sim,experts,7.354490615,7.374270023,0.019779408,700.0000
mixtral-dev112,4,sim,idle,7.374270023,7.395620965,0.021350941,84.0000
mixtral-dev112,4,sim,idle,7.395620965,7.395621126,0.000000162,84.0000
mixtral-dev112,4,sim,idle,7.395621126,7.395621288,0.000000162,84.0000
mixtral-dev112,4,sim,gate,7.395621288,7.395713886,0.000092598,280.0000
mixtral-dev112,4,sim,idle,7.395713886,7.395716370,0.000002484,84.0000
mixtral-dev112,4,sim,addnorm,7.395716370,7.395718456,0.000002086,140.0000
mixtral-dev112,4,sim,idle,7.395718456,7.395718618,0.000000162,84.0000
mixtral-dev112,4,sim,addnorm,7.395718618,7.396011386,0.000292768,140.0000
mixtral-dev112,4,sim,idle,7.396011386,7.396011548,0.000000162,84.0000
mixtral-dev112,4,sim,attention,7.396011548,7.420627479,0.024615932,700.0000
mixtral-dev112,4,sim,idle,7.420627479,7.489622382,0.068994903,84.0000
mixtral-dev112,4,sim,addnorm,7.489622382,7.489624471,0.000002089,140.0000
mixtral-dev112,4,sim,idle,7.489624471,7.489624632,0.000000162,84.0000
mixtral-dev112,4,sim,addnorm,7.489624632,7.489917400,0.000292768,140.0000
mixtral-dev112,4,sim,idle,7.489917400,7.489917562,0.000000162,84.0000
mixtral-dev112,4,sim,idle,7.489917562,7.489917725,0.000000163,84.0000
mixtral-dev112,4,sim,gate,7.489917725,7.489921044,0.000003318,280.0000
mixtral-dev112,4,sim,idle,7.489921044,7.511846988,0.021925945,84.0000
mixtral-dev112,4,sim,gate,7.511846988,7.512026034,0.000179046,280.0000
mixtral-dev112,4,sim,idle,7.512026034,7.512026196,0.000000162,84.0000
mixtral-dev112,4,sim,experts,7.512026196,7.531243631,0.019217435,700.0000
mixtral-dev112,4,sim,idle,7.531243631,7.532817353,0.001573722,84.0000
mixtral-dev112,4,sim,experts,7.532817353,7.552596761,0.019779408,700.0000
mixtral-dev112,4,sim,idle,7.552596761,7.577611238,0.025014478,84.0000
mixtral-dev112,4,sim,idle,7.577611238,7.577611400,0.000000162,84.0000
mixtral-dev112,4,sim,idle,7.577611400,7.577611562,0.000000162,84.0000
mixtral-dev112,4,sim,gate,7.577611562,7.577704160,0.000092598,280.0000
mixtral-dev112,4,sim,idle,7.577704160,7.577706644,0.000002484,84.0000
mixtral-dev112,4,sim,addnorm,7.577706644,7.577708730,0.000002086,140.0000
mixtral-dev112,4,sim,idle,7.577708730,7.577708892,0.000000162,84.0000
mixtral-dev112,4,sim,addnorm,7.577708892,7.578001660,0.000292768,140.0000
mixtral-dev112,4,sim,idle,7.578001660,7.578001822,0.000000162,84.0000
mixtral-dev112,4,sim,attention,7.578001822,7.602617753,0.024615932,700.0000
mixtral-dev112,4,sim,idle,7.602617753,7.819480185,0.216862432,84.0000
mixtral-dev112,5,sim,idle,7.819480185,7.914120537,0.094640352,84.0000
mixtral-dev112,5,sim,attention,7.914120537,7.926428503,0.012307966,700.0000
mixtral-dev112,5,sim,idle,7.926428503,7.926428664,0.000000162,84.0000
mixtral-dev112,5,sim,addnorm,7.926428664,7.926572869,0.000144205,140.0000
mixtral-dev112,5,sim,idle,7.926572869,7.926573031,0.000000162,84.0000
mixtral-dev112,5,sim,addnorm,7.926573031,7.926575571,0.000002540,140.0000
mixtral-dev112,5,sim,idle,7.926575571,7.926575733,0.000000162,84.0000
mixtral-dev112,5,sim,gate,7.926575733,7.926614155,0.000038422,280.0000
mixtral-dev112,5,sim,idle,7.926614155,7.926616639,0.000002484,84.0000
mixtral-dev112,5,sim,idle,7.926616639,7.926616801,0.000000162,84.0000
mixtral-dev112,5,sim,gate,7.926616801,7.926633905,0.000017104,280.0000
mixtral-dev112,5,sim,idle,7.926633905,7.943481835,0.016847930,84.0000
mixtral-dev112,5,sim,experts,7.943481835,7.954323450,0.010841615,700.0000
mixtral-dev112,5,sim,idle,7.954323450,7.959829070,0.005505620,84.0000
mixtral-dev112,5,sim,experts,7.959829070,7.969480603,0.009651533,700.0000
mixtral-dev112,5,sim,idle,7.969480603,7.971054325,0.001573722,84.0000
mixtral-dev112,5,sim,experts,7.971054325,7.984512007,0.013457682,700.0000
mixtral-dev112,5,sim,idle,7.984512007,8.006559315,0.022047307,84.0000
mixtral-dev112,5,sim,idle,8.006559315,8.006559476,0.000000162,84.0000
mixtral-dev112,5,sim,addnorm,8.006559476,8.006703681,0.000144205,140.0000
mixtral-dev112,5,sim,idle,8.006703681,8.006703843,0.000000162,84.0000
mixtral-dev112,5,sim,addnorm,8.006703843,8.006706380,0.000002538,140.0000
mixtral-dev112,5,sim,idle,8.006706380,8.398056313,0.391349932,84.0000
mixtral-dev112,5,sim,addnorm,8.398056313,8.398058401,0.000002089,140.0000
mixtral-dev112,5,sim,idle,8.398058401,8.398058563,0.000000162,84.0000
mixtral-dev112,5,sim,addnorm,8.398058563,8.398351331,0.000292768,140.0000
mixtral-dev112,5,sim,idle,8.398351331,8.398351493,0.000000162,84.0000
mixtral-dev112,5,sim,idle,8.398351493,8.398351658,0.000000165,84.0000
mixtral-dev112,5,sim,gate,8.398351658,8.398354977,0.000003318,280.0000
mixtral-dev112,5,sim,idle,8.398354977,8.413168311,0.014813334,84.0000
mixtral-dev112,5,sim,gate,8.413168311,8.413347357,0.000179046,280.0000
mixtral-dev112,5,sim,idle,8.413347357,8.413347519,0.000000162,84.0000
mixtral-dev112,5,sim,experts,8.413347519,8.432564954,0.019217435,700.0000
mixtral-dev112,5,sim,idle,8.432564954,8.434138676,0.001573722,84.0000
mixtral-dev112,5,sim,experts,8.434138676,8.453918083,0.019779408,700.0000
mixtral-dev112,5,sim,idle,8.453918083,8.476482762,0.022564679,84.0000
mixtral-dev112,5,sim,idle,8.476482762,8.476482924,0.000000162,84.0000
mixtral-dev112,5,sim,idle,8.476482924,8.476483086,0.000000162,84.0000
mixtral-dev112,5,sim,gate,8.476483086,8.476575684,0.000092598,280.0000
mixtral-dev112,5,sim,idle,8.476575684,8.476578168,0.000002484,84.0000
mixtral-dev112,5,sim,addnorm,8.476578168,8.476580254,0.000002086,140.0000
mixtral-dev112,5,sim,idle,8.476580254,8.476580416,0.000000162,84.0000
mixtral-dev112,5,sim,addnorm,8.476580416,8.476873184,0.000292768,140.0000
mixtral-dev112,5,sim,idle,8.476873184,8.476873345,0.000000162,84.0000
mixtral-dev112,5,sim,attention,8.476873345,8.513797243,0.036923898,700.0000
mixtral-dev112,5,sim,idle,8.513797243,8.513797405,0.000000162,84.0000
mixtral-dev112,5,sim,addnorm,8.513797405,8.513941610,0.000144205,140.0000
mixtral-dev112,5,sim,idle,8.513941610,8.513941771,0.000000162,84.0000
mixtral-dev112,5,sim,addnorm,8.513941771,8.513944312,0.000002540,140.0000
mixtral-dev112,5,sim,idle,8.513944312,8.513944473,0.000000162,84.0000
mixtral-dev112,5,sim,gate,8.513944473,8.513982896,0.000038422,280.0000
mixtral-dev112,5,sim,idle,8.513982896,8.513985380,0.000002484,84.0000
mixtral-dev112,5,sim,idle,8.513985380,8.513985542,0.000000162,84.0000
mixtral-dev112,5,sim,gate,8.513985542,8.514002646,0.000017104,280.0000
mixtral-dev112,5,sim,idle,8.514002646,8.536486314,0.022483668,84.0000
mixtral-dev112,5,sim,experts,8.536486314,8.547327929,0.010841615,700.0000
mixtral-dev112,5,sim,idle,8.547327929,8.552833549,0.005505620,84.0000
mixtral-dev112,5,sim,experts,8.552833549,8.562485082,0.009651533,700.0000
mixtral-dev112,5,sim,idle,8.562485082,8.564058804,0.001573722,84.0000
mixtral-dev112,5,sim,experts,8.564058804,8.577516486,0.013457682,700.0000
mixtral-dev112,5,sim,idle,8.577516486,8.595333135,0.017816649,84.0000
mixtral-dev112,5,sim,idle,8.595333135,8.595333297,0.000000162,84.0000
mixtral-dev112,5,sim,addnorm,8.595333297,8.595477501,0.000144205,140.0000
mixtral-dev112,5,sim,idle,8.595477501,8.595477663,0.000000162,84.0000
mixtral-dev112,5,sim,addnorm,8.595477663,8.595480201,0.000002538,140.0000
mixtral-dev112,5,sim,attention,8.595480201,8.607788167,0.012307966,700.0000
mixtral-dev112,5,sim,idle,8.607788167,8.607788328,0.000000162,84.0000
mixtral-dev112,5,sim,addnorm,8.607788328,8.607932533,0.000144205,140.0000
mixtral-dev112,5,sim,idle,8.607932533,8.607932695,0.000000162,84.0000
mixtral-dev112,5,sim,addnorm,8.607932695,8.607935235,0.000002540,140.0000
mixtral-dev112,5,sim,idle,8.607935235,8.607935397,0.000000162,84.0000
mixtral-dev112,5,sim,gate,8.607935397,8.607973819,0.000038422,280.0000
mixtral-dev112,5,sim,idle,8.607973819,8.607976303,0.000002484,84.0000
mixtral-dev112,5,sim,idle,8.607976303,8.607976465,0.000000162,84.0000
mixtral-dev112,5,sim,gate,8.607976465,8.607993569,0.000017104,280.0000
mixtral-dev112,5,sim,idle,8.607993569,8.623168231,0.015174662,84.0000
mixtral-dev112,5,sim,experts,8.623168231,8.634009846,0.010841615,700.0000
mixtral-dev112,5,sim,idle,8.634009846,8.639515466,0.005505620,84.0000
mixtral-dev112,5,sim,experts,8.639515466,8.649166999,0.009651533,700.0000
mixtral-dev112,5,sim,idle,8.649166999,8.650740721,0.001573722,84.0000
mixtral-dev112,5,sim,experts,8.650740721,8.664198403,0.013457682,700.0000
mixtral-dev112,5,sim,idle,8.664198403,8.692608525,0.028410121,84.0000
mixtral-dev112,5,sim,idle,8.692608525,8.692608686,0.000000162,84.0000
mixtral-dev112,5,sim,addnorm,8.692608686,8.692752891,0.000144205,140.0000
mixtral-dev112,5,sim,idle,8.692752891,8.692753053,0.000000162,84.0000
mixtral-dev112,5,sim,addnorm,8.692753053,8.692755590,0.000002538,140.0000
mixtral-dev112,5,sim,attention,8.692755590,8.705063556,0.012307966,700.0000
mixtral-dev112,5,sim,idle,8.705063556,8.705063718,0.000000162,84.0000
mixtral-dev112,5,sim,addnorm,8.705063718,8.705207923,0.000144205,140.0000
mixtral-dev112,5,sim,idle,8.705207923,8.705208084,0.000000162,84.0000
mixtral-dev112,5,sim,addnorm,8.705208084,8.705210625,0.000002540,140.0000
mixtral-dev112,5,sim,idle,8.705210625,8.705210786,0.000000162,84.0000
mixtral-dev112,5,sim,gate,8.705210786,8.705249209,0.000038422,280.0000
mixtral-dev112,5,sim,idle,8.705249209,8.705251693,0.000002484,84.0000
mixtral-dev112,5,sim,idle,8.705251693,8.705251854,0.000000162,84.0000
mixtral-dev112,5,sim,gate,8.705251854,8.705268958,0.000017104,280.0000
mixtral-dev112,5,sim,idle,8.705268958,8.727482408,0.022213450,84.0000
mixtral-dev112,5,sim,experts,8.727482408,8.738324023,0.010841615,700.0000
mixtral-dev112,5,sim,idle,8.738324023,8.743829643,0.005505620,84.0000
mixtral-dev112,5,sim,experts,8.743829643,8.753481176,0.009651533,700.0000
mixtral-dev112,5,sim,idle,8.753481176,8.755054898,0.001573722,84.0000
mixtral-dev112,5,sim,experts,8.755054898,8.768512581,0.013457682,700.0000
mixtral-dev112,5,sim,idle,8.768512581,8.790653343,0.022140763,84.0000
mixtral-dev112,5,sim,idle,8.790653343,8.790653505,0.000000162,84.0000
mixtral-dev112,5,sim,addnorm,8.790653505,8.790797710,0.000144205,140.0000
mixtral-dev112,5,sim,idle,8.790797710,8.790797871,0.000000162,84.0000
mixtral-dev112,5,sim,addnorm,8.790797871,8.790800409,0.000002538,140.0000
mixtral-dev112,5,sim,idle,8.790800409,9.080659794,0.289859385,84.0000
mixtral-dev112,5,sim,addnorm,9.080659794,9.080661883,0.000002089,140.0000
mixtral-dev112,5,sim,idle,9.080661883,9.080662044,0.000000162,84.0000
mixtral-dev112,5,sim,addnorm,9.080662044,9.080954812,0.000292768,140.0000
mixtral-dev112,5,sim,idle,9.080954812,9.080954974,0.000000162,84.0000
mixtral-dev112,5,sim,idle,9.080954974,9.080955136,0.000000162,84.0000
mixtral-dev112,5,sim,gate,9.080955136,9.080958454,0.000003318,280.0000
mixtral-dev112,5,sim,idle,9.080958454,9.097483061,0.016524607,84.0000
mixtral-dev112,5,sim,gate,9.097483061,9.097662107,0.000179046,280.0000
mixtral-dev112,5,sim,idle,9.097662107,9.097662269,0.000000162,84.0000
mixtral-dev112,5,sim,experts,9.097662269,9.116879704,0.019217435,700.0000
mixtral-dev112,5,sim,idle,9.116879704,9.118510690,0.001630987,84.0000
mixtral-dev112,5,sim,experts,9.118510690,9.138290098,0.019779408,700.0000
mixtral-dev112,5,sim,idle,9.138290098,9.157772914,0.019482816,84.0000
mixtral-dev112,5,sim,idle,9.157772914,9.157773075,0.000000162,84.0000
mixtral-dev112,5,sim,idle,9.157773075,9.157773237,0.000000162,84.0000
mixtral-dev112,5,sim,gate,9.157773237,9.157865835,0.000092598,280.0000
mixtral-dev112,5,sim,idle,9.157865835,9.157868320,0.000002484,84.0000
mixtral-dev112,5,sim,addnorm,9.157868320,9.157870406,0.000002086,140.0000
mixtral-dev112,5,sim,idle,9.157870406,9.157870567,0.000000162,84.0000
mixtral-dev112,5,sim,addnorm,9.157870567,9.158163335,0.000292768,140.0000
mixtral-dev112,5,sim,idle,9.158163335,9.158163497,0.000000162,84.0000
mixtral-dev112,5,sim,attention,9.158163497,9.182779429,0.024615932,700.0000
mixtral-dev112,5,sim,idle,9.182779429,9.272495247,0.089715818,84.0000
mixtral-dev112,5,sim,addnorm,9.272495247,9.272497335,0.000002089,140.0000
mixtral-dev112,5,sim,idle,9.272497335,9.272497497,0.000000162,84.0000
mixtral-dev112,5,sim,addnorm,9.272497497,9.272790265,0.000292768,140.0000
mixtral-dev112,5,sim,idle,9.272790265,9.272790426,0.000000162,84.0000
mixtral-dev112,5,sim,idle,9.272790426,9.272790588,0.000000162,84.0000
mixtral-dev112,5,sim,gate,9.272790588,9.272793907,0.000003318,280.0000
mixtral-dev112,5,sim,idle,9.272793907,9.288390297,0.015596391,84.0000
mixtral-dev112,5,sim,gate,9.288390297,9.288569343,0.000179046,280.0000
mixtral-dev112,5,sim,idle,9.288569343,9.288569505,0.000000162,84.0000
mixtral-dev112,5,sim,experts,9.288569505,9.307786940,0.019217435,700.0000
mixtral-dev112,5,sim,idle,9.307786940,9.309360662,0.001573722,84.0000
mixtral-dev112,5,sim,experts,9.309360662,9.329140070,0.019779408,700.0000
mixtral-dev112,5,sim,idle,9.329140070,9.350491011,0.021350941,84.0000
mixtral-dev112,5,sim,idle,9.350491011,9.350491172,0.000000162,84.0000
mixtral-dev112,5,sim,idle,9.350491172,9.350491334,0.000000162,84.0000
mixtral-dev112,5,sim,gate,9.350491334,9.350583932,0.000092598,280.0000
mixtral-dev112,5,sim,idle,9.350583932,9.350586417,0.000002484,84.0000
mixtral-dev112,5,sim,addnorm,9.350586417,9.350588503,0.000002086,140.0000
mixtral-dev112,5,sim,idle,9.350588503,9.350588664,0.000000162,84.0000
mixtral-dev112,5,sim,addnorm,9.350588664,9.350881432,0.000292768,140.0000
mixtral-dev112,5,sim,idle,9.350881432,9.350881594,0.000000162,84.0000
mixtral-dev112,5,sim,attention,9.350881594,9.375497526,0.024615932,700.0000
mixtral-dev112,5,sim,idle,9.375497526,9.444492428,0.068994903,84.0000
mixtral-dev112,5,sim,addnorm,9.444492428,9.444494517,0.000002089,140.0000
mixtral-dev112,5,sim,idle,9.444494517,9.444494679,0.000000162,84.0000
mixtral-dev112,5,sim,addnorm,9.444494679,9.444787447,0.000292768,140.0000
mixtral-dev112,5,sim,idle,9.444787447,9.444787608,0.000000162,84.0000
mixtral-dev112,5,sim,idle,9.444787608,9.444787771,0.000000163,84.0000
mixtral-dev112,5,sim,gate,9.444787771,9.444791090,0.000003318,280.0000
mixtral-dev112,5,sim,idle,9.444791090,9.466717034,0.021925945,84.0000
mixtral-dev112,5,sim,gate,9.466717034,9.466896081,0.000179046,280.0000
mixtral-dev112,5,sim,idle,9.466896081,9.466896242,0.000000162,84.0000
mixtral-dev112,5,sim,experts,9.466896242,9.486113677,0.019217435,700.0000
mixtral-dev112,5,sim,idle,9.486113677,9.487687399,0.001573722,84.0000
mixtral-dev112,5,sim,experts,9.487687399,9.507466807,0.019779408,700.0000
mixtral-dev112,5,sim,idle,9.507466807,9.532481285,0.025014478,84.0000
mixtral-dev112,5,sim,idle,9.532481285,9.532481446,0.000000162,84.0000
mixtral-dev112,5,sim,idle,9.532481446,9.532481608,0.000000162,84.0000
mixtral-dev112,5,sim,gate,9.532481608,9.532574206,0.000092598,280.0000
mixtral-dev112,5,sim,idle,9.532574206,9.532576691,0.000002484,84.0000
mixtral-dev112,5,sim,addnorm,9.532576691,9.532578777,0.000002086,140.0000
mixtral-dev112,5,sim,idle,9.532578777,9.532578938,0.000000162,84.0000
mixtral-dev112,5,sim,addnorm,9.532578938,9.532871706,0.000292768,140.0000
mixtral-dev112,5,sim,idle,9.532871706,9.532871868,0.000000162,84.0000
mixtral-dev112,5,sim,attention,9.532871868,9.557487800,0.024615932,700.0000
mixtral-dev112,5,sim,idle,9.557487800,9.774350231,0.216862432,84.0000
mixtral-dev112,6,sim,idle,9.774350231,9.868990583,0.094640352,84.0000
mixtral-dev112,6,sim,attention,9.868990583,9.881298549,0.012307966,700.0000
mixtral-dev112,6,sim,idle,9.881298549,9.881298711,0.000000162,84.0000
mixtral-dev112,6,sim,addnorm,9.881298711,9.881442916,0.000144205,140.0000
mixtral-dev112,6,sim,idle,9.881442916,9.881443077,0.000000162,84.0000
mixtral-dev112,6,sim,addnorm,9.881443077,9.881445618,0.000002540,140.0000
mixtral-dev112,6,sim,idle,9.881445618,9.881445779,0.000000162,84.0000
mixtral-dev112,6,sim,gate,9.881445779,9.881484202,0.000038422,280.0000
mixtral-dev112,6,sim,idle,9.881484202,9.881486686,0.000002484,84.0000
mixtral-dev112,6,sim,idle,9.881486686,9.881486847,0.000000162,84.0000
mixtral-dev112,6,sim,gate,9.881486847,9.881503951,0.000017104,280.0000
mixtral-dev112,6,sim,idle,9.881503951,9.898351881,0.016847930,84.0000
mixtral-dev112,6,sim,experts,9.898351881,9.909193496,0.010841615,700.0000
mixtral-dev112,6,sim,idle,9.909193496,9.914699116,0.005505620,84.0000
mixtral-dev112,6,sim,experts,9.914699116,9.924350649,0.009651533,700.0000
mixtral-dev112,6,sim,idle,9.924350649,9.925924371,0.001573722,84.0000
mixtral-dev112,6,sim,experts,9.925924371,9.939382054,0.013457682,700.0000
mixtral-dev112,6,sim,idle,9.939382054,9.961429361,0.022047307,84.0000
mixtral-dev112,6,sim,idle,9.961429361,9.961429522,0.000000162,84.0000
mixtral-dev112,6,sim,addnorm,9.961429522,9.961573727,0.000144205,140.0000
mixtral-dev112,6,sim,idle,9.961573727,9.961573889,0.000000162,84.0000
mixtral-dev112,6,sim,addnorm,9.961573889,9.961576426,0.000002538,140.0000
mixtral-dev112,6,sim,idle,9.961576426,10.352926359,0.391349932,84.0000
mixtral-dev112,6,sim,addnorm,10.352926359,10.352928448,0.000002089,140.0000
mixtral-dev112,6,sim,idle,10.352928448,10.352928609,0.000000162,84.0000
mixtral-dev112,6,sim,addnorm,10.352928609,10.353221377,0.000292768,140.0000
mixtral-dev112,6,sim,idle,10.353221377,10.353221539,0.000000162,84.0000
mixtral-dev112,6,sim,idle,10.353221539,10.353221704,0.000000165,84.0000
mixtral-dev112,6,sim,gate,10.353221704,10.353225023,0.000003318,280.0000
mixtral-dev112,6,sim,idle,10.353225023,10.368038357,0.014813334,84.0000
mixtral-dev112,6,sim,gate,10.368038357,10.368217404,0.000179046,280.0000
mixtral-dev112,6,sim,idle,10.368217404,10.368217565,0.000000162,84.0000
mixtral-dev112,6,sim,experts,10.368217565,10.387435000,0.019217435,700.0000
mixtral-dev112,6,sim,idle,10.387435000,10.389008722,0.001573722,84.0000
mixtral-dev112,6,sim,experts,10.389008722,10.408788130,0.019779408,700.0000
mixtral-dev112,6,sim,idle,10.408788130,10.431352809,0.022564679,84.0000
mixtral-dev112,6,sim,idle,10.431352809,10.431352970,0.000000162,84.0000
mixtral-dev112,6,sim,idle,10.431352970,10.431353132,0.000000162,84.0000
mixtral-dev112,6,sim,gate,10.431353132,10.431445730,0.000092598,280.0000
mixtral-dev112,6,sim,idle,10.431445730,10.431448214,0.000002484,84.0000
mixtral-dev112,6,sim,addnorm,10.431448214,10.431450301,0.000002086,140.0000
mixtral-dev112,6,sim,idle,10.431450301,10.431450462,0.000000162,84.0000
mixtral-dev112,6,sim,addnorm,10.431450462,10.431743230,0.000292768,140.0000
mixtral-dev112,6,sim,idle,10.431743230,10.431743392,0.000000162,84.0000
mixtral-dev112,6,sim,attention,10.431743392,10.468667290,0.036923898,700.0000
mixtral-dev112,6,sim,idle,10.468667290,10.468667451,0.000000162,84.0000
mixtral-dev112,6,sim,addnorm,10.468667451,10.468811656,0.000144205,140.0000
mixtral-dev112,6,sim,idle,10.468811656,10.468811818,0.000000162,84.0000
mixtral-dev112,6,sim,addnorm,10.468811818,10.468814358,0.000002540,140.0000
mixtral-dev112,6,sim,idle,10.468814358,10.468814520,0.000000162,84.0000
mixtral-dev112,6,sim,gate,10.468814520,10.468852942,0.000038422,280.0000
mixtral-dev112,6,sim,idle,10.468852942,10.468855426,0.000002484,84.0000
mixtral-dev112,6,sim,idle,10.468855426,10.468855588,0.000000162,84.0000
mixtral-dev112,6,sim,gate,10.468855588,10.468872692,0.000017104,280.0000
mixtral-dev112,6,sim,idle,10.468872692,10.491356360,0.022483668,84.0000
mixtral-dev112,6,sim,experts,10.491356360,10.502197975,0.010841615,700.0000
mixtral-dev112,6,sim,idle,10.502197975,10.507703595,0.005505620,84.0000
mixtral-dev112,6,sim,experts,10.507703595,10.517355128,0.009651533,700.0000
mixtral-dev112,6,sim,idle,10.517355128,10.518928850,0.001573722,84.0000
mixtral-dev112,6,sim,experts,10.518928850,10.532386532,0.013457682,700.0000
mixtral-dev112,6,sim,idle,10.532386532,10.550203181,0.017816649,84.0000
mixtral-dev112,6,sim,idle,10.550203181,10.550203343,0.000000162,84.0000
mixtral-dev112,6,sim,addnorm,10.550203343,10.550347548,0.000144205,140.0000
mixtral-dev112,6,sim,idle,10.550347548,10.550347709,0.000000162,84.0000
mixtral-dev112,6,sim,addnorm,10.550347709,10.550350247,0.000002538,140.0000
mixtral-dev112,6,sim,attention,10.550350247,10.562658213,0.012307966,700.0000
mixtral-dev112,6,sim,idle,10.562658213,10.562658375,0.000000162,84.0000
mixtral-dev112,6,sim,addnorm,10.562658375,10.562802579,0.000144205,140.0000
mixtral-dev112,6,sim,idle,10.562802579,10.562802741,0.000000162,84.0000
mixtral-dev112,6,sim,addnorm,10.562802741,10.562805281,0.000002540,140.0000
mixtral-dev112,6,sim,idle,10.562805281,10.562805443,0.000000162,84.0000
mixtral-dev112,6,sim,gate,10.562805443,10.562843865,0.000038422,280.0000
mixtral-dev112,6,sim,idle,10.562843865,10.562846350,0.000002484,84.0000
mixtral-dev112,6,sim,idle,10.562846350,10.562846511,0.000000162,84.0000
mixtral-dev112,6,sim,gate,10.562846511,10.562863615,0.000017104,280.0000
mixtral-dev112,6,sim,idle,10.562863615,10.578038277,0.015174662,84.0000
mixtral-dev112,6,sim,experts,10.578038277,10.588879892,0.010841615,700.0000
mixtral-dev112,6,sim,idle,10.588879892,10.594385512,0.005505620,84.0000
mixtral-dev112,6,sim,experts,10.594385512,10.604037045,0.009651533,700.0000
mixtral-dev112,6,sim,idle,10.604037045,10.605610767,0.001573722,84.0000
mixtral-dev112,6,sim,experts,10.605610767,10.619068450,0.013457682,700.0000
mixtral-dev112,6,sim,idle,10.619068450,10.647478571,0.028410121,84.0000
mixtral-dev112,6,sim,idle,10.647478571,10.647478732,0.000000162,84.0000
mixtral-dev112,6,sim,addnorm,10.647478732,10.647622937,0.000144205,140.0000
mixtral-dev112,6,sim,idle,10.647622937,10.647623099,0.000000162,84.0000
mixtral-dev112,6,sim,addnorm,10.647623099,10.647625636,0.000002538,140.0000
mixtral-dev112,6,sim,attention,10.647625636,10.659933602,0.012307966,700.0000
mixtral-dev112,6,sim,idle,10.659933602,10.659933764,0.000000162,84.0000
mixtral-dev112,6,sim,addnorm,10.659933764,10.660077969,0.000144205,140.0000
mixtral-dev112,6,sim,idle,10.660077969,10.660078130,0.000000162,84.0000
mixtral-dev112,6,sim,addnorm,10.660078130,10.660080671,0.000002540,140.0000
mixtral-dev112,6,sim,idle,10.660080671,10.660080833,0.000000162,84.0000
mixtral-dev112,6,sim,gate,10.660080833,10.660119255,0.000038422,280.0000
mixtral-dev112,6,sim,idle,10.660119255,10.660121739,0.000002484,84.0000
mixtral-dev112,6,sim,idle,10.660121739,10.660121901,0.000000162,84.0000
mixtral-dev112,6,sim,gate,10.660121901,10.660139005,0.000017104,280.0000
mixtral-dev112,6,sim,idle,10.660139005,10.682352454,0.022213450,84.0000
mixtral-dev112,6,sim,experts,10.682352454,10.693194070,0.010841615,700.0000
mixtral-dev112,6,sim,idle,10.693194070,10.698699689,0.005505620,84.0000
mixtral-dev112,6,sim,experts,10.698699689,10.708351222,0.009651533,700.0000
mixtral-dev112,6,sim,idle,10.708351222,10.709924944,0.001573722,84.0000
mixtral-dev112,6,sim,experts,10.709924944,10.723382627,0.013457682,700.0000
mixtral-dev112,6,sim,idle,10.723382627,10.745523389,0.022140763,84.0000
mixtral-dev112,6,sim,idle,10.745523389,10.745523551,0.000000162,84.0000
mixtral-dev112,6,sim,addnorm,10.745523551,10.745667756,0.000144205,140.0000
mixtral-dev112,6,sim,idle,10.745667756,10.745667917,0.000000162,84.0000
mixtral-dev112,6,sim,addnorm,10.745667917,10.745670455,0.000002538,140.0000
mixtral-dev112,6,sim,idle,10.745670455,11.035529840,0.289859385,84.0000
mixtral-dev112,6,sim,addnorm,11.035529840,11.035531929,0.000002089,140.0000
mixtral-dev112,6,sim,idle,11.035531929,11.035532091,0.000000162,84.0000
mixtral-dev112,6,sim,addnorm,11.035532091,11.035824859,0.000292768,140.0000
mixtral-dev112,6,sim,idle,11.035824859,11.035825020,0.000000162,84.0000
mixtral-dev112,6,sim,idle,11.035825020,11.035825182,0.000000162,84.0000
mixtral-dev112,6,sim,gate,11.035825182,11.035828500,0.000003318,280.0000
mixtral-dev112,6,sim,idle,11.035828500,11.052353107,0.016524607,84.0000
mixtral-dev112,6,sim,gate,11.052353107,11.052532154,0.000179046,280.0000
mixtral-dev112,6,sim,idle,11.052532154,11.052532315,0.000000162,84.0000
mixtral-dev112,6,sim,experts,11.052532315,11.071749750,0.019217435,700.0000
mixtral-dev112,6,sim,idle,11.071749750,11.073380737,0.001630987,84.0000
mixtral-dev112,6,sim,experts,11.073380737,11.093160145,0.019779408,700.0000
mixtral-dev112,6,sim,idle,11.093160145,11.112642960,0.019482816,84.0000
mixtral-dev112,6,sim,idle,11.112642960,11.112643122,0.000000162,84.0000
mixtral-dev112,6,sim,idle,11.112643122,11.112643283,0.000000162,84.0000
mixtral-dev112,6,sim,gate,11.112643283,11.112735882,0.000092598,280.0000
mixtral-dev112,6,sim,idle,11.112735882,11.112738366,0.000002484,84.0000
mixtral-dev112,6,sim,addnorm,11.112738366,11.112740452,0.000002086,140.0000
mixtral-dev112,6,sim,idle,11.112740452,11.112740614,0.000000162,84.0000
mixtral-dev112,6,sim,addnorm,11.112740614,11.113033382,0.000292768,140.0000
mixtral-dev112,6,sim,idle,11.113033382,11.113033543,0.000000162,84.0000
mixtral-dev112,6,sim,attention,11.113033543,11.137649475,0.024615932,700.0000
mixtral-dev112,6,sim,idle,11.137649475,11.227365293,0.089715818,84.0000
mixtral-dev112,6,sim,addnorm,11.227365293,11.227367382,0.000002089,140.0000
mixtral-dev112,6,sim,idle,11.227367382,11.227367543,0.000000162,84.0000
mixtral-dev112,6,sim,addnorm,11.227367543,11.227660311,0.000292768,140.0000
mixtral-dev112,6,sim,idle,11.227660311,11.227660473,0.000000162,84.0000
mixtral-dev112,6,sim,idle,11.227660473,11.227660634,0.000000162,84.0000
mixtral-dev112,6,sim,gate,11.227660634,11.227663953,0.000003318,280.0000
mixtral-dev112,6,sim,idle,11.227663953,11.243260343,0.015596391,84.0000
mixtral-dev112,6,sim,gate,11.243260343,11.243439390,0.000179046,280.0000
mixtral-dev112,6,sim,idle,11.243439390,11.243439551,0.000000162,84.0000
mixtral-dev112,6,sim,experts,11.243439551,11.262656986,0.019217435,700.0000
mixtral-dev112,6,sim,idle,11.262656986,11.264230708,0.001573722,84.0000
mixtral-dev112,6,sim,experts,11.264230708,11.284010116,0.019779408,700.0000
mixtral-dev112,6,sim,idle,11.284010116,11.305361057,0.021350941,84.0000
mixtral-dev112,6,sim,idle,11.305361057,11.305361219,0.000000162,84.0000
mixtral-dev112,6,sim,idle,11.305361219,11.305361380,0.000000162,84.0000
mixtral-dev112,6,sim,gate,11.305361380,11.305453979,0.000092598,280.0000
mixtral-dev112,6,sim,idle,11.305453979,11.305456463,0.000002484,84.0000
mixtral-dev112,6,sim,addnorm,11.305456463,11.305458549,0.000002086,140.0000
mixtral-dev112,6,sim,idle,11.305458549,11.305458711,0.000000162,84.0000
mixtral-dev112,6,sim,addnorm,11.305458711,11.305751479,0.000292768,140.0000
mixtral-dev112,6,sim,idle,11.305751479,11.305751640,0.000000162,84.0000
mixtral-dev112,6,sim,attention,11.305751640,11.330367572,0.024615932,700.0000
mixtral-dev112,6,sim,idle,11.330367572,11.399362475,0.068994903,84.0000
mixtral-dev112,6,sim,addnorm,11.399362475,11.399364563,0.000002089,140.0000
mixtral-dev112,6,sim,idle,11.399364563,11.399364725,0.000000162,84.0000
mixtral-dev112,6,sim,addnorm,11.399364725,11.399657493,0.000292768,140.0000
mixtral-dev112,6,sim,idle,11.399657493,11.399657655,0.000000162,84.0000
mixtral-dev112,6,sim,idle,11.399657655,11.399657818,0.000000163,84.0000
mixtral-dev112,6,sim,gate,11.399657818,11.399661136,0.000003318,280.0000
mixtral-dev112,6,sim,idle,11.399661136,11.421587081,0.021925945,84.0000
mixtral-dev112,6,sim,gate,11.421587081,11.421766127,0.000179046,280.0000
mixtral-dev112,6,sim,idle,11.421766127,11.421766289,0.000000162,84.0000
mixtral-dev112,6,sim,experts,11.421766289,11.440983723,0.019217435,700.0000
mixtral-dev112,6,sim,idle,11.440983723,11.442557445,0.001573722,84.0000
mixtral-dev112,6,sim,experts,11.442557445,11.462336853,0.019779408,700.0000
mixtral-dev112,6,sim,idle,11.462336853,11.487351331,0.025014478,84.0000
mixtral-dev112,6,sim,idle,11.487351331,11.487351493,0.000000162,84.0000
mixtral-dev112,6,sim,idle,11.487351493,11.487351654,0.000000162,84.0000
mixtral-dev112,6,sim,gate,11.487351654,11.487444253,0.000092598,280.0000
mixtral-dev112,6,sim,idle,11.487444253,11.487446737,0.000002484,84.0000
mixtral-dev112,6,sim,addnorm,11.487446737,11.487448823,0.000002086,140.0000
mixtral-dev112,6,sim,idle,11.487448823,11.487448984,0.000000162,84.0000
mixtral-dev112,6,sim,addnorm,11.487448984,11.487741752,0.000292768,140.0000
mixtral-dev112,6,sim,idle,11.487741752,11.487741914,0.000000162,84.0000
mixtral-dev112,6,sim,attention,11.487741914,11.512357846,0.024615932,700.0000
mixtral-dev112,6,sim,idle,11.512357846,11.729220278,0.216862432,84.0000
mixtral-dev112,7,sim,idle,11.729220278,11.823860629,0.094640352,84.0000
mixtral-dev112,7,sim,attention,11.823860629,11.836168595,0.012307966,700.0000
mixtral-dev112,7,sim,idle,11.836168595,11.836168757,0.000000162,84.0000
mixtral-dev112,7,sim,addnorm,11.836168757,11.836312962,0.000144205,140.0000
mixtral-dev112,7,sim,idle,11.836312962,11.836313123,0.000000162,84.0000
mixtral-dev112,7,sim,addnorm,11.836313123,11.836315664,0.000002540,140.0000
mixtral-dev112,7,sim,idle,11.836315664,11.836315825,0.000000162,84.0000
mixtral-dev112,7,sim,gate,11.836315825,11.836354248,0.000038422,280.0000
mixtral-dev112,7,sim,idle,11.836354248,11.836356732,0.000002484,84.0000
mixtral-dev112,7,sim,idle,11.836356732,11.836356894,0.000000162,84.0000
mixtral-dev112,7,sim,gate,11.836356894,11.836373998,0.000017104,280.0000
mixtral-dev112,7,sim,idle,11.836373998,11.853221927,0.016847930,84.0000
mixtral-dev112,7,sim,experts,11.853221927,11.864063543,0.010841615,700.0000
mixtral-dev112,7,sim,idle,11.864063543,11.869569163,0.005505620,84.0000
mixtral-dev112,7,sim,experts,11.869569163,11.879220695,0.009651533,700.0000
mixtral-dev112,7,sim,idle,11.879220695,11.880794417,0.001573722,84.0000
mixtral-dev112,7,sim,experts,11.880794417,11.894252100,0.013457682,700.0000
mixtral-dev112,7,sim,idle,11.894252100,11.916299407,0.022047307,84.0000
mixtral-dev112,7,sim,idle,11.916299407,11.916299569,0.000000162,84.0000
mixtral-dev112,7,sim,addnorm,11.916299569,11.916443773,0.000144205,140.0000
mixtral-dev112,7,sim,idle,11.916443773,11.916443935,0.000000162,84.0000
mixtral-dev112,7,sim,addnorm,11.916443935,11.916446473,0.000002538,140.0000
mixtral-dev112,7,sim,idle,11.916446473,12.307796405,0.391349932,84.0000
mixtral-dev112,7,sim,addnorm,12.307796405,12.307798494,0.000002089,140.0000
mixtral-dev112,7,sim,idle,12.307798494,12.307798655,0.000000162,84.0000
mixtral-dev112,7,sim,addnorm,12.307798655,12.308091423,0.000292768,140.0000
mixtral-dev112,7,sim,idle,12.308091423,12.308091586,0.000000162,84.0000
mixtral-dev112,7,sim,idle,12.308091586,12.308091751,0.000000165,84.0000
mixtral-dev112,7,sim,gate,12.308091751,12.308095069,0.000003318,280.0000
mixtral-dev112,7,sim,idle,12.308095069,12.322908403,0.014813334,84.0000
mixtral-dev112,7,sim,gate,12.322908403,12.323087450,0.000179046,280.0000
mixtral-dev112,7,sim,idle,12.323087450,12.323087611,0.000000162,84.0000
mixtral-dev112,7,sim,experts,12.323087611,12.342305046,0.019217435,700.0000
mixtral-dev112,7,sim,idle,12.342305046,12.343878768,0.001573722,84.0000
mixtral-dev112,7,sim,experts,12.343878768,12.363658176,0.019779408,700.0000
mixtral-dev112,7,sim,idle,12.363658176,12.386222855,0.022564679,84.0000
mixtral-dev112,7,sim,idle,12.386222855,12.386223017,0.000000162,84.0000
mixtral-dev112,7,sim,idle,12.386223017,12.386223178,0.000000162,84.0000
mixtral-dev112,7,sim,gate,12.386223178,12.386315777,0.000092598,280.0000
mixtral-dev112,7,sim,idle,12.386315777,12.386318261,0.000002484,84.0000
mixtral-dev112,7,sim,addnorm,12.386318261,12.386320347,0.000002086,140.0000
mixtral-dev112,7,sim,idle,12.386320347,12.386320508,0.000000162,84.0000
mixtral-dev112,7,sim,addnorm,12.386320508,12.386613276,0.000292768,140.0000
mixtral-dev112,7,sim,idle,12.386613276,12.386613438,0.000000162,84.0000
mixtral-dev112,7,sim,attention,12.386613438,12.423537336,0.036923898,700.0000
mixtral-dev112,7,sim,idle,12.423537336,12.423537497,0.000000162,84.0000
mixtral-dev112,7,sim,addnorm,12.423537497,12.423681702,0.000144205,140.0000
mixtral-dev112,7,sim,idle,12.423681702,12.423681864,0.000000162,84.0000
mixtral-dev112,7,sim,addnorm,12.423681864,12.423684404,0.000002540,140.0000
mixtral-dev112,7,sim,idle,12.423684404,12.423684566,0.000000162,84.0000
mixtral-dev112,7,sim,gate,12.423684566,12.423722988,0.000038422,280.0000
mixtral-dev112,7,sim,idle,12.423722988,12.423725473,0.000002484,84.0000
mixtral-dev112,7,sim,idle,12.423725473,12.423725634,0.000000162,84.0000
mixtral-dev112,7,sim,gate,12.423725634,12.423742738,0.000017104,280.0000
mixtral-dev112,7,sim,idle,12.423742738,12.446226406,0.022483668,84.0000
mixtral-dev112,7,sim,experts,12.446226406,12.457068022,0.010841615,700.0000
mixtral-dev112,7,sim,idle,12.457068022,12.462573641,0.005505620,84.0000
mixtral-dev112,7,sim,experts,12.462573641,12.472225174,0.009651533,700.0000
mixtral-dev112,7,sim,idle,12.472225174,12.473798896,0.001573722,84.0000
mixtral-dev112,7,sim,experts,12.473798896,12.487256579,0.013457682,700.0000
mixtral-dev112,7,sim,idle,12.487256579,12.505073228,0.017816649,84.0000
mixtral-dev112,7,sim,idle,12.505073228,12.505073389,0.000000162,84.0000
mixtral-dev112,7,sim,addnorm,12.505073389,12.505217594,0.000144205,140.0000
mixtral-dev112,7,sim,idle,12.505217594,12.505217756,0.000000162,84.0000
mixtral-dev112,7,sim,addnorm,12.505217756,12.505220293,0.000002538,140.0000
mixtral-dev112,7,sim,attention,12.505220293,12.517528259,0.012307966,700.0000
mixtral-dev112,7,sim,idle,12.517528259,12.517528421,0.000000162,84.0000
mixtral-dev112,7,sim,addnorm,12.517528421,12.517672626,0.000144205,140.0000
mixtral-dev112,7,sim,idle,12.517672626,12.517672787,0.000000162,84.0000
mixtral-dev112,7,sim,addnorm,12.517672787,12.517675328,0.000002540,140.0000
mixtral-dev112,7,sim,idle,12.517675328,12.517675489,0.000000162,84.0000
mixtral-dev112,7,sim,gate,12.517675489,12.517713912,0.000038422,280.0000
mixtral-dev112,7,sim,idle,12.517713912,12.517716396,0.000002484,84.0000
mixtral-dev112,7,sim,idle,12.517716396,12.517716557,0.000000162,84.0000
mixtral-dev112,7,sim,gate,12.517716557,12.517733661,0.000017104,280.0000
mixtral-dev112,7,sim,idle,12.517733661,12.532908323,0.015174662,84.0000
mixtral-dev112,7,sim,experts,12.532908323,12.543749939,0.010841615,700.0000
mixtral-dev112,7,sim,idle,12.543749939,12.549255559,0.005505620,84.0000
mixtral-dev112,7,sim,experts,12.549255559,12.558907091,0.009651533,700.0000
mixtral-dev112,7,sim,idle,12.558907091,12.560480813,0.001573722,84.0000
mixtral-dev112,7,sim,experts,12.560480813,12.573938496,0.013457682,700.0000
mixtral-dev112,7,sim,idle,12.573938496,12.602348617,0.028410121,84.0000
mixtral-dev112,7,sim,idle,12.602348617,12.602348779,0.000000162,84.0000
mixtral-dev112,7,sim,addnorm,12.602348779,12.602492983,0.000144205,140.0000
mixtral-dev112,7,sim,idle,12.602492983,12.602493145,0.000000162,84.0000
mixtral-dev112,7,sim,addnorm,12.602493145,12.602495683,0.000002538,140.0000
mixtral-dev112,7,sim,attention,12.602495683,12.614803649,0.012307966,700.0000
mixtral-dev112,7,sim,idle,12.614803649,12.614803810,0.000000162,84.0000
mixtral-dev112,7,sim,addnorm,12.614803810,12.614948015,0.000144205,140.0000
mixtral-dev112,7,sim,idle,12.614948015,12.614948177,0.000000162,84.0000
mixtral-dev112,7,sim,addnorm,12.614948177,12.614950717,0.000002540,140.0000
mixtral-dev112,7,sim,idle,12.614950717,12.614950879,0.000000162,84.0000
mixtral-dev112,7,sim,gate,12.614950879,12.614989301,0.000038422,280.0000
mixtral-dev112,7,sim,idle,12.614989301,12.614991785,0.000002484,84.0000
mixtral-dev112,7,sim,idle,12.614991785,12.614991947,0.000000162,84.0000
mixtral-dev112,7,sim,gate,12.614991947,12.615009051,0.000017104,280.0000
mixtral-dev112,7,sim,idle,12.615009051,12.637222501,0.022213450,84.0000
mixtral-dev112,7,sim,experts,12.637222501,12.648064116,0.010841615,700.0000
mixtral-dev112,7,sim,idle,12.648064116,12.653569736,0.005505620,84.0000
mixtral-dev112,7,sim,experts,12.653569736,12.663221269,0.009651533,700.0000
mixtral-dev112,7,sim,idle,12.663221269,12.664794991,0.001573722,84.0000
mixtral-dev112,7,sim,experts,12.664794991,12.678252673,0.013457682,700.0000
mixtral-dev112,7,sim,idle,12.678252673,12.700393436,0.022140763,84.0000
mixtral-dev112,7,sim,idle,12.700393436,12.700393597,0.000000162,84.0000
mixtral-dev112,7,sim,addnorm,12.700393597,12.700537802,0.000144205,140.0000
mixtral-dev112,7,sim,idle,12.700537802,12.700537964,0.000000162,84.0000
mixtral-dev112,7,sim,addnorm,12.700537964,12.700540501,0.000002538,140.0000
mixtral-dev112,7,sim,idle,12.700540501,12.990399887,0.289859385,84.0000
mixtral-dev112,7,sim,addnorm,12.990399887,12.990401975,0.000002089,140.0000
mixtral-dev112,7,sim,idle,12.990401975,12.990402137,0.000000162,84.0000
mixtral-dev112,7,sim,addnorm,12.990402137,12.990694905,0.000292768,140.0000
mixtral-dev112,7,sim,idle,12.990694905,12.990695066,0.000000162,84.0000
mixtral-dev112,7,sim,idle,12.990695066,12.990695228,0.000000162,84.0000
mixtral-dev112,7,sim,gate,12.990695228,12.990698546,0.000003318,280.0000
mixtral-dev112,7,sim,idle,12.990698546,13.007223153,0.016524607,84.0000
mixtral-dev112,7,sim,gate,13.007223153,13.007402200,0.000179046,280.0000
mixtral-dev112,7,sim,idle,13.007402200,13.007402361,0.000000162,84.0000
mixtral-dev112,7,sim,experts,13.007402361,13.026619796,0.019217435,700.0000
mixtral-dev112,7,sim,idle,13.026619796,13.028250783,0.001630987,84.0000
mixtral-dev112,7,sim,experts,13.028250783,13.048030191,0.019779408,700.0000
mixtral-dev112,7,sim,idle,13.048030191,13.067513006,0.019482816,84.0000
mixtral-dev112,7,sim,idle,13.067513006,13.067513168,0.000000162,84.0000
mixtral-dev112,7,sim,idle,13.067513168,13.067513330,0.000000162,84.0000
mixtral-dev112,7,sim,gate,13.067513330,13.067605928,0.000092598,280.0000
mixtral-dev112,7,sim,idle,13.067605928,13.067608412,0.000002484,84.0000
mixtral-dev112,7,sim,addnorm,13.067608412,13.067610498,0.000002086,140.0000
mixtral-dev112,7,sim,idle,13.067610498,13.067610660,0.000000162,84.0000
mixtral-dev112,7,sim,addnorm,13.067610660,13.067903428,0.000292768,140.0000
mixtral-dev112,7,sim,idle,13.067903428,13.067903589,0.000000162,84.0000
mixtral-dev112,7,sim,attention,13.067903589,13.092519521,0.024615932,700.0000
mixtral-dev112,7,sim,idle,13.092519521,13.182235339,0.089715818,84.0000
mixtral-dev112,7,sim,addnorm,13.182235339,13.182237428,0.000002089,140.0000
mixtral-dev112,7,sim,idle,13.182237428,13.182237589,0.000000162,84.0000
mixtral-dev112,7,sim,addnorm,13.182237589,13.182530357,0.000292768,140.0000
mixtral-dev112,7,sim,idle,13.182530357,13.182530519,0.000000162,84.0000
mixtral-dev112,7,sim,idle,13.182530519,13.182530681,0.000000162,84.0000
mixtral-dev112,7,sim,gate,13.182530681,13.182533999,0.000003318,280.0000
mixtral-dev112,7,sim,idle,13.182533999,13.198130390,0.015596391,84.0000
mixtral-dev112,7,sim,gate,13.198130390,13.198309436,0.000179046,280.0000
mixtral-dev112,7,sim,idle,13.198309436,13.198309598,0.000000162,84.0000
mixtral-dev112,7,sim,experts,13.198309598,13.217527032,0.019217435,700.0000
mixtral-dev112,7,sim,idle,13.217527032,13.219100754,0.001573722,84.0000
mixtral-dev112,7,sim,experts,13.219100754,13.238880162,0.019779408,700.0000
mixtral-dev112,7,sim,idle,13.238880162,13.260231103,0.021350941,84.0000
mixtral-dev112,7,sim,idle,13.260231103,13.260231265,0.000000162,84.0000
mixtral-dev112,7,sim,idle,13.260231265,13.260231427,0.000000162,84.0000
mixtral-dev112,7,sim,gate,13.260231427,13.260324025,0.000092598,280.0000
mixtral-dev112,7,sim,idle,13.260324025,13.260326509,0.000002484,84.0000
mixtral-dev112,7,sim,addnorm,13.260326509,13.260328595,0.000002086,140.0000
mixtral-dev112,7,sim,idle,13.260328595,13.260328757,0.000000162,84.0000
mixtral-dev112,7,sim,addnorm,13.260328757,13.260621525,0.000292768,140.0000
mixtral-dev112,7,sim,idle,13.260621525,13.260621686,0.000000162,84.0000
mixtral-dev112,7,sim,attention,13.260621686,13.285237618,0.024615932,700.0000
mixtral-dev112,7,sim,idle,13.285237618,13.354232521,0.068994903,84.0000
mixtral-dev112,7,sim,addnorm,13.354232521,13.354234610,0.000002089,140.0000
mixtral-dev112,7,sim,idle,13.354234610,13.354234771,0.000000162,84.0000
mixtral-dev112,7,sim,addnorm,13.354234771,13.354527539,0.000292768,140.0000
mixtral-dev112,7,sim,idle,13.354527539,13.354527701,0.000000162,84.0000
mixtral-dev112,7,sim,idle,13.354527701,13.354527864,0.000000163,84.0000
mixtral-dev112,7,sim,gate,13.354527864,13.354531182,0.000003318,280.0000
mixtral-dev112,7,sim,idle,13.354531182,13.376457127,0.021925945,84.0000
mixtral-dev112,7,sim,gate,13.376457127,13.376636173,0.000179046,280.0000
mixtral-dev112,7,sim,idle,13.376636173,13.376636335,0.000000162,84.0000
mixtral-dev112,7,sim,experts,13.376636335,13.395853770,0.019217435,700.0000
mixtral-dev112,7,sim,idle,13.395853770,13.397427492,0.001573722,84.0000
mixtral-dev112,7,sim,experts,13.397427492,13.417206899,0.019779408,700.0000
mixtral-dev112,7,sim,idle,13.417206899,13.442221377,0.025014478,84.0000
mixtral-dev112,7,sim,idle,13.442221377,13.442221539,0.000000162,84.0000
mixtral-dev112,7,sim,idle,13.442221539,13.442221701,0.000000162,84.0000
mixtral-dev112,7,sim,gate,13.442221701,13.442314299,0.000092598,280.0000
mixtral-dev112,7,sim,idle,13.442314299,13.442316783,0.000002484,84.0000
mixtral-dev112,7,sim,addnorm,13.442316783,13.442318869,0.000002086,140.0000
mixtral-dev112,7,sim,idle,13.442318869,13.442319031,0.000000162,84.0000
mixtral-dev112,7,sim,addnorm,13.442319031,13.442611799,0.000292768,140.0000
mixtral-dev112,7,sim,idle,13.442611799,13.442611960,0.000000162,84.0000
mixtral-dev112,7,sim,attention,13.442611960,13.467227892,0.024615932,700.0000
mixtral-dev112,7,sim,idle,13.467227892,13.684090324,0.216862432,84.0000
mixtral-dev112,8,sim,idle,13.684090324,13.778730676,0.094640352,84.0000
mixtral-dev112,8,sim,attention,13.778730676,13.791038642,0.012307966,700.0000
mixtral-dev112,8,sim,idle,13.791038642,13.791038803,0.000000162,84.0000
mixtral-dev112,8,sim,addnorm,13.791038803,13.791183008,0.000144205,140.0000
mixtral-dev112,8,sim,idle,13.791183008,13.791183170,0.000000162,84.0000
mixtral-dev112,8,sim,addnorm,13.791183170,13.791185710,0.000002540,140.0000
mixtral-dev112,8,sim,idle,13.791185710,13.791185872,0.000000162,84.0000
mixtral-dev112,8,sim,gate,13.791185872,13.791224294,0.000038422,280.0000
mixtral-dev112,8,sim,idle,13.791224294,13.791226778,0.000002484,84.0000
mixtral-dev112,8,sim,idle,13.791226778,13.791226940,0.000000162,84.0000
mixtral-dev112,8,sim,gate,13.791226940,13.791244044,0.000017104,280.0000
mixtral-dev112,8,sim,idle,13.791244044,13.808091974,0.016847930,84.0000
mixtral-dev112,8,sim,experts,13.808091974,13.818933589,0.010841615,700.0000
mixtral-dev112,8,sim,idle,13.818933589,13.824439209,0.005505620,84.0000
mixtral-dev112,8,sim,experts,13.824439209,13.834090742,0.009651533,700.0000
mixtral-dev112,8,sim,idle,13.834090742,13.835664464,0.001573722,84.0000
mixtral-dev112,8,sim,experts,13.835664464,13.849122146,0.013457682,700.0000
mixtral-dev112,8,sim,idle,13.849122146,13.871169453,0.022047307,84.0000
mixtral-dev112,8,sim,idle,13.871169453,13.871169615,0.000000162,84.0000
mixtral-dev112,8,sim,addnorm,13.871169615,13.871313820,0.000144205,140.0000
mixtral-dev112,8,sim,idle,13.871313820,13.871313981,0.000000162,84.0000
mixtral-dev112,8,sim,addnorm,13.871313981,13.871316519,0.000002538,140.0000
mixtral-dev112,8,sim,idle,13.871316519,14.262666451,0.391349932,84.0000
mixtral-dev112,8,sim,addnorm,14.262666451,14.262668540,0.000002089,140.0000
mixtral-dev112,8,sim,idle,14.262668540,14.262668702,0.000000162,84.0000
mixtral-dev112,8,sim,addnorm,14.262668702,14.262961470,0.000292768,140.0000
mixtral-dev112,8,sim,idle,14.262961470,14.262961632,0.000000162,84.0000
mixtral-dev112,8,sim,idle,14.262961632,14.262961797,0.000000165,84.0000
mixtral-dev112,8,sim,gate,14.262961797,14.262965115,0.000003318,280.0000
mixtral-dev112,8,sim,idle,14.262965115,14.277778450,0.014813334,84.0000
mixtral-dev112,8,sim,gate,14.277778450,14.277957496,0.000179046,280.0000
mixtral-dev112,8,sim,idle,14.277957496,14.277957658,0.000000162,84.0000
mixtral-dev112,8,sim,experts,14.277957658,14.297175092,0.019217435,700.0000
mixtral-dev112,8,sim,idle,14.297175092,14.298748814,0.001573722,84.0000
mixtral-dev112,8,sim,experts,14.298748814,14.318528222,0.019779408,700.0000
mixtral-dev112,8,sim,idle,14.318528222,14.341092901,0.022564679,84.0000
mixtral-dev112,8,sim,idle,14.341092901,14.341093063,0.000000162,84.0000
mixtral-dev112,8,sim,idle,14.341093063,14.341093224,0.000000162,84.0000
mixtral-dev112,8,sim,gate,14.341093224,14.341185823,0.000092598,280.0000
mixtral-dev112,8,sim,idle,14.341185823,14.341188307,0.000002484,84.0000
mixtral-dev112,8,sim,addnorm,14.341188307,14.341190393,0.000002086,140.0000
mixtral-dev112,8,sim,idle,14.341190393,14.341190555,0.000000162,84.0000
mixtral-dev112,8,sim,addnorm,14.341190555,14.341483323,0.000292768,140.0000
mixtral-dev112,8,sim,idle,14.341483323,14.341483484,0.000000162,84.0000
mixtral-dev112,8,sim,attention,14.341483484,14.378407382,0.036923898,700.0000
mixtral-dev112,8,sim,idle,14.378407382,14.378407544,0.000000162,84.0000
mixtral-dev112,8,sim,addnorm,14.378407544,14.378551749,0.000144205,140.0000
mixtral-dev112,8,sim,idle,14.378551749,14.378551910,0.000000162,84.0000
mixtral-dev112,8,sim,addnorm,14.378551910,14.378554451,0.000002540,140.0000
mixtral-dev112,8,sim,idle,14.378554451,14.378554612,0.000000162,84.0000
mixtral-dev112,8,sim,gate,14.378554612,14.378593035,0.000038422,280.0000
mixtral-dev112,8,sim,idle,14.378593035,14.378595519,0.000002484,84.0000
mixtral-dev112,8,sim,idle,14.378595519,14.378595680,0.000000162,84.0000
mixtral-dev112,8,sim,gate,14.378595680,14.378612784,0.000017104,280.0000
mixtral-dev112,8,sim,idle,14.378612784,14.401096452,0.022483668,84.0000
mixtral-dev112,8,sim,experts,14.401096452,14.411938068,0.010841615,700.0000
mixtral-dev112,8,sim,idle,14.411938068,14.417443688,0.005505620,84.0000
mixtral-dev112,8,sim,experts,14.417443688,14.427095220,0.009651533,700.0000
mixtral-dev112,8,sim,idle,14.427095220,14.428668943,0.001573722,84.0000
mixtral-dev112,8,sim,experts,14.428668943,14.442126625,0.013457682,700.0000
mixtral-dev112,8,sim,idle,14.442126625,14.459943274,0.017816649,84.0000
mixtral-dev112,8,sim,idle,14.459943274,14.459943435,0.000000162,84.0000
mixtral-dev112,8,sim,addnorm,14.459943435,14.460087640,0.000144205,140.0000
mixtral-dev112,8,sim,idle,14.460087640,14.460087802,0.000000162,84.0000
mixtral-dev112,8,sim,addnorm,14.460087802,14.460090339,0.000002538,140.0000
mixtral-dev112,8,sim,attention,14.460090339,14.472398305,0.012307966,700.0000
mixtral-dev112,8,sim,idle,14.472398305,14.472398467,0.000000162,84.0000
mixtral-dev112,8,sim,addnorm,14.472398467,14.472542672,0.000144205,140.0000
mixtral-dev112,8,sim,idle,14.472542672,14.472542833,0.000000162,84.0000
mixtral-dev112,8,sim,addnorm,14.472542833,14.472545374,0.000002540,140.0000
mixtral-dev112,8,sim,idle,14.472545374,14.472545536,0.000000162,84.0000
mixtral-dev112,8,sim,gate,14.472545536,14.472583958,0.000038422,280.0000
mixtral-dev112,8,sim,idle,14.472583958,14.472586442,0.000002484,84.0000
mixtral-dev112,8,sim,idle,14.472586442,14.472586604,0.000000162,84.0000
mixtral-dev112,8,sim,gate,14.472586604,14.472603708,0.000017104,280.0000
mixtral-dev112,8,sim,idle,14.472603708,14.487778370,0.015174662,84.0000
mixtral-dev112,8,sim,experts,14.487778370,14.498619985,0.010841615,700.0000
mixtral-dev112,8,sim,idle,14.498619985,14.504125605,0.005505620,84.0000
mixtral-dev112,8,sim,experts,14.504125605,14.513777138,0.009651533,700.0000
mixtral-dev112,8,sim,idle,14.513777138,14.515350860,0.001573722,84.0000
mixtral-dev112,8,sim,experts,14.515350860,14.528808542,0.013457682,700.0000
mixtral-dev112,8,sim,idle,14.528808542,14.557218663,0.028410121,84.0000
mixtral-dev112,8,sim,idle,14.557218663,14.557218825,0.000000162,84.0000
mixtral-dev112,8,sim,addnorm,14.557218825,14.557363030,0.000144205,140.0000
mixtral-dev112,8,sim,idle,14.557363030,14.557363191,0.000000162,84.0000
mixtral-dev112,8,sim,addnorm,14.557363191,14.557365729,0.000002538,140.0000
mixtral-dev112,8,sim,attention,14.557365729,14.569673695,0.012307966,700.0000
mixtral-dev112,8,sim,idle,14.569673695,14.569673857,0.000000162,84.0000
mixtral-dev112,8,sim,addnorm,14.569673857,14.569818061,0.000144205,140.0000
mixtral-dev112,8,sim,idle,14.569818061,14.569818223,0.000000162,84.0000
mixtral-dev112,8,sim,addnorm,14.569818223,14.569820763,0.000002540,140.0000
mixtral-dev112,8,sim,idle,14.569820763,14.569820925,0.000000162,84.0000
mixtral-dev112,8,sim,gate,14.569820925,14.569859347,0.000038422,280.0000
mixtral-dev112,8,sim,idle,14.569859347,14.569861832,0.000002484,84.0000
mixtral-dev112,8,sim,idle,14.569861832,14.569861993,0.000000162,84.0000
mixtral-dev112,8,sim,gate,14.569861993,14.569879097,0.000017104,280.0000
mixtral-dev112,8,sim,idle,14.569879097,14.592092547,0.022213450,84.0000
mixtral-dev112,8,sim,experts,14.592092547,14.602934162,0.010841615,700.0000
mixtral-dev112,8,sim,idle,14.602934162,14.608439782,0.005505620,84.0000
mixtral-dev112,8,sim,experts,14.608439782,14.618091315,0.009651533,700.0000
mixtral-dev112,8,sim,idle,14.618091315,14.619665037,0.001573722,84.0000
mixtral-dev112,8,sim,experts,14.619665037,14.633122719,0.013457682,700.0000
mixtral-dev112,8,sim,idle,14.633122719,14.655263482,0.022140763,84.0000
mixtral-dev112,8,sim,idle,14.655263482,14.655263644,0.000000162,84.0000
mixtral-dev112,8,sim,addnorm,14.655263644,14.655407848,0.000144205,140.0000
mixtral-dev112,8,sim,idle,14.655407848,14.655408010,0.000000162,84.0000
mixtral-dev112,8,sim,addnorm,14.655408010,14.655410548,0.000002538,140.0000
mixtral-dev112,8,sim,idle,14.655410548,14.945269933,0.289859385,84.0000
mixtral-dev112,8,sim,addnorm,14.945269933,14.945272022,0.000002089,140.0000
mixtral-dev112,8,sim,idle,14.945272022,14.945272183,0.000000162,84.0000
mixtral-dev112,8,sim,addnorm,14.945272183,14.945564951,0.000292768,140.0000
mixtral-dev112,8,sim,idle,14.945564951,14.945565113,0.000000162,84.0000
mixtral-dev112,8,sim,idle,14.945565113,14.945565274,0.000000162,84.0000
mixtral-dev112,8,sim,gate,14.945565274,14.945568593,0.000003318,280.0000
mixtral-dev112,8,sim,idle,14.945568593,14.962093200,0.016524607,84.0000
mixtral-dev112,8,sim,gate,14.962093200,14.962272246,0.000179046,280.0000
mixtral-dev112,8,sim,idle,14.962272246,14.962272408,0.000000162,84.0000
mixtral-dev112,8,sim,experts,14.962272408,14.981489842,0.019217435,700.0000
mixtral-dev112,8,sim,idle,14.981489842,14.983120829,0.001630987,84.0000
mixtral-dev112,8,sim,experts,14.983120829,15.002900237,0.019779408,700.0000
mixtral-dev112,8,sim,idle,15.002900237,15.022383053,0.019482816,84.0000
mixtral-dev112,8,sim,idle,15.022383053,15.022383214,0.000000162,84.0000
mixtral-dev112,8,sim,idle,15.022383214,15.022383376,0.000000162,84.0000
mixtral-dev112,8,sim,gate,15.022383376,15.022475974,0.000092598,280.0000
mixtral-dev112,8,sim,idle,15.022475974,15.022478458,0.000002484,84.0000
mixtral-dev112,8,sim,addnorm,15.022478458,15.022480544,0.000002086,140.0000
mixtral-dev112,8,sim,idle,15.022480544,15.022480706,0.000000162,84.0000
mixtral-dev112,8,sim,addnorm,15.022480706,15.022773474,0.000292768,140.0000
mixtral-dev112,8,sim,idle,15.022773474,15.022773636,0.000000162,84.0000
mixtral-dev112,8,sim,attention,15.022773636,15.047389568,0.024615932,700.0000
mixtral-dev112,8,sim,idle,15.047389568,15.137105385,0.089715818,84.0000
mixtral-dev112,8,sim,addnorm,15.137105385,15.137107474,0.000002089,140.0000
mixtral-dev112,8,sim,idle,15.137107474,15.137107636,0.000000162,84.0000
mixtral-dev112,8,sim,addnorm,15.137107636,15.137400404,0.000292768,140.0000
mixtral-dev112,8,sim,idle,15.137400404,15.137400565,0.000000162,84.0000
mixtral-dev112,8,sim,idle,15.137400565,15.137400727,0.000000162,84.0000
mixtral-dev112,8,sim,gate,15.137400727,15.137404045,0.000003318,280.0000
mixtral-dev112,8,sim,idle,15.137404045,15.153000436,0.015596391,84.0000
mixtral-dev112,8,sim,gate,15.153000436,15.153179482,0.000179046,280.0000
mixtral-dev112,8,sim,idle,15.153179482,15.153179644,0.000000162,84.0000
mixtral-dev112,8,sim,experts,15.153179644,15.172397078,0.019217435,700.0000
mixtral-dev112,8,sim,idle,15.172397078,15.173970801,0.001573722,84.0000
mixtral-dev112,8,sim,experts,15.173970801,15.193750208,0.019779408,700.0000
mixtral-dev112,8,sim,idle,15.193750208,15.215101150,0.021350941,84.0000
mixtral-dev112,8,sim,idle,15.215101150,15.215101311,0.000000162,84.0000
mixtral-dev112,8,sim,idle,15.215101311,15.215101473,0.000000162,84.0000
mixtral-dev112,8,sim,gate,15.215101473,15.215194071,0.000092598,280.0000
mixtral-dev112,8,sim,idle,15.215194071,15.215196555,0.000002484,84.0000
mixtral-dev112,8,sim,addnorm,15.215196555,15.215198641,0.000002086,140.0000
mixtral-dev112,8,sim,idle,15.215198641,15.215198803,0.000000162,84.0000
mixtral-dev112,8,sim,addnorm,15.215198803,15.215491571,0.000292768,140.0000
mixtral-dev112,8,sim,idle,15.215491571,15.215491733,0.000000162,84.0000
mixtral-dev112,8,sim,attention,15.215491733,15.240107665,0.024615932,700.0000
mixtral-dev112,8,sim,idle,15.240107665,15.309102567,0.068994903,84.0000
mixtral-dev112,8,sim,addnorm,15.309102567,15.309104656,0.000002089,140.0000
mixtral-dev112,8,sim,idle,15.309104656,15.309104817,0.000000162,84.0000
mixtral-dev112,8,sim,addnorm,15.309104817,15.309397585,0.000292768,140.0000
mixtral-dev112,8,sim,idle,15.309397585,15.309397747,0.000000162,84.0000
mixtral-dev112,8,sim,idle,15.309397747,15.309397910,0.000000163,84.0000
mixtral-dev112,8,sim,gate,15.309397910,15.309401229,0.000003318,280.0000
mixtral-dev112,8,sim,idle,15.309401229,15.331327173,0.021925945,84.0000
mixtral-dev112,8,sim,gate,15.331327173,15.331506220,0.000179046,280.0000
mixtral-dev112,8,sim,idle,15.331506220,15.331506381,0.000000162,84.0000
mixtral-dev112,8,sim,experts,15.331506381,15.350723816,0.019217435,700.0000
mixtral-dev112,8,sim,idle,15.350723816,15.352297538,0.001573722,84.0000
mixtral-dev112,8,sim,experts,15.352297538,15.372076946,0.019779408,700.0000
mixtral-dev112,8,sim,idle,15.372076946,15.397091424,0.025014478,84.0000
mixtral-dev112,8,sim,idle,15.397091424,15.397091585,0.000000162,84.0000
mixtral-dev112,8,sim,idle,15.397091585,15.397091747,0.000000162,84.0000
mixtral-dev112,8,sim,gate,15.397091747,15.397184345,0.000092598,280.0000
mixtral-dev112,8,sim,idle,15.397184345,15.397186829,0.000002484,84.0000
mixtral-dev112,8,sim,addnorm,15.397186829,15.397188915,0.000002086,140.0000
mixtral-dev112,8,sim,idle,15.397188915,15.397189077,0.000000162,84.0000
mixtral-dev112,8,sim,addnorm,15.397189077,15.397481845,0.000292768,140.0000
mixtral-dev112,8,sim,idle,15.397481845,15.397482007,0.000000162,84.0000
mixtral-dev112,8,sim,attention,15.397482007,15.422097939,0.024615932,700.0000
mixtral-dev112,8,sim,idle,15.422097939,15.638960370,0.216862432,84.0000
mixtral-dev112,9,sim,idle,15.638960370,15.733600722,0.094640352,84.0000
mixtral-dev112,9,sim,attention,15.733600722,15.745908688,0.012307966,700.0000
mixtral-dev112,9,sim,idle,15.745908688,15.745908850,0.000000162,84.0000
mixtral-dev112,9,sim,addnorm,15.745908850,15.746053054,0.000144205,140.0000
mixtral-dev112,9,sim,idle,15.746053054,15.746053216,0.000000162,84.0000
mixtral-dev112,9,sim,addnorm,15.746053216,15.746055756,0.000002540,140.0000
mixtral-dev112,9,sim,idle,15.746055756,15.746055918,0.000000162,84.0000
mixtral-dev112,9,sim,gate,15.746055918,15.746094340,0.000038422,280.0000
mixtral-dev112,9,sim,idle,15.746094340,15.746096825,0.000002484,84.0000
mixtral-dev112,9,sim,idle,15.746096825,15.746096986,0.000000162,84.0000
mixtral-dev112,9,sim,gate,15.746096986,15.746114090,0.000017104,280.0000
mixtral-dev112,9,sim,idle,15.746114090,15.762962020,0.016847930,84.0000
mixtral-dev112,9,sim,experts,15.762962020,15.773803635,0.010841615,700.0000
mixtral-dev112,9,sim,idle,15.773803635,15.779309255,0.005505620,84.0000
mixtral-dev112,9,sim,experts,15.779309255,15.788960788,0.009651533,700.0000
mixtral-dev112,9,sim,idle,15.788960788,15.790534510,0.001573722,84.0000
mixtral-dev112,9,sim,experts,15.790534510,15.803992192,0.013457682,700.0000
mixtral-dev112,9,sim,idle,15.803992192,15.826039500,0.022047307,84.0000
mixtral-dev112,9,sim,idle,15.826039500,15.826039661,0.000000162,84.0000
mixtral-dev112,9,sim,addnorm,15.826039661,15.826183866,0.000144205,140.0000
mixtral-dev112,9,sim,idle,15.826183866,15.826184028,0.000000162,84.0000
mixtral-dev112,9,sim,addnorm,15.826184028,15.826186565,0.000002538,140.0000
mixtral-dev112,9,sim,idle,15.826186565,16.217536498,0.391349932,84.0000
mixtral-dev112,9,sim,addnorm,16.217536498,16.217538586,0.000002089,140.0000
mixtral-dev112,9,sim,idle,16.217538586,16.217538748,0.000000162,84.0000
mixtral-dev112,9,sim,addnorm,16.217538748,16.217831516,0.000292768,140.0000
mixtral-dev112,9,sim,idle,16.217831516,16.217831678,0.000000162,84.0000
mixtral-dev112,9,sim,idle,16.217831678,16.217831843,0.000000165,84.0000
mixtral-dev112,9,sim,gate,16.217831843,16.217835162,0.000003318,280.0000
mixtral-dev112,9,sim,idle,16.217835162,16.232648496,0.014813334,84.0000
mixtral-dev112,9,sim,gate,16.232648496,16.232827542,0.000179046,280.0000
mixtral-dev112,9,sim,idle,16.232827542,16.232827704,0.000000162,84.0000
mixtral-dev112,9,sim,experts,16.232827704,16.252045139,0.019217435,700.0000
mixtral-dev112,9,sim,idle,16.252045139,16.253618861,0.001573722,84.0000
mixtral-dev112,9,sim,experts,16.253618861,16.273398269,0.019779408,700.0000
mixtral-dev112,9,sim,idle,16.273398269,16.295962948,0.022564679,84.0000
mixtral-dev112,9,sim,idle,16.295962948,16.295963109,0.000000162,84.0000
mixtral-dev112,9,sim,idle,16.295963109,16.295963271,0.000000162,84.0000
mixtral-dev112,9,sim,gate,16.295963271,16.296055869,0.000092598,280.0000
mixtral-dev112,9,sim,idle,16.296055869,16.296058353,0.000002484,84.0000
mixtral-dev112,9,sim,addnorm,16.296058353,16.296060439,0.000002086,140.0000
mixtral-dev112,9,sim,idle,16.296060439,16.296060601,0.000000162,84.0000
mixtral-dev112,9,sim,addnorm,16.296060601,16.296353369,0.000292768,140.0000
mixtral-dev112,9,sim,idle,16.296353369,16.296353531,0.000000162,84.0000
mixtral-dev112,9,sim,attention,16.296353531,16.333277428,0.036923898,700.0000
mixtral-dev112,9,sim,idle,16.333277428,16.333277590,0.000000162,84.0000
mixtral-dev112,9,sim,addnorm,16.333277590,16.333421795,0.000144205,140.0000
mixtral-dev112,9,sim,idle,16.333421795,16.333421956,0.000000162,84.0000
mixtral-dev112,9,sim,addnorm,16.333421956,16.333424497,0.000002540,140.0000
mixtral-dev112,9,sim,idle,16.333424497,16.333424659,0.000000162,84.0000
mixtral-dev112,9,sim,gate,16.333424659,16.333463081,0.000038422,280.0000
mixtral-dev112,9,sim,idle,16.333463081,16.333465565,0.000002484,84.0000
mixtral-dev112,9,sim,idle,16.333465565,16.333465727,0.000000162,84.0000
mixtral-dev112,9,sim,gate,16.333465727,16.333482831,0.000017104,280.0000
mixtral-dev112,9,sim,idle,16.333482831,16.355966499,0.022483668,84.0000
mixtral-dev112,9,sim,experts,16.355966499,16.366808114,0.010841615,700.0000
mixtral-dev112,9,sim,idle,16.366808114,16.372313734,0.005505620,84.0000
mixtral-dev112,9,sim,experts,16.372313734,16.381965267,0.009651533,700.0000
mixtral-dev112,9,sim,idle,16.381965267,16.383538989,0.001573722,84.0000
mixtral-dev112,9,sim,experts,16.383538989,16.396996671,0.013457682,700.0000
mixtral-dev112,9,sim,idle,16.396996671,16.414813320,0.017816649,84.0000
mixtral-dev112,9,sim,idle,16.414813320,16.414813482,0.000000162,84.0000
mixtral-dev112,9,sim,addnorm,16.414813482,16.414957687,0.000144205,140.0000
mixtral-dev112,9,sim,idle,16.414957687,16.414957848,0.000000162,84.0000
mixtral-dev112,9,sim,addnorm,16.414957848,16.414960386,0.000002538,140.0000
mixtral-dev112,9,sim,attention,16.414960386,16.427268352,0.012307966,700.0000
mixtral-dev112,9,sim,idle,16.427268352,16.427268513,0.000000162,84.0000
mixtral-dev112,9,sim,addnorm,16.427268513,16.427412718,0.000144205,140.0000
mixtral-dev112,9,sim,idle,16.427412718,16.427412880,0.000000162,84.0000
mixtral-dev112,9,sim,addnorm,16.427412880,16.427415420,0.000002540,140.0000
mixtral-dev112,9,sim,idle,16.427415420,16.427415582,0.000000162,84.0000
mixtral-dev112,9,sim,gate,16.427415582,16.427454004,0.000038422,280.0000
mixtral-dev112,9,sim,idle,16.427454004,16.427456488,0.000002484,84.0000
mixtral-dev112,9,sim,idle,16.427456488,16.427456650,0.000000162,84.0000
mixtral-dev112,9,sim,gate,16.427456650,16.427473754,0.000017104,280.0000
mixtral-dev112,9,sim,idle,16.427473754,16.442648416,0.015174662,84.0000
mixtral-dev112,9,sim,experts,16.442648416,16.453490031,0.010841615,700.0000
mixtral-dev112,9,sim,idle,16.453490031,16.458995651,0.005505620,84.0000
mixtral-dev112,9,sim,experts,16.458995651,16.468647184,0.009651533,700.0000
mixtral-dev112,9,sim,idle,16.468647184,16.470220906,0.001573722,84.0000
mixtral-dev112,9,sim,experts,16.470220906,16.483678588,0.013457682,700.0000
mixtral-dev112,9,sim,idle,16.483678588,16.512088710,0.028410121,84.0000
mixtral-dev112,9,sim,idle,16.512088710,16.512088871,0.000000162,84.0000
mixtral-dev112,9,sim,addnorm,16.512088871,16.512233076,0.000144205,140.0000
mixtral-dev112,9,sim,idle,16.512233076,16.512233238,0.000000162,84.0000
mixtral-dev112,9,sim,addnorm,16.512233238,16.512235775,0.000002538,140.0000
mixtral-dev112,9,sim,attention,16.512235775,16.524543741,0.012307966,700.0000
mixtral-dev112,9,sim,idle,16.524543741,16.524543903,0.000000162,84.0000
mixtral-dev112,9,sim,addnorm,16.524543903,16.524688108,0.000144205,140.0000
mixtral-dev112,9,sim,idle,16.524688108,16.524688269,0.000000162,84.0000
mixtral-dev112,9,sim,addnorm,16.524688269,16.524690810,0.000002540,140.0000
mixtral-dev112,9,sim,idle,16.524690810,16.524690971,0.000000162,84.0000
mixtral-dev112,9,sim,gate,16.524690971,16.524729394,0.000038422,280.0000
mixtral-dev112,9,sim,idle,16.524729394,16.524731878,0.000002484,84.0000
mixtral-dev112,9,sim,idle,16.524731878,16.524732039,0.000000162,84.0000
mixtral-dev112,9,sim,gate,16.524732039,16.524749143,0.000017104,280.0000
mixtral-dev112,9,sim,idle,16.524749143,16.546962593,0.022213450,84.0000
mixtral-dev112,9,sim,experts,16.546962593,16.557804208,0.010841615,700.0000
mixtral-dev112,9,sim,idle,16.557804208,16.563309828,0.005505620,84.0000
mixtral-dev112,9,sim,experts,16.563309828,16.572961361,0.009651533,700.0000
mixtral-dev112,9,sim,idle,16.572961361,16.574535083,0.001573722,84.0000
mixtral-dev112,9,sim,experts,16.574535083,16.587992766,0.013457682,700.0000
mixtral-dev112,9,sim,idle,16.587992766,16.610133528,0.022140763,84.0000
mixtral-dev112,9,sim,idle,16.610133528,16.610133690,0.000000162,84.0000
mixtral-dev112,9,sim,addnorm,16.610133690,16.610277895,0.000144205,140.0000
mixtral-dev112,9,sim,idle,16.610277895,16.610278056,0.000000162,84.0000
mixtral-dev112,9,sim,addnorm,16.610278056,16.610280594,0.000002538,140.0000
mixtral-dev112,9,sim,idle,16.610280594,16.900139979,0.289859385,84.0000
mixtral-dev112,9,sim,addnorm,16.900139979,16.900142068,0.000002089,140.0000
mixtral-dev112,9,sim,idle,16.900142068,16.900142229,0.000000162,84.0000
mixtral-dev112,9,sim,addnorm,16.900142229,16.900434997,0.000292768,140.0000
mixtral-dev112,9,sim,idle,16.900434997,16.900435159,0.000000162,84.0000
mixtral-dev112,9,sim,idle,16.900435159,16.900435321,0.000000162,84.0000
mixtral-dev112,9,sim,gate,16.900435321,16.900438639,0.000003318,280.0000
mixtral-dev112,9,sim,idle,16.900438639,16.916963246,0.016524607,84.0000
mixtral-dev112,9,sim,gate,16.916963246,16.917142292,0.000179046,280.0000
mixtral-dev112,9,sim,idle,16.917142292,16.917142454,0.000000162,84.0000
mixtral-dev112,9,sim,experts,16.917142454,16.936359889,0.019217435,700.0000
mixtral-dev112,9,sim,idle,16.936359889,16.937990875,0.001630987,84.0000
mixtral-dev112,9,sim,experts,16.937990875,16.957770283,0.019779408,700.0000
mixtral-dev112,9,sim,idle,16.957770283,16.977253099,0.019482816,84.0000
mixtral-dev112,9,sim,idle,16.977253099,16.977253261,0.000000162,84.0000
mixtral-dev112,9,sim,idle,16.977253261,16.977253422,0.000000162,84.0000
mixtral-dev112,9,sim,gate,16.977253422,16.977346021,0.000092598,280.0000
mixtral-dev112,9,sim,idle,16.977346021,16.977348505,0.000002484,84.0000
mixtral-dev112,9,sim,addnorm,16.977348505,16.977350591,0.000002086,140.0000
mixtral-dev112,9,sim,idle,16.977350591,16.977350752,0.000000162,84.0000
mixtral-dev112,9,sim,addnorm,16.977350752,16.977643520,0.000292768,140.0000
mixtral-dev112,9,sim,idle,16.977643520,16.977643682,0.000000162,84.0000
mixtral-dev112,9,sim,attention,16.977643682,17.002259614,0.024615932,700.0000
mixtral-dev112,9,sim,idle,17.002259614,17.091975432,0.089715818,84.0000
mixtral-dev112,9,sim,addnorm,17.091975432,17.091977520,0.000002089,140.0000
mixtral-dev112,9,sim,idle,17.091977520,17.091977682,0.000000162,84.0000
mixtral-dev112,9,sim,addnorm,17.091977682,17.092270450,0.000292768,140.0000
mixtral-dev112,9,sim,idle,17.092270450,17.092270612,0.000000162,84.0000
mixtral-dev112,9,sim,idle,17.092270612,17.092270773,0.000000162,84.0000
mixtral-dev112,9,sim,gate,17.092270773,17.092274092,0.000003318,280.0000
mixtral-dev112,9,sim,idle,17.092274092,17.107870482,0.015596391,84.0000
mixtral-dev112,9,sim,gate,17.107870482,17.108049529,0.000179046,280.0000
mixtral-dev112,9,sim,idle,17.108049529,17.108049690,0.000000162,84.0000
mixtral-dev112,9,sim,experts,17.108049690,17.127267125,0.019217435,700.0000
mixtral-dev112,9,sim,idle,17.127267125,17.128840847,0.001573722,84.0000
mixtral-dev112,9,sim,experts,17.128840847,17.148620255,0.019779408,700.0000
mixtral-dev112,9,sim,idle,17.148620255,17.169971196,0.021350941,84.0000
mixtral-dev112,9,sim,idle,17.169971196,17.169971358,0.000000162,84.0000
mixtral-dev112,9,sim,idle,17.169971358,17.169971519,0.000000162,84.0000
mixtral-dev112,9,sim,gate,17.169971519,17.170064118,0.000092598,280.0000
mixtral-dev112,9,sim,idle,17.170064118,17.170066602,0.000002484,84.0000
mixtral-dev112,9,sim,addnorm,17.170066602,17.170068688,0.000002086,140.0000
mixtral-dev112,9,sim,idle,17.170068688,17.170068849,0.000000162,84.0000
mixtral-dev112,9,sim,addnorm,17.170068849,17.170361617,0.000292768,140.0000
mixtral-dev112,9,sim,idle,17.170361617,17.170361779,0.000000162,84.0000
mixtral-dev112,9,sim,attention,17.170361779,17.194977711,0.024615932,700.0000
mixtral-dev112,9,sim,idle,17.194977711,17.263972613,0.068994903,84.0000
mixtral-dev112,9,sim,addnorm,17.263972613,17.263974702,0.000002089,140.0000
mixtral-dev112,9,sim,idle,17.263974702,17.263974864,0.000000162,84.0000
mixtral-dev112,9,sim,addnorm,17.263974864,17.264267632,0.000292768,140.0000
mixtral-dev112,9,sim,idle,17.264267632,17.264267793,0.000000162,84.0000
mixtral-dev112,9,sim,idle,17.264267793,17.264267957,0.000000163,84.0000
mixtral-dev112,9,sim,gate,17.264267957,17.264271275,0.000003318,280.0000
mixtral-dev112,9,sim,idle,17.264271275,17.286197219,0.021925945,84.0000
mixtral-dev112,9,sim,gate,17.286197219,17.286376266,0.000179046,280.0000
mixtral-dev112,9,sim,idle,17.286376266,17.286376427,0.000000162,84.0000
mixtral-dev112,9,sim,experts,17.286376427,17.305593862,0.019217435,700.0000
mixtral-dev112,9,sim,idle,17.305593862,17.307167584,0.001573722,84.0000
mixtral-dev112,9,sim,experts,17.307167584,17.326946992,0.019779408,700.0000
mixtral-dev112,9,sim,idle,17.326946992,17.351961470,0.025014478,84.0000
mixtral-dev112,9,sim,idle,17.351961470,17.351961631,0.000000162,84.0000
mixtral-dev112,9,sim,idle,17.351961631,17.351961793,0.000000162,84.0000
mixtral-dev112,9,sim,gate,17.351961793,17.352054391,0.000092598,280.0000
mixtral-dev112,9,sim,idle,17.352054391,17.352056876,0.000002484,84.0000
mixtral-dev112,9,sim,addnorm,17.352056876,17.352058962,0.000002086,140.0000
mixtral-dev112,9,sim,idle,17.352058962,17.352059123,0.000000162,84.0000
mixtral-dev112,9,sim,addnorm,17.352059123,17.352351891,0.000292768,140.0000
mixtral-dev112,9,sim,idle,17.352351891,17.352352053,0.000000162,84.0000
mixtral-dev112,9,sim,attention,17.352352053,17.376967985,0.024615932,700.0000
mixtral-dev112,9,sim,idle,17.376967985,17.593830416,0.216862432,84.0000
mixtral-dev112,10,sim,idle,17.593830416,17.688470768,0.094640352,84.0000
mixtral-dev112,10,sim,attention,17.688470768,17.700778734,0.012307966,700.0000
mixtral-dev112,10,sim,idle,17.700778734,17.700778896,0.000000162,84.0000
mixtral-dev112,10,sim,addnorm,17.700778896,17.700923101,0.000144205,140.0000
mixtral-dev112,10,sim,idle,17.700923101,17.700923262,0.000000162,84.0000
mixtral-dev112,10,sim,addnorm,17.700923262,17.700925803,0.000002540,140.0000
mixtral-dev112,10,sim,idle,17.700925803,17.700925964,0.000000162,84.0000
mixtral-dev112,10,sim,gate,17.700925964,17.700964387,0.000038422,280.0000
mixtral-dev112,10,sim,idle,17.700964387,17.700966871,0.000002484,84.0000
mixtral-dev112,10,sim,idle,17.700966871,17.700967032,0.000000162,84.0000
mixtral-dev112,10,sim,gate,17.700967032,17.700984136,0.000017104,280.0000
mixtral-dev112,10,sim,idle,17.700984136,17.717832066,0.016847930,84.0000
mixtral-dev112,10,sim,experts,17.717832066,17.728673682,0.010841615,700.0000
mixtral-dev112,10,sim,idle,17.728673682,17.734179301,0.005505620,84.0000
mixtral-dev112,10,sim,experts,17.734179301,17.743830834,0.009651533,700.0000
mixtral-dev112,10,sim,idle,17.743830834,17.745404556,0.001573722,84.0000
mixtral-dev112,10,sim,experts,17.745404556,17.758862239,0.013457682,700.0000
mixtral-dev112,10,sim,idle,17.758862239,17.780909546,0.022047307,84.0000
mixtral-dev112,10,sim,idle,17.780909546,17.780909707,0.000000162,84.0000
mixtral-dev112,10,sim,addnorm,17.780909707,17.781053912,0.000144205,140.0000
mixtral-dev112,10,sim,idle,17.781053912,17.781054074,0.000000162,84.0000
mixtral-dev112,10,sim,addnorm,17.781054074,17.781056612,0.000002538,140.0000
mixtral-dev112,10,sim,idle,17.781056612,18.172406544,0.391349932,84.0000
mixtral-dev112,10,sim,addnorm,18.172406544,18.172408633,0.000002089,140.0000
mixtral-dev112,10,sim,idle,18.172408633,18.172408794,0.000000162,84.0000
mixtral-dev112,10,sim,addnorm,18.172408794,18.172701562,0.000292768,140.0000
mixtral-dev112,10,sim,idle,18.172701562,18.172701724,0.000000162,84.0000
mixtral-dev112,10,sim,idle,18.172701724,18.172701890,0.000000165,84.0000
mixtral-dev112,10,sim,gate,18.172701890,18.172705208,0.000003318,280.0000
mixtral-dev112,10,sim,idle,18.172705208,18.187518542,0.014813334,84.0000
mixtral-dev112,10,sim,gate,18.187518542,18.187697589,0.000179046,280.0000
mixtral-dev112,10,sim,idle,18.187697589,18.187697750,0.000000162,84.0000
mixtral-dev112,10,sim,experts,18.187697750,18.206915185,0.019217435,700.0000
mixtral-dev112,10,sim,idle,18.206915185,18.208488907,0.001573722,84.0000
mixtral-dev112,10,sim,experts,18.208488907,18.228268315,0.019779408,700.0000
mixtral-dev112,10,sim,idle,18.228268315,18.250832994,0.022564679,84.0000
mixtral-dev112,10,sim,idle,18.250832994,18.250833155,0.000000162,84.0000
mixtral-dev112,10,sim,idle,18.250833155,18.250833317,0.000000162,84.0000
mixtral-dev112,10,sim,gate,18.250833317,18.250925915,0.000092598,280.0000
mixtral-dev112,10,sim,idle,18.250925915,18.250928400,0.000002484,84.0000
mixtral-dev112,10,sim,addnorm,18.250928400,18.250930486,0.000002086,140.0000
mixtral-dev112,10,sim,idle,18.250930486,18.250930647,0.000000162,84.0000
mixtral-dev112,10,sim,addnorm,18.250930647,18.251223415,0.000292768,140.0000
mixtral-dev112,10,sim,idle,18.251223415,18.251223577,0.000000162,84.0000
mixtral-dev112,10,sim,attention,18.251223577,18.288147475,0.036923898,700.0000
mixtral-dev112,10,sim,idle,18.288147475,18.288147636,0.000000162,84.0000
mixtral-dev112,10,sim,addnorm,18.288147636,18.288291841,0.000144205,140.0000
mixtral-dev112,10,sim,idle,18.288291841,18.288292003,0.000000162,84.0000
mixtral-dev112,10,sim,addnorm,18.288292003,18.288294543,0.000002540,140.0000
mixtral-dev112,10,sim,idle,18.288294543,18.288294705,0.000000162,84.0000
mixtral-dev112,10,sim,gate,18.288294705,18.288333127,0.000038422,280.0000
mixtral-dev112,10,sim,idle,18.288333127,18.288335611,0.000002484,84.0000
mixtral-dev112,10,sim,idle,18.288335611,18.288335773,0.000000162,84.0000
mixtral-dev112,10,sim,gate,18.288335773,18.288352877,0.000017104,280.0000
mixtral-dev112,10,sim,idle,18.288352877,18.310836545,0.022483668,84.0000
mixtral-dev112,10,sim,experts,18.310836545,18.321678160,0.010841615,700.0000
mixtral-dev112,10,sim,idle,18.321678160,18.327183780,0.005505620,84.0000
mixtral-dev112,10,sim,experts,18.327183780,18.336835313,0.009651533,700.0000
mixtral-dev112,10,sim,idle,18.336835313,18.338409035,0.001573722,84.0000
mixtral-dev112,10,sim,experts,18.338409035,18.351866717,0.013457682,700.0000
mixtral-dev112,10,sim,idle,18.351866717,18.369683366,0.017816649,84.0000
mixtral-dev112,10,sim,idle,18.369683366,18.369683528,0.000000162,84.0000
mixtral-dev112,10,sim,addnorm,18.369683528,18.369827733,0.000144205,140.0000
mixtral-dev112,10,sim,idle,18.369827733,18.369827894,0.000000162,84.0000
mixtral-dev112,10,sim,addnorm,18.369827894,18.369830432,0.000002538,140.0000
mixtral-dev112,10,sim,attention,18.369830432,18.382138398,0.012307966,700.0000
mixtral-dev112,10,sim,idle,18.382138398,18.382138560,0.000000162,84.0000
mixtral-dev112,10,sim,addnorm,18.382138560,18.382282764,0.000144205,140.0000
mixtral-dev112,10,sim,idle,18.382282764,18.382282926,0.000000162,84.0000
mixtral-dev112,10,sim,addnorm,18.382282926,18.382285466,0.000002540,140.0000
mixtral-dev112,10,sim,idle,18.382285466,18.382285628,0.000000162,84.0000
mixtral-dev112,10,sim,gate,18.382285628,18.382324051,0.000038422,280.0000
mixtral-dev112,10,sim,idle,18.382324051,18.382326535,0.000002484,84.0000
mixtral-dev112,10,sim,idle,18.382326535,18.382326696,0.000000162,84.0000
mixtral-dev112,10,sim,gate,18.382326696,18.382343800,0.000017104,280.0000
mixtral-dev112,10,sim,idle,18.382343800,18.397518462,0.015174662,84.0000
mixtral-dev112,10,sim,experts,18.397518462,18.408360077,0.010841615,700.0000
mixtral-dev112,10,sim,idle,18.408360077,18.413865697,0.005505620,84.0000
mixtral-dev112,10,sim,experts,18.413865697,18.423517230,0.009651533,700.0000
mixtral-dev112,10,sim,idle,18.423517230,18.425090952,0.001573722,84.0000
mixtral-dev112,10,sim,experts,18.425090952,18.438548635,0.013457682,700.0000
mixtral-dev112,10,sim,idle,18.438548635,18.466958756,0.028410121,84.0000
mixtral-dev112,10,sim,idle,18.466958756,18.466958918,0.000000162,84.0000
mixtral-dev112,10,sim,addnorm,18.466958918,18.467103122,0.000144205,140.0000
mixtral-dev112,10,sim,idle,18.467103122,18.467103284,0.000000162,84.0000
mixtral-dev112,10,sim,addnorm,18.467103284,18.467105822,0.000002538,140.0000
mixtral-dev112,10,sim,attention,18.467105822,18.479413787,0.012307966,700.0000
mixtral-dev112,10,sim,idle,18.479413787,18.479413949,0.000000162,84.0000
mixtral-dev112,10,sim,addnorm,18.479413949,18.479558154,0.000144205,140.0000
mixtral-dev112,10,sim,idle,18.479558154,18.479558316,0.000000162,84.0000
mixtral-dev112,10,sim,addnorm,18.479558316,18.479560856,0.000002540,140.0000
mixtral-dev112,10,sim,idle,18.479560856,18.479561018,0.000000162,84.0000
mixtral-dev112,10,sim,gate,18.479561018,18.479599440,0.000038422,280.0000
mixtral-dev112,10,sim,idle,18.479599440,18.479601924,0.000002484,84.0000
mixtral-dev112,10,sim,idle,18.479601924,18.479602086,0.000000162,84.0000
mixtral-dev112,10,sim,gate,18.479602086,18.479619190,0.000017104,280.0000
mixtral-dev112,10,sim,idle,18.479619190,18.501832639,0.022213450,84.0000
mixtral-dev112,10,sim,experts,18.501832639,18.512674255,0.010841615,700.0000
mixtral-dev112,10,sim,idle,18.512674255,18.518179875,0.005505620,84.0000
mixtral-dev112,10,sim,experts,18.518179875,18.527831407,0.009651533,700.0000
mixtral-dev112,10,sim,idle,18.527831407,18.529405129,0.001573722,84.0000
mixtral-dev112,10,sim,experts,18.529405129,18.542862812,0.013457682,700.0000
mixtral-dev112,10,sim,idle,18.542862812,18.565003575,0.022140763,84.0000
mixtral-dev112,10,sim,idle,18.565003575,18.565003736,0.000000162,84.0000
mixtral-dev112,10,sim,addnorm,18.565003736,18.565147941,0.000144205,140.0000
mixtral-dev112,10,sim,idle,18.565147941,18.565148103,0.000000162,84.0000
mixtral-dev112,10,sim,addnorm,18.565148103,18.565150640,0.000002538,140.0000
mixtral-dev112,10,sim,idle,18.565150640,18.855010025,0.289859385,84.0000
mixtral-dev112,10,sim,addnorm,18.855010025,18.855012114,0.000002089,140.0000
mixtral-dev112,10,sim,idle,18.855012114,18.855012276,0.000000162,84.0000
mixtral-dev112,10,sim,addnorm,18.855012276,18.855305044,0.000292768,140.0000
mixtral-dev112,10,sim,idle,18.855305044,18.855305205,0.000000162,84.0000
mixtral-dev112,10,sim,idle,18.855305205,18.855305367,0.000000162,84.0000
mixtral-dev112,10,sim,gate,18.855305367,18.855308685,0.000003318,280.0000
mixtral-dev112,10,sim,idle,18.855308685,18.871833292,0.016524607,84.0000
mixtral-dev112,10,sim,gate,18.871833292,18.872012339,0.000179046,280.0000
mixtral-dev112,10,sim,idle,18.872012339,18.872012500,0.000000162,84.0000
mixtral-dev112,10,sim,experts,18.872012500,18.891229935,0.019217435,700.0000
mixtral-dev112,10,sim,idle,18.891229935,18.892860922,0.001630987,84.0000
mixtral-dev112,10,sim,experts,18.892860922,18.912640330,0.019779408,700.0000
mixtral-dev112,10,sim,idle,18.912640330,18.932123145,0.019482816,84.0000
mixtral-dev112,10,sim,idle,18.932123145,18.932123307,0.000000162,84.0000
mixtral-dev112,10,sim,idle,18.932123307,18.932123468,0.000000162,84.0000
mixtral-dev112,10,sim,gate,18.932123468,18.932216067,0.000092598,280.0000
mixtral-dev112,10,sim,idle,18.932216067,18.932218551,0.000002484,84.0000
mixtral-dev112,10,sim,addnorm,18.932218551,18.932220637,0.000002086,140.0000
mixtral-dev112,10,sim,idle,18.932220637,18.932220799,0.000000162,84.0000
mixtral-dev112,10,sim,addnorm,18.932220799,18.932513567,0.000292768,140.0000
mixtral-dev112,10,sim,idle,18.932513567,18.932513728,0.000000162,84.0000
mixtral-dev112,10,sim,attention,18.932513728,18.957129660,0.024615932,700.0000
mixtral-dev112,10,sim,idle,18.957129660,19.046845478,0.089715818,84.0000
mixtral-dev112,10,sim,addnorm,19.046845478,19.046847567,0.000002089,140.0000
mixtral-dev112,10,sim,idle,19.046847567,19.046847728,0.000000162,84.0000
mixtral-dev112,10,sim,addnorm,19.046847728,19.047140496,0.000292768,140.0000
mixtral-dev112,10,sim,idle,19.047140496,19.047140658,0.000000162,84.0000
mixtral-dev112,10,sim,idle,19.047140658,19.047140819,0.000000162,84.0000
mixtral-dev112,10,sim,gate,19.047140819,19.047144138,0.000003318,280.0000
mixtral-dev112,10,sim,idle,19.047144138,19.062740528,0.015596391,84.0000
mixtral-dev112,10,sim,gate,19.062740528,19.062919575,0.000179046,280.0000
mixtral-dev112,10,sim,idle,19.062919575,19.062919736,0.000000162,84.0000
mixtral-dev112,10,sim,experts,19.062919736,19.082137171,0.019217435,700.0000
mixtral-dev112,10,sim,idle,19.082137171,19.083710893,0.001573722,84.0000
mixtral-dev112,10,sim,experts,19.083710893,19.103490301,0.019779408,700.0000
mixtral-dev112,10,sim,idle,19.103490301,19.124841242,0.021350941,84.0000
mixtral-dev112,10,sim,idle,19.124841242,19.124841404,0.000000162,84.0000
mixtral-dev112,10,sim,idle,19.124841404,19.124841565,0.000000162,84.0000
mixtral-dev112,10,sim,gate,19.124841565,19.124934164,0.000092598,280.0000
mixtral-dev112,10,sim,idle,19.124934164,19.124936648,0.000002484,84.0000
mixtral-dev112,10,sim,addnorm,19.124936648,19.124938734,0.000002086,140.0000
mixtral-dev112,10,sim,idle,19.124938734,19.124938896,0.000000162,84.0000
mixtral-dev112,10,sim,addnorm,19.124938896,19.125231664,0.000292768,140.0000
mixtral-dev112,10,sim,idle,19.125231664,19.125231825,0.000000162,84.0000
mixtral-dev112,10,sim,attention,19.125231825,19.149847757,0.024615932,700.0000
mixtral-dev112,10,sim,idle,19.149847757,19.218842660,0.068994903,84.0000
mixtral-dev112,10,sim,addnorm,19.218842660,19.218844748,0.000002089,140.0000
mixtral-dev112,10,sim,idle,19.218844748,19.218844910,0.000000162,84.0000
mixtral-dev112,10,sim,addnorm,19.218844910,19.219137678,0.000292768,140.0000
mixtral-dev112,10,sim,idle,19.219137678,19.219137840,0.000000162,84.0000
mixtral-dev112,10,sim,idle,19.219137840,19.219138003,0.000000163,84.0000
mixtral-dev112,10,sim,gate,19.219138003,19.219141321,0.000003318,280.0000
mixtral-dev112,10,sim,idle,19.219141321,19.241067266,0.021925945,84.0000
mixtral-dev112,10,sim,gate,19.241067266,19.241246312,0.000179046,280.0000
mixtral-dev112,10,sim,idle,19.241246312,19.241246474,0.000000162,84.0000
mixtral-dev112,10,sim,experts,19.241246474,19.260463908,0.019217435,700.0000
mixtral-dev112,10,sim,idle,19.260463908,19.262037630,0.001573722,84.0000
mixtral-dev112,10,sim,experts,19.262037630,19.281817038,0.019779408,700.0000
mixtral-dev112,10,sim,idle,19.281817038,19.306831516,0.025014478,84.0000
mixtral-dev112,10,sim,idle,19.306831516,19.306831678,0.000000162,84.0000
mixtral-dev112,10,sim,idle,19.306831678,19.306831839,0.000000162,84.0000
mixtral-dev112,10,sim,gate,19.306831839,19.306924438,0.000092598,280.0000
mixtral-dev112,10,sim,idle,19.306924438,19.306926922,0.000002484,84.0000
mixtral-dev112,10,sim,addnorm,19.306926922,19.306929008,0.000002086,140.0000
mixtral-dev112,10,sim,idle,19.306929008,19.306929170,0.000000162,84.0000
mixtral-dev112,10,sim,addnorm,19.306929170,19.307221938,0.000292768,140.0000
mixtral-dev112,10,sim,idle,19.307221938,19.307222099,0.000000162,84.0000
mixtral-dev112,10,sim,attention,19.307222099,19.331838031,0.024615932,700.0000
mixtral-dev112,10,sim,idle,19.331838031,19.548700463,0.216862432,84.0000
