model,iteration,direction,phase,start_s,end_s,duration_s,power_w
mixtral-dev68,1,sim,idle,0.000000000,0.054481553,0.054481553,84.0000
mixtral-dev68,1,sim,attention,0.054481553,0.066789519,0.012307966,700.0000
mixtral-dev68,1,sim,idle,0.066789519,0.066789680,0.000000162,84.0000
mixtral-dev68,1,sim,addnorm,0.066789680,0.066933885,0.000144205,140.0000
mixtral-dev68,1,sim,idle,0.066933885,0.066934047,0.000000162,84.0000
mixtral-dev68,1,sim,addnorm,0.066934047,0.066936587,0.000002540,140.0000
mixtral-dev68,1,sim,idle,0.066936587,0.066936749,0.000000162,84.0000
mixtral-dev68,1,sim,gate,0.066936749,0.066975171,0.000038422,280.0000
mixtral-dev68,1,sim,idle,0.066975171,0.066977655,0.000002484,84.0000
mixtral-dev68,1,sim,idle,0.066977655,0.066977817,0.000000162,84.0000
mixtral-dev68,1,sim,gate,0.066977817,0.066994921,0.000017104,280.0000
mixtral-dev68,1,sim,idle,0.066994921,0.067385333,0.000390412,84.0000
mixtral-dev68,1,sim,experts,0.067385333,0.078225333,0.010840001,700.0000
mixtral-dev68,1,sim,idle,0.078225333,0.083730953,0.005505620,84.0000
mixtral-dev68,1,sim,experts,0.083730953,0.093382342,0.009651388,700.0000
mixtral-dev68,1,sim,idle,0.093382342,0.094956064,0.001573722,84.0000
mixtral-dev68,1,sim,experts,0.094956064,0.108433241,0.013477177,700.0000
mixtral-dev68,1,sim,idle,0.108433241,0.108829054,0.000395813,84.0000
mixtral-dev68,1,sim,idle,0.108829054,0.108829216,0.000000162,84.0000
mixtral-dev68,1,sim,addnorm,0.108829216,0.108973421,0.000144205,140.0000
mixtral-dev68,1,sim,idle,0.108973421,0.108973582,0.000000162,84.0000
mixtral-dev68,1,sim,addnorm,0.108973582,0.108976120,0.000002538,140.0000
mixtral-dev68,1,sim,idle,0.108976120,0.108978047,0.000001927,84.0000
mixtral-dev68,1,sim,attention,0.108978047,0.121286013,0.012307966,700.0000
mixtral-dev68,1,sim,idle,0.121286013,0.121286174,0.000000162,84.0000
mixtral-dev68,1,sim,addnorm,0.121286174,0.121430379,0.000144205,140.0000
mixtral-dev68,1,sim,idle,0.121430379,0.121430541,0.000000162,84.0000
mixtral-dev68,1,sim,addnorm,0.121430541,0.121433081,0.000002540,140.0000
mixtral-dev68,1,sim,idle,0.121433081,0.121433243,0.000000162,84.0000
mixtral-dev68,1,sim,gate,0.121433243,0.121471665,0.000038422,280.0000
mixtral-dev68,1,sim,idle,0.121471665,0.121474149,0.000002484,84.0000
mixtral-dev68,1,sim,idle,0.121474149,0.121474311,0.000000162,84.0000
mixtral-dev68,1,sim,gate,0.121474311,0.121491415,0.000017104,280.0000
mixtral-dev68,1,sim,idle,0.121491415,0.121881827,0.000390412,84.0000
mixtral-dev68,1,sim,experts,0.121881827,0.132721827,0.010840001,700.0000
mixtral-dev68,1,sim,idle,0.132721827,0.138227447,0.005505620,84.0000
mixtral-dev68,1,sim,experts,0.138227447,0.147878835,0.009651388,700.0000
mixtral-dev68,1,sim,idle,0.147878835,0.149452558,0.001573722,84.0000
mixtral-dev68,1,sim,experts,0.149452558,0.162929735,0.013477177,700.0000
mixtral-dev68,1,sim,idle,0.162929735,0.163325548,0.000395813,84.0000
mixtral-dev68,1,sim,idle,0.163325548,0.163325710,0.000000162,84.0000
mixtral-dev68,1,sim,addnorm,0.163325710,0.163469914,0.000144205,140.0000
mixtral-dev68,1,sim,idle,0.163469914,0.163470076,0.000000162,84.0000
mixtral-dev68,1,sim,addnorm,0.163470076,0.163472614,0.000002538,140.0000
mixtral-dev68,1,sim,attention,0.163472614,0.175780580,0.012307966,700.0000
mixtral-dev68,1,sim,idle,0.175780580,0.175780741,0.000000162,84.0000
mixtral-dev68,1,sim,addnorm,0.175780741,0.175924946,0.000144205,140.0000
mixtral-dev68,1,sim,idle,0.175924946,0.175925108,0.000000162,84.0000
mixtral-dev68,1,sim,addnorm,0.175925108,0.175927648,0.000002540,140.0000
mixtral-dev68,1,sim,idle,0.175927648,0.175927810,0.000000162,84.0000
mixtral-dev68,1,sim,gate,0.175927810,0.175966232,0.000038422,280.0000
mixtral-dev68,1,sim,idle,0.175966232,0.175968716,0.000002484,84.0000
mixtral-dev68,1,sim,idle,0.175968716,0.175968878,0.000000162,84.0000
mixtral-dev68,1,sim,gate,0.175968878,0.175985982,0.000017104,280.0000
mixtral-dev68,1,sim,idle,0.175985982,0.176359290,0.000373308,84.0000
mixtral-dev68,1,sim,experts,0.176359290,0.187199290,0.010840001,700.0000
mixtral-dev68,1,sim,idle,0.187199290,0.192704910,0.005505620,84.0000
mixtral-dev68,1,sim,experts,0.192704910,0.202356298,0.009651388,700.0000
mixtral-dev68,1,sim,idle,0.202356298,0.203930021,0.001573722,84.0000
mixtral-dev68,1,sim,experts,0.203930021,0.217407198,0.013477177,700.0000
mixtral-dev68,1,sim,idle,0.217407198,0.217803011,0.000395813,84.0000
mixtral-dev68,1,sim,idle,0.217803011,0.217803173,0.000000162,84.0000
mixtral-dev68,1,sim,addnorm,0.217803173,0.217947377,0.000144205,140.0000
mixtral-dev68,1,sim,idle,0.217947377,0.217947539,0.000000162,84.0000
mixtral-dev68,1,sim,addnorm,0.217947539,0.217950077,0.000002538,140.0000
mixtral-dev68,1,sim,attention,0.217950077,0.230258043,0.012307966,700.0000
mixtral-dev68,1,sim,idle,0.230258043,0.230258204,0.000000162,84.0000
mixtral-dev68,1,sim,addnorm,0.230258204,0.230402409,0.000144205,140.0000
mixtral-dev68,1,sim,idle,0.230402409,0.230402571,0.000000162,84.0000
mixtral-dev68,1,sim,addnorm,0.230402571,0.230405111,0.000002540,140.0000
mixtral-dev68,1,sim,idle,0.230405111,0.230405273,0.000000162,84.0000
mixtral-dev68,1,sim,gate,0.230405273,0.230443695,0.000038422,280.0000
mixtral-dev68,1,sim,idle,0.230443695,0.230446179,0.000002484,84.0000
mixtral-dev68,1,sim,idle,0.230446179,0.230446341,0.000000162,84.0000
mixtral-dev68,1,sim,gate,0.230446341,0.230463445,0.000017104,280.0000
mixtral-dev68,1,sim,idle,0.230463445,0.230836753,0.000373308,84.0000
mixtral-dev68,1,sim,experts,0.230836753,0.241676753,0.010840001,700.0000
mixtral-dev68,1,sim,idle,0.241676753,0.247182373,0.005505620,84.0000
mixtral-dev68,1,sim,experts,0.247182373,0.256833761,0.009651388,700.0000
mixtral-dev68,1,sim,idle,0.256833761,0.258407484,0.001573722,84.0000
mixtral-dev68,1,sim,experts,0.258407484,0.271884661,0.013477177,700.0000
mixtral-dev68,1,sim,idle,0.271884661,0.272280474,0.000395813,84.0000
mixtral-dev68,1,sim,idle,0.272280474,0.272280636,0.000000162,84.0000
mixtral-dev68,1,sim,addnorm,0.272280636,0.272424840,0.000144205,140.0000
mixtral-dev68,1,sim,idle,0.272424840,0.272425002,0.000000162,84.0000
mixtral-dev68,1,sim,addnorm,0.272425002,0.272427540,0.000002538,140.0000
mixtral-dev68,1,sim,idle,0.272427540,0.407434531,0.135006991,84.0000
mixtral-dev68,1,sim,addnorm,0.407434531,0.407436619,0.000002089,140.0000
mixtral-dev68,1,sim,idle,0.407436619,0.407436781,0.000000162,84.0000
mixtral-dev68,1,sim,addnorm,0.407436781,0.407729549,0.000292768,140.0000
mixtral-dev68,1,sim,idle,0.407729549,0.407729711,0.000000162,84.0000
mixtral-dev68,1,sim,idle,0.407729711,0.407729872,0.000000162,84.0000
mixtral-dev68,1,sim,gate,0.407729872,0.407733191,0.000003318,280.0000
mixtral-dev68,1,sim,idle,0.407733191,0.408154205,0.000421015,84.0000
mixtral-dev68,1,sim,gate,0.408154205,0.408333335,0.000179130,280.0000
mixtral-dev68,1,sim,idle,0.408333335,0.408333496,0.000000162,84.0000
mixtral-dev68,1,sim,experts,0.408333496,0.427551986,0.019218489,700.0000
mixtral-dev68,1,sim,idle,0.427551986,0.429125708,0.001573722,84.0000
mixtral-dev68,1,sim,experts,0.429125708,0.448904567,0.019778859,700.0000
mixtral-dev68,1,sim,idle,0.448904567,0.454815081,0.005910514,84.0000
mixtral-dev68,1,sim,idle,0.454815081,0.454815243,0.000000162,84.0000
mixtral-dev68,1,sim,idle,0.454815243,0.454815404,0.000000162,84.0000
mixtral-dev68,1,sim,gate,0.454815404,0.454908003,0.000092598,280.0000
mixtral-dev68,1,sim,idle,0.454908003,0.454910487,0.000002484,84.0000
mixtral-dev68,1,sim,addnorm,0.454910487,0.454912573,0.000002086,140.0000
mixtral-dev68,1,sim,idle,0.454912573,0.454912735,0.000000162,84.0000
mixtral-dev68,1,sim,addnorm,0.454912735,0.455205503,0.000292768,140.0000
mixtral-dev68,1,sim,idle,0.455205503,0.455205664,0.000000162,84.0000
mixtral-dev68,1,sim,attention,0.455205664,0.479821596,0.024615932,700.0000
mixtral-dev68,1,sim,idle,0.479821596,0.524625196,0.044803600,84.0000
mixtral-dev68,1,sim,addnorm,0.524625196,0.524627285,0.000002089,140.0000
mixtral-dev68,1,sim,idle,0.524627285,0.524627446,0.000000162,84.0000
mixtral-dev68,1,sim,addnorm,0.524627446,0.524920214,0.000292768,140.0000
mixtral-dev68,1,sim,idle,0.524920214,0.524920376,0.000000162,84.0000
mixtral-dev68,1,sim,idle,0.524920376,0.524920537,0.000000162,84.0000
mixtral-dev68,1,sim,gate,0.524920537,0.524923856,0.000003318,280.0000
mixtral-dev68,1,sim,idle,0.524923856,0.525344869,0.000421013,84.0000
mixtral-dev68,1,sim,gate,0.525344869,0.525523999,0.000179130,280.0000
mixtral-dev68,1,sim,idle,0.525523999,0.525524160,0.000000162,84.0000
mixtral-dev68,1,sim,experts,0.525524160,0.544742650,0.019218489,700.0000
mixtral-dev68,1,sim,idle,0.544742650,0.546316372,0.001573722,84.0000
mixtral-dev68,1,sim,experts,0.546316372,0.566095231,0.019778859,700.0000
mixtral-dev68,1,sim,idle,0.566095231,0.572008516,0.005913285,84.0000
mixtral-dev68,1,sim,idle,0.572008516,0.572008677,0.000000162,84.0000
mixtral-dev68,1,sim,idle,0.572008677,0.572008839,0.000000162,84.0000
mixtral-dev68,1,sim,gate,0.572008839,0.572101437,0.000092598,280.0000
mixtral-dev68,1,sim,idle,0.572101437,0.572103921,0.000002484,84.0000
mixtral-dev68,1,sim,addnorm,0.572103921,0.572106007,0.000002086,140.0000
mixtral-dev68,1,sim,idle,0.572106007,0.572106169,0.000000162,84.0000
mixtral-dev68,1,sim,addnorm,0.572106169,0.572398937,0.000292768,140.0000
mixtral-dev68,1,sim,idle,0.572398937,0.572399099,0.000000162,84.0000
mixtral-dev68,1,sim,attention,0.572399099,0.597015031,0.024615932,700.0000
mixtral-dev68,1,sim,idle,0.597015031,0.641828801,0.044813770,84.0000
mixtral-dev68,1,sim,addnorm,0.641828801,0.641830889,0.000002089,140.0000
mixtral-dev68,1,sim,idle,0.641830889,0.641831051,0.000000162,84.0000
mixtral-dev68,1,sim,addnorm,0.641831051,0.642123819,0.000292768,140.0000
mixtral-dev68,1,sim,idle,0.642123819,0.642123981,0.000000162,84.0000
mixtral-dev68,1,sim,idle,0.642123981,0.642124142,0.000000162,84.0000
mixtral-dev68,1,sim,gate,0.642124142,0.642127461,0.000003318,280.0000
mixtral-dev68,1,sim,idle,0.642127461,0.642548476,0.000421015,84.0000
mixtral-dev68,1,sim,gate,0.642548476,0.642727605,0.000179130,280.0000
mixtral-dev68,1,sim,idle,0.642727605,0.642727767,0.000000162,84.0000
mixtral-dev68,1,sim,experts,0.642727767,0.661946256,0.019218489,700.0000
mixtral-dev68,1,sim,idle,0.661946256,0.663519978,0.001573722,84.0000
mixtral-dev68,1,sim,experts,0.663519978,0.683298837,0.019778859,700.0000
mixtral-dev68,1,sim,idle,0.683298837,0.689210259,0.005911422,84.0000
mixtral-dev68,1,sim,idle,0.689210259,0.689210420,0.000000162,84.0000
mixtral-dev68,1,sim,idle,0.689210420,0.689210582,0.000000162,84.0000
mixtral-dev68,1,sim,gate,0.689210582,0.689303180,0.000092598,280.0000
mixtral-dev68,1,sim,idle,0.689303180,0.689305665,0.000002484,84.0000
mixtral-dev68,1,sim,addnorm,0.689305665,0.689307751,0.000002086,140.0000
mixtral-dev68,1,sim,idle,0.689307751,0.689307912,0.000000162,84.0000
mixtral-dev68,1,sim,addnorm,0.689307912,0.689600680,0.000292768,140.0000
mixtral-dev68,1,sim,idle,0.689600680,0.689600842,0.000000162,84.0000
mixtral-dev68,1,sim,attention,0.689600842,0.714216774,0.024615932,700.0000
mixtral-dev68,1,sim,idle,0.714216774,0.720540959,0.006324186,84.0000
mixtral-dev68,1,sim,addnorm,0.720540959,0.720543048,0.000002089,140.0000
mixtral-dev68,1,sim,idle,0.720543048,0.720543210,0.000000162,84.0000
mixtral-dev68,1,sim,addnorm,0.720543210,0.720835978,0.000292768,140.0000
mixtral-dev68,1,sim,idle,0.720835978,0.720836139,0.000000162,84.0000
mixtral-dev68,1,sim,idle,0.720836139,0.720836301,0.000000162,84.0000
mixtral-dev68,1,sim,gate,0.720836301,0.720839619,0.000003318,280.0000
mixtral-dev68,1,sim,idle,0.720839619,0.721260636,0.000421017,84.0000
mixtral-dev68,1,sim,gate,0.721260636,0.721439766,0.000179130,280.0000
mixtral-dev68,1,sim,idle,0.721439766,0.721439927,0.000000162,84.0000
mixtral-dev68,1,sim,experts,0.721439927,0.740658417,0.019218489,700.0000
mixtral-dev68,1,sim,idle,0.740658417,0.742232139,0.001573722,84.0000
mixtral-dev68,1,sim,experts,0.742232139,0.762010998,0.019778859,700.0000
mixtral-dev68,1,sim,idle,0.762010998,0.767922129,0.005911131,84.0000
mixtral-dev68,1,sim,idle,0.767922129,0.767922291,0.000000162,84.0000
mixtral-dev68,1,sim,idle,0.767922291,0.767922452,0.000000162,84.0000
mixtral-dev68,1,sim,gate,0.767922452,0.768015051,0.000092598,280.0000
mixtral-dev68,1,sim,idle,0.768015051,0.768017535,0.000002484,84.0000
mixtral-dev68,1,sim,addnorm,0.768017535,0.768019621,0.000002086,140.0000
mixtral-dev68,1,sim,idle,0.768019621,0.768019783,0.000000162,84.0000
mixtral-dev68,1,sim,addnorm,0.768019783,0.768312551,0.000292768,140.0000
mixtral-dev68,1,sim,idle,0.768312551,0.768312712,0.000000162,84.0000
mixtral-dev68,1,sim,attention,0.768312712,0.792928644,0.024615932,700.0000
mixtral-dev68,1,sim,idle,0.792928644,0.865287511,0.072358867,84.0000
mixtral-dev68,2,sim,idle,0.865287511,0.919769064,0.054481553,84.0000
mixtral-dev68,2,sim,attention,0.919769064,0.932077030,0.012307966,700.0000
mixtral-dev68,2,sim,idle,0.932077030,0.932077191,0.000000162,84.0000
mixtral-dev68,2,sim,addnorm,0.932077191,0.932221396,0.000144205,140.0000
mixtral-dev68,2,sim,idle,0.932221396,0.932221558,0.000000162,84.0000
mixtral-dev68,2,sim,addnorm,0.932221558,0.932224098,0.000002540,140.0000
mixtral-dev68,2,sim,idle,0.932224098,0.932224260,0.000000162,84.0000
mixtral-dev68,2,sim,gate,0.932224260,0.932262682,0.000038422,280.0000
mixtral-dev68,2,sim,idle,0.932262682,0.932265166,0.000002484,84.0000
mixtral-dev68,2,sim,idle,0.932265166,0.932265328,0.000000162,84.0000
mixtral-dev68,2,sim,gate,0.932265328,0.932282432,0.000017104,280.0000
mixtral-dev68,2,sim,idle,0.932282432,0.932672844,0.000390412,84.0000
mixtral-dev68,2,sim,experts,0.932672844,0.943512844,0.010840001,700.0000
mixtral-dev68,2,sim,idle,0.943512844,0.949018464,0.005505620,84.0000
mixtral-dev68,2,sim,experts,0.949018464,0.958669853,0.009651388,700.0000
mixtral-dev68,2,sim,idle,0.958669853,0.960243575,0.001573722,84.0000
mixtral-dev68,2,sim,experts,0.960243575,0.973720752,0.013477177,700.0000
mixtral-dev68,2,sim,idle,0.973720752,0.974116565,0.000395813,84.0000
mixtral-dev68,2,sim,idle,0.974116565,0.974116727,0.000000162,84.0000
mixtral-dev68,2,sim,addnorm,0.974116727,0.974260932,0.000144205,140.0000
mixtral-dev68,2,sim,idle,0.974260932,0.974261093,0.000000162,84.0000
mixtral-dev68,2,sim,addnorm,0.974261093,0.974263631,0.000002538,140.0000
mixtral-dev68,2,sim,idle,0.974263631,0.974265558,0.000001927,84.0000
mixtral-dev68,2,sim,attention,0.974265558,0.986573524,0.012307966,700.0000
mixtral-dev68,2,sim,idle,0.986573524,0.986573685,0.000000162,84.0000
mixtral-dev68,2,sim,addnorm,0.986573685,0.986717890,0.000144205,140.0000
mixtral-dev68,2,sim,idle,0.986717890,0.986718052,0.000000162,84.0000
mixtral-dev68,2,sim,addnorm,0.986718052,0.986720592,0.000002540,140.0000
mixtral-dev68,2,sim,idle,0.986720592,0.986720754,0.000000162,84.0000
mixtral-dev68,2,sim,gate,0.986720754,0.986759176,0.000038422,280.0000
mixtral-dev68,2,sim,idle,0.986759176,0.986761660,0.000002484,84.0000
mixtral-dev68,2,sim,idle,0.986761660,0.986761822,0.000000162,84.0000
mixtral-dev68,2,sim,gate,0.986761822,0.986778926,0.000017104,280.0000
mixtral-dev68,2,sim,idle,0.986778926,0.987169338,0.000390412,84.0000
mixtral-dev68,2,sim,experts,0.987169338,0.998009338,0.010840001,700.0000
mixtral-dev68,2,sim,idle,0.998009338,1.003514958,0.005505620,84.0000
mixtral-dev68,2,sim,experts,1.003514958,1.013166347,0.009651388,700.0000
mixtral-dev68,2,sim,idle,1.013166347,1.014740069,0.001573722,84.0000
mixtral-dev68,2,sim,experts,1.014740069,1.028217246,0.013477177,700.0000
mixtral-dev68,2,sim,idle,1.028217246,1.028613059,0.000395813,84.0000
mixtral-dev68,2,sim,idle,1.028613059,1.028613221,0.000000162,84.0000
mixtral-dev68,2,sim,addnorm,1.028613221,1.028757426,0.000144205,140.0000
mixtral-dev68,2,sim,idle,1.028757426,1.028757587,0.000000162,84.0000
mixtral-dev68,2,sim,addnorm,1.028757587,1.028760125,0.000002538,140.0000
mixtral-dev68,2,sim,attention,1.028760125,1.041068091,0.012307966,700.0000
mixtral-dev68,2,sim,idle,1.041068091,1.041068252,0.000000162,84.0000
mixtral-dev68,2,sim,addnorm,1.041068252,1.041212457,0.000144205,140.0000
mixtral-dev68,2,sim,idle,1.041212457,1.041212619,0.000000162,84.0000
mixtral-dev68,2,sim,addnorm,1.041212619,1.041215159,0.000002540,140.0000
mixtral-dev68,2,sim,idle,1.041215159,1.041215321,0.000000162,84.0000
mixtral-dev68,2,sim,gate,1.041215321,1.041253743,0.000038422,280.0000
mixtral-dev68,2,sim,idle,1.041253743,1.041256227,0.000002484,84.0000
mixtral-dev68,2,sim,idle,1.041256227,1.041256389,0.000000162,84.0000
mixtral-dev68,2,sim,gate,1.041256389,1.041273493,0.000017104,280.0000
mixtral-dev68,2,sim,idle,1.041273493,1.041646801,0.000373308,84.0000
mixtral-dev68,2,sim,experts,1.041646801,1.052486801,0.010840001,700.0000
mixtral-dev68,2,sim,idle,1.052486801,1.057992421,0.005505620,84.0000
mixtral-dev68,2,sim,experts,1.057992421,1.067643810,0.009651388,700.0000
mixtral-dev68,2,sim,idle,1.067643810,1.069217532,0.001573722,84.0000
mixtral-dev68,2,sim,experts,1.069217532,1.082694709,0.013477177,700.0000
mixtral-dev68,2,sim,idle,1.082694709,1.083090522,0.000395813,84.0000
mixtral-dev68,2,sim,idle,1.083090522,1.083090684,0.000000162,84.0000
mixtral-dev68,2,sim,addnorm,1.083090684,1.083234889,0.000144205,140.0000
mixtral-dev68,2,sim,idle,1.083234889,1.083235050,0.000000162,84.0000
mixtral-dev68,2,sim,addnorm,1.083235050,1.083237588,0.000002538,140.0000
mixtral-dev68,2,sim,attention,1.083237588,1.095545554,0.012307966,700.0000
mixtral-dev68,2,sim,idle,1.095545554,1.095545715,0.000000162,84.0000
mixtral-dev68,2,sim,addnorm,1.095545715,1.095689920,0.000144205,140.0000
mixtral-dev68,2,sim,idle,1.095689920,1.095690082,0.000000162,84.0000
mixtral-dev68,2,sim,addnorm,1.095690082,1.095692622,0.000002540,140.0000
mixtral-dev68,2,sim,idle,1.095692622,1.095692784,0.000000162,84.0000
mixtral-dev68,2,sim,gate,1.095692784,1.095731206,0.000038422,280.0000
mixtral-dev68,2,sim,idle,1.095731206,1.095733690,0.000002484,84.0000
mixtral-dev68,2,sim,idle,1.095733690,1.095733852,0.000000162,84.0000
mixtral-dev68,2,sim,gate,1.095733852,1.095750956,0.000017104,280.0000
mixtral-dev68,2,sim,idle,1.095750956,1.096124264,0.000373308,84.0000
mixtral-dev68,2,sim,experts,1.096124264,1.106964264,0.010840001,700.0000
mixtral-dev68,2,sim,idle,1.106964264,1.112469884,0.005505620,84.0000
mixtral-dev68,2,sim,experts,1.112469884,1.122121273,0.009651388,700.0000
mixtral-dev68,2,sim,idle,1.122121273,1.123694995,0.001573722,84.0000
mixtral-dev68,2,sim,experts,1.123694995,1.137172172,0.013477177,700.0000
mixtral-dev68,2,sim,idle,1.137172172,1.137567985,0.000395813,84.0000
mixtral-dev68,2,sim,idle,1.137567985,1.137568147,0.000000162,84.0000
mixtral-dev68,2,sim,addnorm,1.137568147,1.137712352,0.000144205,140.0000
mixtral-dev68,2,sim,idle,1.137712352,1.137712513,0.000000162,84.0000
mixtral-dev68,2,sim,addnorm,1.137712513,1.137715051,0.000002538,140.0000
mixtral-dev68,2,sim,idle,1.137715051,1.272722042,0.135006991,84.0000
mixtral-dev68,2,sim,addnorm,1.272722042,1.272724131,0.000002089,140.0000
mixtral-dev68,2,sim,idle,1.272724131,1.272724292,0.000000162,84.0000
mixtral-dev68,2,sim,addnorm,1.272724292,1.273017060,0.000292768,140.0000
mixtral-dev68,2,sim,idle,1.273017060,1.273017222,0.000000162,84.0000
mixtral-dev68,2,sim,idle,1.273017222,1.273017383,0.000000162,84.0000
mixtral-dev68,2,sim,gate,1.273017383,1.273020702,0.000003318,280.0000
mixtral-dev68,2,sim,idle,1.273020702,1.273441716,0.000421015,84.0000
mixtral-dev68,2,sim,gate,1.273441716,1.273620846,0.000179130,280.0000
mixtral-dev68,2,sim,idle,1.273620846,1.273621008,0.000000162,84.0000
mixtral-dev68,2,sim,experts,1.273621008,1.292839497,0.019218489,700.0000
mixtral-dev68,2,sim,idle,1.292839497,1.294413219,0.001573722,84.0000
mixtral-dev68,2,sim,experts,1.294413219,1.314192078,0.019778859,700.0000
mixtral-dev68,2,sim,idle,1.314192078,1.320102592,0.005910514,84.0000
mixtral-dev68,2,sim,idle,1.320102592,1.320102754,0.000000162,84.0000
mixtral-dev68,2,sim,idle,1.320102754,1.320102916,0.000000162,84.0000
mixtral-dev68,2,sim,gate,1.320102916,1.320195514,0.000092598,280.0000
mixtral-dev68,2,sim,idle,1.320195514,1.320197998,0.000002484,84.0000
mixtral-dev68,2,sim,addnorm,1.320197998,1.320200084,0.000002086,140.0000
mixtral-dev68,2,sim,idle,1.320200084,1.320200246,0.000000162,84.0000
mixtral-dev68,2,sim,addnorm,1.320200246,1.320493014,0.000292768,140.0000
mixtral-dev68,2,sim,idle,1.320493014,1.320493175,0.000000162,84.0000
mixtral-dev68,2,sim,attention,1.320493175,1.345109107,0.024615932,700.0000
mixtral-dev68,2,sim,idle,1.345109107,1.389912707,0.044803600,84.0000
mixtral-dev68,2,sim,addnorm,1.389912707,1.389914796,0.000002089,140.0000
mixtral-dev68,2,sim,idle,1.389914796,1.389914957,0.000000162,84.0000
mixtral-dev68,2,sim,addnorm,1.389914957,1.390207725,0.000292768,140.0000
mixtral-dev68,2,sim,idle,1.390207725,1.390207887,0.000000162,84.0000
mixtral-dev68,2,sim,idle,1.390207887,1.390208049,0.000000162,84.0000
mixtral-dev68,2,sim,gate,1.390208049,1.390211367,0.000003318,280.0000
mixtral-dev68,2,sim,idle,1.390211367,1.390632380,0.000421013,84.0000
mixtral-dev68,2,sim,gate,1.390632380,1.390811510,0.000179130,280.0000
mixtral-dev68,2,sim,idle,1.390811510,1.390811671,0.000000162,84.0000
mixtral-dev68,2,sim,experts,1.390811671,1.410030161,0.019218489,700.0000
mixtral-dev68,2,sim,idle,1.410030161,1.411603883,0.001573722,84.0000
mixtral-dev68,2,sim,experts,1.411603883,1.431382742,0.019778859,700.0000
mixtral-dev68,2,sim,idle,1.431382742,1.437296027,0.005913285,84.0000
mixtral-dev68,2,sim,idle,1.437296027,1.437296188,0.000000162,84.0000
mixtral-dev68,2,sim,idle,1.437296188,1.437296350,0.000000162,84.0000
mixtral-dev68,2,sim,gate,1.437296350,1.437388948,0.000092598,280.0000
mixtral-dev68,2,sim,idle,1.437388948,1.437391432,0.000002484,84.0000
mixtral-dev68,2,sim,addnorm,1.437391432,1.437393519,0.000002086,140.0000
mixtral-dev68,2,sim,idle,1.437393519,1.437393680,0.000000162,84.0000
mixtral-dev68,2,sim,addnorm,1.437393680,1.437686448,0.000292768,140.0000
mixtral-dev68,2,sim,idle,1.437686448,1.437686610,0.000000162,84.0000
mixtral-dev68,2,sim,attention,1.437686610,1.462302542,0.024615932,700.0000
mixtral-dev68,2,sim,idle,1.462302542,1.507116312,0.044813770,84.0000
mixtral-dev68,2,sim,addnorm,1.507116312,1.507118400,0.000002089,140.0000
mixtral-dev68,2,sim,idle,1.507118400,1.507118562,0.000000162,84.0000
mixtral-dev68,2,sim,addnorm,1.507118562,1.507411330,0.000292768,140.0000
mixtral-dev68,2,sim,idle,1.507411330,1.507411492,0.000000162,84.0000
mixtral-dev68,2,sim,idle,1.507411492,1.507411653,0.000000162,84.0000
mixtral-dev68,2,sim,gate,1.507411653,1.507414972,0.000003318,280.0000
mixtral-dev68,2,sim,idle,1.507414972,1.507835987,0.000421015,84.0000
mixtral-dev68,2,sim,gate,1.507835987,1.508015116,0.000179130,280.0000
mixtral-dev68,2,sim,idle,1.508015116,1.508015278,0.000000162,84.0000
mixtral-dev68,2,sim,experts,1.508015278,1.527233767,0.019218489,700.0000
mixtral-dev68,2,sim,idle,1.527233767,1.528807489,0.001573722,84.0000
mixtral-dev68,2,sim,experts,1.528807489,1.548586348,0.019778859,700.0000
mixtral-dev68,2,sim,idle,1.548586348,1.554497770,0.005911422,84.0000
mixtral-dev68,2,sim,idle,1.554497770,1.554497932,0.000000162,84.0000
mixtral-dev68,2,sim,idle,1.554497932,1.554498093,0.000000162,84.0000
mixtral-dev68,2,sim,gate,1.554498093,1.554590692,0.000092598,280.0000
mixtral-dev68,2,sim,idle,1.554590692,1.554593176,0.000002484,84.0000
mixtral-dev68,2,sim,addnorm,1.554593176,1.554595262,0.000002086,140.0000
mixtral-dev68,2,sim,idle,1.554595262,1.554595423,0.000000162,84.0000
mixtral-dev68,2,sim,addnorm,1.554595423,1.554888191,0.000292768,140.0000
mixtral-dev68,2,sim,idle,1.554888191,1.554888353,0.000000162,84.0000
mixtral-dev68,2,sim,attention,1.554888353,1.579504285,0.024615932,700.0000
mixtral-dev68,2,sim,idle,1.579504285,1.585828470,0.006324186,84.0000
mixtral-dev68,2,sim,addnorm,1.585828470,1.585830559,0.000002089,140.0000
mixtral-dev68,2,sim,idle,1.585830559,1.585830721,0.000000162,84.0000
mixtral-dev68,2,sim,addnorm,1.585830721,1.586123489,0.000292768,140.0000
mixtral-dev68,2,sim,idle,1.586123489,1.586123650,0.000000162,84.0000
mixtral-dev68,2,sim,idle,1.586123650,1.586123812,0.000000162,84.0000
mixtral-dev68,2,sim,gate,1.586123812,1.586127130,0.000003318,280.0000
mixtral-dev68,2,sim,idle,1.586127130,1.586548147,0.000421017,84.0000
mixtral-dev68,2,sim,gate,1.586548147,1.586727277,0.000179130,280.0000
mixtral-dev68,2,sim,idle,1.586727277,1.586727438,0.000000162,84.0000
mixtral-dev68,2,sim,experts,1.586727438,1.605945928,0.019218489,700.0000
mixtral-dev68,2,sim,idle,1.605945928,1.607519650,0.001573722,84.0000
mixtral-dev68,2,sim,experts,1.607519650,1.627298509,0.019778859,700.0000
mixtral-dev68,2,sim,idle,1.627298509,1.633209640,0.005911131,84.0000
mixtral-dev68,2,sim,idle,1.633209640,1.633209802,0.000000162,84.0000
mixtral-dev68,2,sim,idle,1.633209802,1.633209963,0.000000162,84.0000
mixtral-dev68,2,sim,gate,1.633209963,1.633302562,0.000092598,280.0000
mixtral-dev68,2,sim,idle,1.633302562,1.633305046,0.000002484,84.0000
mixtral-dev68,2,sim,addnorm,1.633305046,1.633307132,0.000002086,140.0000
mixtral-dev68,2,sim,idle,1.633307132,1.633307294,0.000000162,84.0000
mixtral-dev68,2,sim,addnorm,1.633307294,1.633600062,0.000292768,140.0000
mixtral-dev68,2,sim,idle,1.633600062,1.633600223,0.000000162,84.0000
mixtral-dev68,2,sim,attention,1.633600223,1.658216155,0.024615932,700.0000
mixtral-dev68,2,sim,idle,1.658216155,1.730575022,0.072358867,84.0000
mixtral-dev68,3,sim,idle,1.730575022,1.785056575,0.054481553,84.0000
mixtral-dev68,3,sim,attention,1.785056575,1.797364541,0.012307966,700.0000
mixtral-dev68,3,sim,idle,1.797364541,1.797364703,0.000000162,84.0000
mixtral-dev68,3,sim,addnorm,1.797364703,1.797508907,0.000144205,140.0000
mixtral-dev68,3,sim,idle,1.797508907,1.797509069,0.000000162,84.0000
mixtral-dev68,3,sim,addnorm,1.797509069,1.797511609,0.000002540,140.0000
mixtral-dev68,3,sim,idle,1.797511609,1.797511771,0.000000162,84.0000
mixtral-dev68,3,sim,gate,1.797511771,1.797550193,0.000038422,280.0000
mixtral-dev68,3,sim,idle,1.797550193,1.797552678,0.000002484,84.0000
mixtral-dev68,3,sim,idle,1.797552678,1.797552839,0.000000162,84.0000
mixtral-dev68,3,sim,gate,1.797552839,1.797569943,0.000017104,280.0000
mixtral-dev68,3,sim,idle,1.797569943,1.797960355,0.000390412,84.0000
mixtral-dev68,3,sim,experts,1.797960355,1.808800356,0.010840001,700.0000
mixtral-dev68,3,sim,idle,1.808800356,1.814305975,0.005505620,84.0000
mixtral-dev68,3,sim,experts,1.814305975,1.823957364,0.009651388,700.0000
mixtral-dev68,3,sim,idle,1.823957364,1.825531086,0.001573722,84.0000
mixtral-dev68,3,sim,experts,1.825531086,1.839008263,0.013477177,700.0000
mixtral-dev68,3,sim,idle,1.839008263,1.839404076,0.000395813,84.0000
mixtral-dev68,3,sim,idle,1.839404076,1.839404238,0.000000162,84.0000
mixtral-dev68,3,sim,addnorm,1.839404238,1.839548443,0.000144205,140.0000
mixtral-dev68,3,sim,idle,1.839548443,1.839548604,0.000000162,84.0000
mixtral-dev68,3,sim,addnorm,1.839548604,1.839551142,0.000002538,140.0000
mixtral-dev68,3,sim,idle,1.839551142,1.839553069,0.000001927,84.0000
mixtral-dev68,3,sim,attention,1.839553069,1.851861035,0.012307966,700.0000
mixtral-dev68,3,sim,idle,1.851861035,1.851861196,0.000000162,84.0000
mixtral-dev68,3,sim,addnorm,1.851861196,1.852005401,0.000144205,140.0000
mixtral-dev68,3,sim,idle,1.852005401,1.852005563,0.000000162,84.0000
mixtral-dev68,3,sim,addnorm,1.852005563,1.852008103,0.000002540,140.0000
mixtral-dev68,3,sim,idle,1.852008103,1.852008265,0.000000162,84.0000
mixtral-dev68,3,sim,gate,1.852008265,1.852046687,0.000038422,280.0000
mixtral-dev68,3,sim,idle,1.852046687,1.852049171,0.000002484,84.0000
mixtral-dev68,3,sim,idle,1.852049171,1.852049333,0.000000162,84.0000
mixtral-dev68,3,sim,gate,1.852049333,1.852066437,0.000017104,280.0000
mixtral-dev68,3,sim,idle,1.852066437,1.852456849,0.000390412,84.0000
mixtral-dev68,3,sim,experts,1.852456849,1.863296849,0.010840001,700.0000
mixtral-dev68,3,sim,idle,1.863296849,1.868802469,0.005505620,84.0000
mixtral-dev68,3,sim,experts,1.868802469,1.878453858,0.009651388,700.0000
mixtral-dev68,3,sim,idle,1.878453858,1.880027580,0.001573722,84.0000
mixtral-dev68,3,sim,experts,1.880027580,1.893504757,0.013477177,700.0000
mixtral-dev68,3,sim,idle,1.893504757,1.893900570,0.000395813,84.0000
mixtral-dev68,3,sim,idle,1.893900570,1.893900732,0.000000162,84.0000
mixtral-dev68,3,sim,addnorm,1.893900732,1.894044937,0.000144205,140.0000
mixtral-dev68,3,sim,idle,1.894044937,1.894045098,0.000000162,84.0000
mixtral-dev68,3,sim,addnorm,1.894045098,1.894047636,0.000002538,140.0000
mixtral-dev68,3,sim,attention,1.894047636,1.906355602,0.012307966,700.0000
mixtral-dev68,3,sim,idle,1.906355602,1.906355763,0.000000162,84.0000
mixtral-dev68,3,sim,addnorm,1.906355763,1.906499968,0.000144205,140.0000
mixtral-dev68,3,sim,idle,1.906499968,1.906500130,0.000000162,84.0000
mixtral-dev68,3,sim,addnorm,1.906500130,1.906502670,0.000002540,140.0000
mixtral-dev68,3,sim,idle,1.906502670,1.906502832,0.000000162,84.0000
mixtral-dev68,3,sim,gate,1.906502832,1.906541254,0.000038422,280.0000
mixtral-dev68,3,sim,idle,1.906541254,1.906543738,0.000002484,84.0000
mixtral-dev68,3,sim,idle,1.906543738,1.906543900,0.000000162,84.0000
mixtral-dev68,3,sim,gate,1.906543900,1.906561004,0.000017104,280.0000
mixtral-dev68,3,sim,idle,1.906561004,1.906934312,0.000373308,84.0000
mixtral-dev68,3,sim,experts,1.906934312,1.917774312,0.010840001,700.0000
mixtral-dev68,3,sim,idle,1.917774312,1.923279932,0.005505620,84.0000
mixtral-dev68,3,sim,experts,1.923279932,1.932931321,0.009651388,700.0000
mixtral-dev68,3,sim,idle,1.932931321,1.934505043,0.001573722,84.0000
mixtral-dev68,3,sim,experts,1.934505043,1.947982220,0.013477177,700.0000
mixtral-dev68,3,sim,idle,1.947982220,1.948378033,0.000395813,84.0000
mixtral-dev68,3,sim,idle,1.948378033,1.948378195,0.000000162,84.0000
mixtral-dev68,3,sim,addnorm,1.948378195,1.948522400,0.000144205,140.0000
mixtral-dev68,3,sim,idle,1.948522400,1.948522561,0.000000162,84.0000
mixtral-dev68,3,sim,addnorm,1.948522561,1.948525099,0.000002538,140.0000
mixtral-dev68,3,sim,attention,1.948525099,1.960833065,0.012307966,700.0000
mixtral-dev68,3,sim,idle,1.960833065,1.960833226,0.000000162,84.0000
mixtral-dev68,3,sim,addnorm,1.960833226,1.960977431,0.000144205,140.0000
mixtral-dev68,3,sim,idle,1.960977431,1.960977593,0.000000162,84.0000
mixtral-dev68,3,sim,addnorm,1.960977593,1.960980133,0.000002540,140.0000
mixtral-dev68,3,sim,idle,1.960980133,1.960980295,0.000000162,84.0000
mixtral-dev68,3,sim,gate,1.960980295,1.961018717,0.000038422,280.0000
mixtral-dev68,3,sim,idle,1.961018717,1.961021201,0.000002484,84.0000
mixtral-dev68,3,sim,idle,1.961021201,1.961021363,0.000000162,84.0000
mixtral-dev68,3,sim,gate,1.961021363,1.961038467,0.000017104,280.0000
mixtral-dev68,3,sim,idle,1.961038467,1.961411775,0.000373308,84.0000
mixtral-dev68,3,sim,experts,1.961411775,1.972251775,0.010840001,700.0000
mixtral-dev68,3,sim,idle,1.972251775,1.977757395,0.005505620,84.0000
mixtral-dev68,3,sim,experts,1.977757395,1.987408784,0.009651388,700.0000
mixtral-dev68,3,sim,idle,1.987408784,1.988982506,0.001573722,84.0000
mixtral-dev68,3,sim,experts,1.988982506,2.002459683,0.013477177,700.0000
mixtral-dev68,3,sim,idle,2.002459683,2.002855496,0.000395813,84.0000
mixtral-dev68,3,sim,idle,2.002855496,2.002855658,0.000000162,84.0000
mixtral-dev68,3,sim,addnorm,2.002855658,2.002999863,0.000144205,140.0000
mixtral-dev68,3,sim,idle,2.002999863,2.003000024,0.000000162,84.0000
mixtral-dev68,3,sim,addnorm,2.003000024,2.003002562,0.000002538,140.0000
mixtral-dev68,3,sim,idle,2.003002562,2.138009553,0.135006991,84.0000
mixtral-dev68,3,sim,addnorm,2.138009553,2.138011642,0.000002089,140.0000
mixtral-dev68,3,sim,idle,2.138011642,2.138011803,0.000000162,84.0000
mixtral-dev68,3,sim,addnorm,2.138011803,2.138304571,0.000292768,140.0000
mixtral-dev68,3,sim,idle,2.138304571,2.138304733,0.000000162,84.0000
mixtral-dev68,3,sim,idle,2.138304733,2.138304894,0.000000162,84.0000
mixtral-dev68,3,sim,gate,2.138304894,2.138308213,0.000003318,280.0000
mixtral-dev68,3,sim,idle,2.138308213,2.138729227,0.000421015,84.0000
mixtral-dev68,3,sim,gate,2.138729227,2.138908357,0.000179130,280.0000
mixtral-dev68,3,sim,idle,2.138908357,2.138908519,0.000000162,84.0000
mixtral-dev68,3,sim,experts,2.138908519,2.158127008,0.019218489,700.0000
mixtral-dev68,3,sim,idle,2.158127008,2.159700730,0.001573722,84.0000
mixtral-dev68,3,sim,experts,2.159700730,2.179479589,0.019778859,700.0000
mixtral-dev68,3,sim,idle,2.179479589,2.185390103,0.005910514,84.0000
mixtral-dev68,3,sim,idle,2.185390103,2.185390265,0.000000162,84.0000
mixtral-dev68,3,sim,idle,2.185390265,2.185390427,0.000000162,84.0000
mixtral-dev68,3,sim,gate,2.185390427,2.185483025,0.000092598,280.0000
mixtral-dev68,3,sim,idle,2.185483025,2.185485509,0.000002484,84.0000
mixtral-dev68,3,sim,addnorm,2.185485509,2.185487595,0.000002086,140.0000
mixtral-dev68,3,sim,idle,2.185487595,2.185487757,0.000000162,84.0000
mixtral-dev68,3,sim,addnorm,2.185487757,2.185780525,0.000292768,140.0000
mixtral-dev68,3,sim,idle,2.185780525,2.185780687,0.000000162,84.0000
mixtral-dev68,3,sim,attention,2.185780687,2.210396618,0.024615932,700.0000
mixtral-dev68,3,sim,idle,2.210396618,2.255200218,0.044803600,84.0000
mixtral-dev68,3,sim,addnorm,2.255200218,2.255202307,0.000002089,140.0000
mixtral-dev68,3,sim,idle,2.255202307,2.255202468,0.000000162,84.0000
mixtral-dev68,3,sim,addnorm,2.255202468,2.255495236,0.000292768,140.0000
mixtral-dev68,3,sim,idle,2.255495236,2.255495398,0.000000162,84.0000
mixtral-dev68,3,sim,idle,2.255495398,2.255495560,0.000000162,84.0000
mixtral-dev68,3,sim,gate,2.255495560,2.255498878,0.000003318,280.0000
mixtral-dev68,3,sim,idle,2.255498878,2.255919891,0.000421013,84.0000
mixtral-dev68,3,sim,gate,2.255919891,2.256099021,0.000179130,280.0000
mixtral-dev68,3,sim,idle,2.256099021,2.256099182,0.000000162,84.0000
mixtral-dev68,3,sim,experts,2.256099182,2.275317672,0.019218489,700.0000
mixtral-dev68,3,sim,idle,2.275317672,2.276891394,0.001573722,84.0000
mixtral-dev68,3,sim,experts,2.276891394,2.296670253,0.019778859,700.0000
mixtral-dev68,3,sim,idle,2.296670253,2.302583538,0.005913285,84.0000
mixtral-dev68,3,sim,idle,2.302583538,2.302583699,0.000000162,84.0000
mixtral-dev68,3,sim,idle,2.302583699,2.302583861,0.000000162,84.0000
mixtral-dev68,3,sim,gate,2.302583861,2.302676459,0.000092598,280.0000
mixtral-dev68,3,sim,idle,2.302676459,2.302678944,0.000002484,84.0000
mixtral-dev68,3,sim,addnorm,2.302678944,2.302681030,0.000002086,140.0000
mixtral-dev68,3,sim,idle,2.302681030,2.302681191,0.000000162,84.0000
mixtral-dev68,3,sim,addnorm,2.302681191,2.302973959,0.000292768,140.0000
mixtral-dev68,3,sim,idle,2.302973959,2.302974121,0.000000162,84.0000
mixtral-dev68,3,sim,attention,2.302974121,2.327590053,0.024615932,700.0000
mixtral-dev68,3,sim,idle,2.327590053,2.372403823,0.044813770,84.0000
mixtral-dev68,3,sim,addnorm,2.372403823,2.372405912,0.000002089,140.0000
mixtral-dev68,3,sim,idle,2.372405912,2.372406073,0.000000162,84.0000
mixtral-dev68,3,sim,addnorm,2.372406073,2.372698841,0.000292768,140.0000
mixtral-dev68,3,sim,idle,2.372698841,2.372699003,0.000000162,84.0000
mixtral-dev68,3,sim,idle,2.372699003,2.372699164,0.000000162,84.0000
mixtral-dev68,3,sim,gate,2.372699164,2.372702483,0.000003318,280.0000
mixtral-dev68,3,sim,idle,2.372702483,2.373123498,0.000421015,84.0000
mixtral-dev68,3,sim,gate,2.373123498,2.373302627,0.000179130,280.0000
mixtral-dev68,3,sim,idle,2.373302627,2.373302789,0.000000162,84.0000
mixtral-dev68,3,sim,experts,2.373302789,2.392521278,0.019218489,700.0000
mixtral-dev68,3,sim,idle,2.392521278,2.394095000,0.001573722,84.0000
mixtral-dev68,3,sim,experts,2.394095000,2.413873859,0.019778859,700.0000
mixtral-dev68,3,sim,idle,2.413873859,2.419785281,0.005911422,84.0000
mixtral-dev68,3,sim,idle,2.419785281,2.419785443,0.000000162,84.0000
mixtral-dev68,3,sim,idle,2.419785443,2.419785604,0.000000162,84.0000
mixtral-dev68,3,sim,gate,2.419785604,2.419878203,0.000092598,280.0000
mixtral-dev68,3,sim,idle,2.419878203,2.419880687,0.000002484,84.0000
mixtral-dev68,3,sim,addnorm,2.419880687,2.419882773,0.000002086,140.0000
mixtral-dev68,3,sim,idle,2.419882773,2.419882935,0.000000162,84.0000
mixtral-dev68,3,sim,addnorm,2.419882935,2.420175703,0.000292768,140.0000
mixtral-dev68,3,sim,idle,2.420175703,2.420175864,0.000000162,84.0000
mixtral-dev68,3,sim,attention,2.420175864,2.444791796,0.024615932,700.0000
mixtral-dev68,3,sim,idle,2.444791796,2.451115982,0.006324186,84.0000
mixtral-dev68,3,sim,addnorm,2.451115982,2.451118070,0.000002089,140.0000
mixtral-dev68,3,sim,idle,2.451118070,2.451118232,0.000000162,84.0000
mixtral-dev68,3,sim,addnorm,2.451118232,2.451411000,0.000292768,140.0000
mixtral-dev68,3,sim,idle,2.451411000,2.451411161,0.000000162,84.0000
mixtral-dev68,3,sim,idle,2.451411161,2.451411323,0.000000162,84.0000
mixtral-dev68,3,sim,gate,2.451411323,2.451414641,0.000003318,280.0000
mixtral-dev68,3,sim,idle,2.451414641,2.451835658,0.000421017,84.0000
mixtral-dev68,3,sim,gate,2.451835658,2.452014788,0.000179130,280.0000
mixtral-dev68,3,sim,idle,2.452014788,2.452014949,0.000000162,84.0000
mixtral-dev68,3,sim,experts,2.452014949,2.471233439,0.019218489,700.0000
mixtral-dev68,3,sim,idle,2.471233439,2.472807161,0.001573722,84.0000
mixtral-dev68,3,sim,experts,2.472807161,2.492586020,0.019778859,700.0000
mixtral-dev68,3,sim,idle,2.492586020,2.498497151,0.005911131,84.0000
mixtral-dev68,3,sim,idle,2.498497151,2.498497313,0.000000162,84.0000
mixtral-dev68,3,sim,idle,2.498497313,2.498497475,0.000000162,84.0000
mixtral-dev68,3,sim,gate,2.498497475,2.498590073,0.000092598,280.0000
mixtral-dev68,3,sim,idle,2.498590073,2.498592557,0.000002484,84.0000
mixtral-dev68,3,sim,addnorm,2.498592557,2.498594643,0.000002086,140.0000
mixtral-dev68,3,sim,idle,2.498594643,2.498594805,0.000000162,84.0000
mixtral-dev68,3,sim,addnorm,2.498594805,2.498887573,0.000292768,140.0000
mixtral-dev68,3,sim,idle,2.498887573,2.498887734,0.000000162,84.0000
mixtral-dev68,3,sim,attention,2.498887734,2.523503666,0.024615932,700.0000
mixtral-dev68,3,sim,idle,2.523503666,2.595862533,0.072358867,84.0000
mixtral-dev68,4,sim,idle,2.595862533,2.650344086,0.054481553,84.0000
mixtral-dev68,4,sim,attention,2.650344086,2.662652052,0.012307966,700.0000
mixtral-dev68,4,sim,idle,2.662652052,2.662652214,0.000000162,84.0000
mixtral-dev68,4,sim,addnorm,2.662652214,2.662796418,0.000144205,140.0000
mixtral-dev68,4,sim,idle,2.662796418,2.662796580,0.000000162,84.0000
mixtral-dev68,4,sim,addnorm,2.662796580,2.662799121,0.000002540,140.0000
mixtral-dev68,4,sim,idle,2.662799121,2.662799282,0.000000162,84.0000
mixtral-dev68,4,sim,gate,2.662799282,2.662837705,0.000038422,280.0000
mixtral-dev68,4,sim,idle,2.662837705,2.662840189,0.000002484,84.0000
mixtral-dev68,4,sim,idle,2.662840189,2.662840350,0.000000162,84.0000
mixtral-dev68,4,sim,gate,2.662840350,2.662857454,0.000017104,280.0000
mixtral-dev68,4,sim,idle,2.662857454,2.663247866,0.000390412,84.0000
mixtral-dev68,4,sim,experts,2.663247866,2.674087867,0.010840001,700.0000
mixtral-dev68,4,sim,idle,2.674087867,2.679593486,0.005505620,84.0000
mixtral-dev68,4,sim,experts,2.679593486,2.689244875,0.009651388,700.0000
mixtral-dev68,4,sim,idle,2.689244875,2.690818597,0.001573722,84.0000
mixtral-dev68,4,sim,experts,2.690818597,2.704295774,0.013477177,700.0000
mixtral-dev68,4,sim,idle,2.704295774,2.704691587,0.000395813,84.0000
mixtral-dev68,4,sim,idle,2.704691587,2.704691749,0.000000162,84.0000
mixtral-dev68,4,sim,addnorm,2.704691749,2.704835954,0.000144205,140.0000
mixtral-dev68,4,sim,idle,2.704835954,2.704836115,0.000000162,84.0000
mixtral-dev68,4,sim,addnorm,2.704836115,2.704838653,0.000002538,140.0000
mixtral-dev68,4,sim,idle,2.704838653,2.704840580,0.000001927,84.0000
mixtral-dev68,4,sim,attention,2.704840580,2.717148546,0.012307966,700.0000
mixtral-dev68,4,sim,idle,2.717148546,2.717148708,0.000000162,84.0000
mixtral-dev68,4,sim,addnorm,2.717148708,2.717292912,0.000144205,140.0000
mixtral-dev68,4,sim,idle,2.717292912,2.717293074,0.000000162,84.0000
mixtral-dev68,4,sim,addnorm,2.717293074,2.717295614,0.000002540,140.0000
mixtral-dev68,4,sim,idle,2.717295614,2.717295776,0.000000162,84.0000
mixtral-dev68,4,sim,gate,2.717295776,2.717334198,0.000038422,280.0000
mixtral-dev68,4,sim,idle,2.717334198,2.717336683,0.000002484,84.0000
mixtral-dev68,4,sim,idle,2.717336683,2.717336844,0.000000162,84.0000
mixtral-dev68,4,sim,gate,2.717336844,2.717353948,0.000017104,280.0000
mixtral-dev68,4,sim,idle,2.717353948,2.717744360,0.000390412,84.0000
mixtral-dev68,4,sim,experts,2.717744360,2.728584361,0.010840001,700.0000
mixtral-dev68,4,sim,idle,2.728584361,2.734089980,0.005505620,84.0000
mixtral-dev68,4,sim,experts,2.734089980,2.743741369,0.009651388,700.0000
mixtral-dev68,4,sim,idle,2.743741369,2.745315091,0.001573722,84.0000
mixtral-dev68,4,sim,experts,2.745315091,2.758792268,0.013477177,700.0000
mixtral-dev68,4,sim,idle,2.758792268,2.759188081,0.000395813,84.0000
mixtral-dev68,4,sim,idle,2.759188081,2.759188243,0.000000162,84.0000
mixtral-dev68,4,sim,addnorm,2.759188243,2.759332448,0.000144205,140.0000
mixtral-dev68,4,sim,idle,2.759332448,2.759332609,0.000000162,84.0000
mixtral-dev68,4,sim,addnorm,2.759332609,2.759335147,0.000002538,140.0000
mixtral-dev68,4,sim,attention,2.759335147,2.771643113,0.012307966,700.0000
mixtral-dev68,4,sim,idle,2.771643113,2.771643275,0.000000162,84.0000
mixtral-dev68,4,sim,addnorm,2.771643275,2.771787479,0.000144205,140.0000
mixtral-dev68,4,sim,idle,2.771787479,2.771787641,0.000000162,84.0000
mixtral-dev68,4,sim,addnorm,2.771787641,2.771790181,0.000002540,140.0000
mixtral-dev68,4,sim,idle,2.771790181,2.771790343,0.000000162,84.0000
mixtral-dev68,4,sim,gate,2.771790343,2.771828765,0.000038422,280.0000
mixtral-dev68,4,sim,idle,2.771828765,2.771831250,0.000002484,84.0000
mixtral-dev68,4,sim,idle,2.771831250,2.771831411,0.000000162,84.0000
mixtral-dev68,4,sim,gate,2.771831411,2.771848515,0.000017104,280.0000
mixtral-dev68,4,sim,idle,2.771848515,2.772221823,0.000373308,84.0000
mixtral-dev68,4,sim,experts,2.772221823,2.783061824,0.010840001,700.0000
mixtral-dev68,4,sim,idle,2.783061824,2.788567443,0.005505620,84.0000
mixtral-dev68,4,sim,experts,2.788567443,2.798218832,0.009651388,700.0000
mixtral-dev68,4,sim,idle,2.798218832,2.799792554,0.001573722,84.0000
mixtral-dev68,4,sim,experts,2.799792554,2.813269731,0.013477177,700.0000
mixtral-dev68,4,sim,idle,2.813269731,2.813665544,0.000395813,84.0000
mixtral-dev68,4,sim,idle,2.813665544,2.813665706,0.000000162,84.0000
mixtral-dev68,4,sim,addnorm,2.813665706,2.813809911,0.000144205,140.0000
mixtral-dev68,4,sim,idle,2.813809911,2.813810072,0.000000162,84.0000
mixtral-dev68,4,sim,addnorm,2.813810072,2.813812610,0.000002538,140.0000
mixtral-dev68,4,sim,attention,2.813812610,2.826120576,0.012307966,700.0000
mixtral-dev68,4,sim,idle,2.826120576,2.826120738,0.000000162,84.0000
mixtral-dev68,4,sim,addnorm,2.826120738,2.826264942,0.000144205,140.0000
mixtral-dev68,4,sim,idle,2.826264942,2.826265104,0.000000162,84.0000
mixtral-dev68,4,sim,addnorm,2.826265104,2.826267644,0.000002540,140.0000
mixtral-dev68,4,sim,idle,2.826267644,2.826267806,0.000000162,84.0000
mixtral-dev68,4,sim,gate,2.826267806,2.826306228,0.000038422,280.0000
mixtral-dev68,4,sim,idle,2.826306228,2.826308713,0.000002484,84.0000
mixtral-dev68,4,sim,idle,2.826308713,2.826308874,0.000000162,84.0000
mixtral-dev68,4,sim,gate,2.826308874,2.826325978,0.000017104,280.0000
mixtral-dev68,4,sim,idle,2.826325978,2.826699286,0.000373308,84.0000
mixtral-dev68,4,sim,experts,2.826699286,2.837539287,0.010840001,700.0000
mixtral-dev68,4,sim,idle,2.837539287,2.843044906,0.005505620,84.0000
mixtral-dev68,4,sim,experts,2.843044906,2.852696295,0.009651388,700.0000
mixtral-dev68,4,sim,idle,2.852696295,2.854270017,0.001573722,84.0000
mixtral-dev68,4,sim,experts,2.854270017,2.867747194,0.013477177,700.0000
mixtral-dev68,4,sim,idle,2.867747194,2.868143007,0.000395813,84.0000
mixtral-dev68,4,sim,idle,2.868143007,2.868143169,0.000000162,84.0000
mixtral-dev68,4,sim,addnorm,2.868143169,2.868287374,0.000144205,140.0000
mixtral-dev68,4,sim,idle,2.868287374,2.868287535,0.000000162,84.0000
mixtral-dev68,4,sim,addnorm,2.868287535,2.868290073,0.000002538,140.0000
mixtral-dev68,4,sim,idle,2.868290073,3.003297064,0.135006991,84.0000
mixtral-dev68,4,sim,addnorm,3.003297064,3.003299153,0.000002089,140.0000
mixtral-dev68,4,sim,idle,3.003299153,3.003299314,0.000000162,84.0000
mixtral-dev68,4,sim,addnorm,3.003299314,3.003592082,0.000292768,140.0000
mixtral-dev68,4,sim,idle,3.003592082,3.003592244,0.000000162,84.0000
mixtral-dev68,4,sim,idle,3.003592244,3.003592406,0.000000162,84.0000
mixtral-dev68,4,sim,gate,3.003592406,3.003595724,0.000003318,280.0000
mixtral-dev68,4,sim,idle,3.003595724,3.004016739,0.000421015,84.0000
mixtral-dev68,4,sim,gate,3.004016739,3.004195868,0.000179130,280.0000
mixtral-dev68,4,sim,idle,3.004195868,3.004196030,0.000000162,84.0000
mixtral-dev68,4,sim,experts,3.004196030,3.023414519,0.019218489,700.0000
mixtral-dev68,4,sim,idle,3.023414519,3.024988241,0.001573722,84.0000
mixtral-dev68,4,sim,experts,3.024988241,3.044767100,0.019778859,700.0000
mixtral-dev68,4,sim,idle,3.044767100,3.050677615,0.005910514,84.0000
mixtral-dev68,4,sim,idle,3.050677615,3.050677776,0.000000162,84.0000
mixtral-dev68,4,sim,idle,3.050677776,3.050677938,0.000000162,84.0000
mixtral-dev68,4,sim,gate,3.050677938,3.050770536,0.000092598,280.0000
mixtral-dev68,4,sim,idle,3.050770536,3.050773020,0.000002484,84.0000
mixtral-dev68,4,sim,addnorm,3.050773020,3.050775106,0.000002086,140.0000
mixtral-dev68,4,sim,idle,3.050775106,3.050775268,0.000000162,84.0000
mixtral-dev68,4,sim,addnorm,3.050775268,3.051068036,0.000292768,140.0000
mixtral-dev68,4,sim,idle,3.051068036,3.051068198,0.000000162,84.0000
mixtral-dev68,4,sim,attention,3.051068198,3.075684130,0.024615932,700.0000
mixtral-dev68,4,sim,idle,3.075684130,3.120487729,0.044803600,84.0000
mixtral-dev68,4,sim,addnorm,3.120487729,3.120489818,0.000002089,140.0000
mixtral-dev68,4,sim,idle,3.120489818,3.120489980,0.000000162,84.0000
mixtral-dev68,4,sim,addnorm,3.120489980,3.120782748,0.000292768,140.0000
mixtral-dev68,4,sim,idle,3.120782748,3.120782909,0.000000162,84.0000
mixtral-dev68,4,sim,idle,3.120782909,3.120783071,0.000000162,84.0000
mixtral-dev68,4,sim,gate,3.120783071,3.120786389,0.000003318,280.0000
mixtral-dev68,4,sim,idle,3.120786389,3.121207402,0.000421013,84.0000
mixtral-dev68,4,sim,gate,3.121207402,3.121386532,0.000179130,280.0000
mixtral-dev68,4,sim,idle,3.121386532,3.121386694,0.000000162,84.0000
mixtral-dev68,4,sim,experts,3.121386694,3.140605183,0.019218489,700.0000
mixtral-dev68,4,sim,idle,3.140605183,3.142178905,0.001573722,84.0000
mixtral-dev68,4,sim,experts,3.142178905,3.161957764,0.019778859,700.0000
mixtral-dev68,4,sim,idle,3.161957764,3.167871049,0.005913285,84.0000
mixtral-dev68,4,sim,idle,3.167871049,3.167871211,0.000000162,84.0000
mixtral-dev68,4,sim,idle,3.167871211,3.167871372,0.000000162,84.0000
mixtral-dev68,4,sim,gate,3.167871372,3.167963971,0.000092598,280.0000
mixtral-dev68,4,sim,idle,3.167963971,3.167966455,0.000002484,84.0000
mixtral-dev68,4,sim,addnorm,3.167966455,3.167968541,0.000002086,140.0000
mixtral-dev68,4,sim,idle,3.167968541,3.167968702,0.000000162,84.0000
mixtral-dev68,4,sim,addnorm,3.167968702,3.168261470,0.000292768,140.0000
mixtral-dev68,4,sim,idle,3.168261470,3.168261632,0.000000162,84.0000
mixtral-dev68,4,sim,attention,3.168261632,3.192877564,0.024615932,700.0000
mixtral-dev68,4,sim,idle,3.192877564,3.237691334,0.044813770,84.0000
mixtral-dev68,4,sim,addnorm,3.237691334,3.237693423,0.000002089,140.0000
mixtral-dev68,4,sim,idle,3.237693423,3.237693584,0.000000162,84.0000
mixtral-dev68,4,sim,addnorm,3.237693584,3.237986352,0.000292768,140.0000
mixtral-dev68,4,sim,idle,3.237986352,3.237986514,0.000000162,84.0000
mixtral-dev68,4,sim,idle,3.237986514,3.237986675,0.000000162,84.0000
mixtral-dev68,4,sim,gate,3.237986675,3.237989994,0.000003318,280.0000
mixtral-dev68,4,sim,idle,3.237989994,3.238411009,0.000421015,84.0000
mixtral-dev68,4,sim,gate,3.238411009,3.238590138,0.000179130,280.0000
mixtral-dev68,4,sim,idle,3.238590138,3.238590300,0.000000162,84.0000
mixtral-dev68,4,sim,experts,3.238590300,3.257808789,0.019218489,700.0000
mixtral-dev68,4,sim,idle,3.257808789,3.259382511,0.001573722,84.0000
mixtral-dev68,4,sim,experts,3.259382511,3.279161370,0.019778859,700.0000
mixtral-dev68,4,sim,idle,3.279161370,3.285072792,0.005911422,84.0000
mixtral-dev68,4,sim,idle,3.285072792,3.285072954,0.000000162,84.0000
mixtral-dev68,4,sim,idle,3.285072954,3.285073115,0.000000162,84.0000
mixtral-dev68,4,sim,gate,3.285073115,3.285165714,0.000092598,280.0000
mixtral-dev68,4,sim,idle,3.285165714,3.285168198,0.000002484,84.0000
mixtral-dev68,4,sim,addnorm,3.285168198,3.285170284,0.000002086,140.0000
mixtral-dev68,4,sim,idle,3.285170284,3.285170446,0.000000162,84.0000
mixtral-dev68,4,sim,addnorm,3.285170446,3.285463214,0.000292768,140.0000
mixtral-dev68,4,sim,idle,3.285463214,3.285463375,0.000000162,84.0000
mixtral-dev68,4,sim,attention,3.285463375,3.310079307,0.024615932,700.0000
mixtral-dev68,4,sim,idle,3.310079307,3.316403493,0.006324186,84.0000
mixtral-dev68,4,sim,addnorm,3.316403493,3.316405581,0.000002089,140.0000
mixtral-dev68,4,sim,idle,3.316405581,3.316405743,0.000000162,84.0000
mixtral-dev68,4,sim,addnorm,3.316405743,3.316698511,0.000292768,140.0000
mixtral-dev68,4,sim,idle,3.316698511,3.316698673,0.000000162,84.0000
mixtral-dev68,4,sim,idle,3.316698673,3.316698834,0.000000162,84.0000
mixtral-dev68,4,sim,gate,3.316698834,3.316702153,0.000003318,280.0000
mixtral-dev68,4,sim,idle,3.316702153,3.317123169,0.000421017,84.0000
mixtral-dev68,4,sim,gate,3.317123169,3.317302299,0.000179130,280.0000
mixtral-dev68,4,sim,idle,3.317302299,3.317302461,0.000000162,84.0000
mixtral-dev68,4,sim,experts,3.317302461,3.336520950,0.019218489,700.0000
mixtral-dev68,4,sim,idle,3.336520950,3.338094672,0.001573722,84.0000
mixtral-dev68,4,sim,experts,3.338094672,3.357873531,0.019778859,700.0000
mixtral-dev68,4,sim,idle,3.357873531,3.363784662,0.005911131,84.0000
mixtral-dev68,4,sim,idle,3.363784662,3.363784824,0.000000162,84.0000
mixtral-dev68,4,sim,idle,3.363784824,3.363784986,0.000000162,84.0000
mixtral-dev68,4,sim,gate,3.363784986,3.363877584,0.000092598,280.0000
mixtral-dev68,4,sim,idle,3.363877584,3.363880068,0.000002484,84.0000
mixtral-dev68,4,sim,addnorm,3.363880068,3.363882154,0.000002086,140.0000
mixtral-dev68,4,sim,idle,3.363882154,3.363882316,0.000000162,84.0000
mixtral-dev68,4,sim,addnorm,3.363882316,3.364175084,0.000292768,140.0000
mixtral-dev68,4,sim,idle,3.364175084,3.364175245,0.000000162,84.0000
mixtral-dev68,4,sim,attention,3.364175245,3.388791177,0.024615932,700.0000
mixtral-dev68,4,sim,idle,3.388791177,3.461150044,0.072358867,84.0000
mixtral-dev68,5,sim,idle,3.461150044,3.515631597,0.054481553,84.0000
mixtral-dev68,5,sim,attention,3.515631597,3.527939563,0.012307966,700.0000
mixtral-dev68,5,sim,idle,3.527939563,3.527939725,0.000000162,84.0000
mixtral-dev68,5,sim,addnorm,3.527939725,3.528083930,0.000144205,140.0000
mixtral-dev68,5,sim,idle,3.528083930,3.528084091,0.000000162,84.0000
mixtral-dev68,5,sim,addnorm,3.528084091,3.528086632,0.000002540,140.0000
mixtral-dev68,5,sim,idle,3.528086632,3.528086793,0.000000162,84.0000
mixtral-dev68,5,sim,gate,3.528086793,3.528125216,0.000038422,280.0000
mixtral-dev68,5,sim,idle,3.528125216,3.528127700,0.000002484,84.0000
mixtral-dev68,5,sim,idle,3.528127700,3.528127861,0.000000162,84.0000
mixtral-dev68,5,sim,gate,3.528127861,3.528144965,0.000017104,280.0000
mixtral-dev68,5,sim,idle,3.528144965,3.528535377,0.000390412,84.0000
mixtral-dev68,5,sim,experts,3.528535377,3.539375378,0.010840001,700.0000
mixtral-dev68,5,sim,idle,3.539375378,3.544880998,0.005505620,84.0000
mixtral-dev68,5,sim,experts,3.544880998,3.554532386,0.009651388,700.0000
mixtral-dev68,5,sim,idle,3.554532386,3.556106108,0.001573722,84.0000
mixtral-dev68,5,sim,experts,3.556106108,3.569583285,0.013477177,700.0000
mixtral-dev68,5,sim,idle,3.569583285,3.569979099,0.000395813,84.0000
mixtral-dev68,5,sim,idle,3.569979099,3.569979260,0.000000162,84.0000
mixtral-dev68,5,sim,addnorm,3.569979260,3.570123465,0.000144205,140.0000
mixtral-dev68,5,sim,idle,3.570123465,3.570123627,0.000000162,84.0000
mixtral-dev68,5,sim,addnorm,3.570123627,3.570126164,0.000002538,140.0000
mixtral-dev68,5,sim,idle,3.570126164,3.570128091,0.000001927,84.0000
mixtral-dev68,5,sim,attention,3.570128091,3.582436057,0.012307966,700.0000
mixtral-dev68,5,sim,idle,3.582436057,3.582436219,0.000000162,84.0000
mixtral-dev68,5,sim,addnorm,3.582436219,3.582580423,0.000144205,140.0000
mixtral-dev68,5,sim,idle,3.582580423,3.582580585,0.000000162,84.0000
mixtral-dev68,5,sim,addnorm,3.582580585,3.582583126,0.000002540,140.0000
mixtral-dev68,5,sim,idle,3.582583126,3.582583287,0.000000162,84.0000
mixtral-dev68,5,sim,gate,3.582583287,3.582621710,0.000038422,280.0000
mixtral-dev68,5,sim,idle,3.582621710,3.582624194,0.000002484,84.0000
mixtral-dev68,5,sim,idle,3.582624194,3.582624355,0.000000162,84.0000
mixtral-dev68,5,sim,gate,3.582624355,3.582641459,0.000017104,280.0000
mixtral-dev68,5,sim,idle,3.582641459,3.583031871,0.000390412,84.0000
mixtral-dev68,5,sim,experts,3.583031871,3.593871872,0.010840001,700.0000
mixtral-dev68,5,sim,idle,3.593871872,3.599377491,0.005505620,84.0000
mixtral-dev68,5,sim,experts,3.599377491,3.609028880,0.009651388,700.0000
mixtral-dev68,5,sim,idle,3.609028880,3.610602602,0.001573722,84.0000
mixtral-dev68,5,sim,experts,3.610602602,3.624079779,0.013477177,700.0000
mixtral-dev68,5,sim,idle,3.624079779,3.624475592,0.000395813,84.0000
mixtral-dev68,5,sim,idle,3.624475592,3.624475754,0.000000162,84.0000
mixtral-dev68,5,sim,addnorm,3.624475754,3.624619959,0.000144205,140.0000
mixtral-dev68,5,sim,idle,3.624619959,3.624620120,0.000000162,84.0000
mixtral-dev68,5,sim,addnorm,3.624620120,3.624622658,0.000002538,140.0000
mixtral-dev68,5,sim,attention,3.624622658,3.636930624,0.012307966,700.0000
mixtral-dev68,5,sim,idle,3.636930624,3.636930786,0.000000162,84.0000
mixtral-dev68,5,sim,addnorm,3.636930786,3.637074990,0.000144205,140.0000
mixtral-dev68,5,sim,idle,3.637074990,3.637075152,0.000000162,84.0000
mixtral-dev68,5,sim,addnorm,3.637075152,3.637077693,0.000002540,140.0000
mixtral-dev68,5,sim,idle,3.637077693,3.637077854,0.000000162,84.0000
mixtral-dev68,5,sim,gate,3.637077854,3.637116277,0.000038422,280.0000
mixtral-dev68,5,sim,idle,3.637116277,3.637118761,0.000002484,84.0000
mixtral-dev68,5,sim,idle,3.637118761,3.637118922,0.000000162,84.0000
mixtral-dev68,5,sim,gate,3.637118922,3.637136026,0.000017104,280.0000
mixtral-dev68,5,sim,idle,3.637136026,3.637509334,0.000373308,84.0000
mixtral-dev68,5,sim,experts,3.637509334,3.648349335,0.010840001,700.0000
mixtral-dev68,5,sim,idle,3.648349335,3.653854954,0.005505620,84.0000
mixtral-dev68,5,sim,experts,3.653854954,3.663506343,0.009651388,700.0000
mixtral-dev68,5,sim,idle,3.663506343,3.665080065,0.001573722,84.0000
mixtral-dev68,5,sim,experts,3.665080065,3.678557242,0.013477177,700.0000
mixtral-dev68,5,sim,idle,3.678557242,3.678953055,0.000395813,84.0000
mixtral-dev68,5,sim,idle,3.678953055,3.678953217,0.000000162,84.0000
mixtral-dev68,5,sim,addnorm,3.678953217,3.679097422,0.000144205,140.0000
mixtral-dev68,5,sim,idle,3.679097422,3.679097583,0.000000162,84.0000
mixtral-dev68,5,sim,addnorm,3.679097583,3.679100121,0.000002538,140.0000
mixtral-dev68,5,sim,attention,3.679100121,3.691408087,0.012307966,700.0000
mixtral-dev68,5,sim,idle,3.691408087,3.691408249,0.000000162,84.0000
mixtral-dev68,5,sim,addnorm,3.691408249,3.691552453,0.000144205,140.0000
mixtral-dev68,5,sim,idle,3.691552453,3.691552615,0.000000162,84.0000
mixtral-dev68,5,sim,addnorm,3.691552615,3.691555156,0.000002540,140.0000
mixtral-dev68,5,sim,idle,3.691555156,3.691555317,0.000000162,84.0000
mixtral-dev68,5,sim,gate,3.691555317,3.691593740,0.000038422,280.0000
mixtral-dev68,5,sim,idle,3.691593740,3.691596224,0.000002484,84.0000
mixtral-dev68,5,sim,idle,3.691596224,3.691596385,0.000000162,84.0000
mixtral-dev68,5,sim,gate,3.691596385,3.691613489,0.000017104,280.0000
mixtral-dev68,5,sim,idle,3.691613489,3.691986797,0.000373308,84.0000
mixtral-dev68,5,sim,experts,3.691986797,3.702826798,0.010840001,700.0000
mixtral-dev68,5,sim,idle,3.702826798,3.708332417,0.005505620,84.0000
mixtral-dev68,5,sim,experts,3.708332417,3.717983806,0.009651388,700.0000
mixtral-dev68,5,sim,idle,3.717983806,3.719557528,0.001573722,84.0000
mixtral-dev68,5,sim,experts,3.719557528,3.733034705,0.013477177,700.0000
mixtral-dev68,5,sim,idle,3.733034705,3.733430518,0.000395813,84.0000
mixtral-dev68,5,sim,idle,3.733430518,3.733430680,0.000000162,84.0000
mixtral-dev68,5,sim,addnorm,3.733430680,3.733574885,0.000144205,140.0000
mixtral-dev68,5,sim,idle,3.733574885,3.733575046,0.000000162,84.0000
mixtral-dev68,5,sim,addnorm,3.733575046,3.733577584,0.000002538,140.0000
mixtral-dev68,5,sim,idle,3.733577584,3.868584575,0.135006991,84.0000
mixtral-dev68,5,sim,addnorm,3.868584575,3.868586664,0.000002089,140.0000
mixtral-dev68,5,sim,idle,3.868586664,3.868586825,0.000000162,84.0000
mixtral-dev68,5,sim,addnorm,3.868586825,3.868879593,0.000292768,140.0000
mixtral-dev68,5,sim,idle,3.868879593,3.868879755,0.000000162,84.0000
mixtral-dev68,5,sim,idle,3.868879755,3.868879917,0.000000162,84.0000
mixtral-dev68,5,sim,gate,3.868879917,3.868883235,0.000003318,280.0000
mixtral-dev68,5,sim,idle,3.868883235,3.869304250,0.000421015,84.0000
mixtral-dev68,5,sim,gate,3.869304250,3.869483379,0.000179130,280.0000
mixtral-dev68,5,sim,idle,3.869483379,3.869483541,0.000000162,84.0000
mixtral-dev68,5,sim,experts,3.869483541,3.888702030,0.019218489,700.0000
mixtral-dev68,5,sim,idle,3.888702030,3.890275752,0.001573722,84.0000
mixtral-dev68,5,sim,experts,3.890275752,3.910054611,0.019778859,700.0000
mixtral-dev68,5,sim,idle,3.910054611,3.915965126,0.005910514,84.0000
mixtral-dev68,5,sim,idle,3.915965126,3.915965287,0.000000162,84.0000
mixtral-dev68,5,sim,idle,3.915965287,3.915965449,0.000000162,84.0000
mixtral-dev68,5,sim,gate,3.915965449,3.916058047,0.000092598,280.0000
mixtral-dev68,5,sim,idle,3.916058047,3.916060531,0.000002484,84.0000
mixtral-dev68,5,sim,addnorm,3.916060531,3.916062617,0.000002086,140.0000
mixtral-dev68,5,sim,idle,3.916062617,3.916062779,0.000000162,84.0000
mixtral-dev68,5,sim,addnorm,3.916062779,3.916355547,0.000292768,140.0000
mixtral-dev68,5,sim,idle,3.916355547,3.916355709,0.000000162,84.0000
mixtral-dev68,5,sim,attention,3.916355709,3.940971641,0.024615932,700.0000
mixtral-dev68,5,sim,idle,3.940971641,3.985775240,0.044803600,84.0000
mixtral-dev68,5,sim,addnorm,3.985775240,3.985777329,0.000002089,140.0000
mixtral-dev68,5,sim,idle,3.985777329,3.985777491,0.000000162,84.0000
mixtral-dev68,5,sim,addnorm,3.985777491,3.986070259,0.000292768,140.0000
mixtral-dev68,5,sim,idle,3.986070259,3.986070420,0.000000162,84.0000
mixtral-dev68,5,sim,idle,3.986070420,3.986070582,0.000000162,84.0000
mixtral-dev68,5,sim,gate,3.986070582,3.986073900,0.000003318,280.0000
mixtral-dev68,5,sim,idle,3.986073900,3.986494913,0.000421013,84.0000
mixtral-dev68,5,sim,gate,3.986494913,3.986674043,0.000179130,280.0000
mixtral-dev68,5,sim,idle,3.986674043,3.986674205,0.000000162,84.0000
mixtral-dev68,5,sim,experts,3.986674205,4.005892694,0.019218489,700.0000
mixtral-dev68,5,sim,idle,4.005892694,4.007466416,0.001573722,84.0000
mixtral-dev68,5,sim,experts,4.007466416,4.027245275,0.019778859,700.0000
mixtral-dev68,5,sim,idle,4.027245275,4.033158560,0.005913285,84.0000
mixtral-dev68,5,sim,idle,4.033158560,4.033158722,0.000000162,84.0000
mixtral-dev68,5,sim,idle,4.033158722,4.033158883,0.000000162,84.0000
mixtral-dev68,5,sim,gate,4.033158883,4.033251482,0.000092598,280.0000
mixtral-dev68,5,sim,idle,4.033251482,4.033253966,0.000002484,84.0000
mixtral-dev68,5,sim,addnorm,4.033253966,4.033256052,0.000002086,140.0000
mixtral-dev68,5,sim,idle,4.033256052,4.033256214,0.000000162,84.0000
mixtral-dev68,5,sim,addnorm,4.033256214,4.033548982,0.000292768,140.0000
mixtral-dev68,5,sim,idle,4.033548982,4.033549143,0.000000162,84.0000
mixtral-dev68,5,sim,attention,4.033549143,4.058165075,0.024615932,700.0000
mixtral-dev68,5,sim,idle,4.058165075,4.102978845,0.044813770,84.0000
mixtral-dev68,5,sim,addnorm,4.102978845,4.102980934,0.000002089,140.0000
mixtral-dev68,5,sim,idle,4.102980934,4.102981095,0.000000162,84.0000
mixtral-dev68,5,sim,addnorm,4.102981095,4.103273863,0.000292768,140.0000
mixtral-dev68,5,sim,idle,4.103273863,4.103274025,0.000000162,84.0000
mixtral-dev68,5,sim,idle,4.103274025,4.103274187,0.000000162,84.0000
mixtral-dev68,5,sim,gate,4.103274187,4.103277505,0.000003318,280.0000
mixtral-dev68,5,sim,idle,4.103277505,4.103698520,0.000421015,84.0000
mixtral-dev68,5,sim,gate,4.103698520,4.103877650,0.000179130,280.0000
mixtral-dev68,5,sim,idle,4.103877650,4.103877811,0.000000162,84.0000
mixtral-dev68,5,sim,experts,4.103877811,4.123096301,0.019218489,700.0000
mixtral-dev68,5,sim,idle,4.123096301,4.124670023,0.001573722,84.0000
mixtral-dev68,5,sim,experts,4.124670023,4.144448882,0.019778859,700.0000
mixtral-dev68,5,sim,idle,4.144448882,4.150360303,0.005911422,84.0000
mixtral-dev68,5,sim,idle,4.150360303,4.150360465,0.000000162,84.0000
mixtral-dev68,5,sim,idle,4.150360465,4.150360627,0.000000162,84.0000
mixtral-dev68,5,sim,gate,4.150360627,4.150453225,0.000092598,280.0000
mixtral-dev68,5,sim,idle,4.150453225,4.150455709,0.000002484,84.0000
mixtral-dev68,5,sim,addnorm,4.150455709,4.150457795,0.000002086,140.0000
mixtral-dev68,5,sim,idle,4.150457795,4.150457957,0.000000162,84.0000
mixtral-dev68,5,sim,addnorm,4.150457957,4.150750725,0.000292768,140.0000
mixtral-dev68,5,sim,idle,4.150750725,4.150750886,0.000000162,84.0000
mixtral-dev68,5,sim,attention,4.150750886,4.175366818,0.024615932,700.0000
mixtral-dev68,5,sim,idle,4.175366818,4.181691004,0.006324186,84.0000
mixtral-dev68,5,sim,addnorm,4.181691004,4.181693092,0.000002089,140.0000
mixtral-dev68,5,sim,idle,4.181693092,4.181693254,0.000000162,84.0000
mixtral-dev68,5,sim,addnorm,4.181693254,4.181986022,0.000292768,140.0000
mixtral-dev68,5,sim,idle,4.181986022,4.181986184,0.000000162,84.0000
mixtral-dev68,5,sim,idle,4.181986184,4.181986345,0.000000162,84.0000
mixtral-dev68,5,sim,gate,4.181986345,4.181989664,0.000003318,280.0000
mixtral-dev68,5,sim,idle,4.181989664,4.182410680,0.000421017,84.0000
mixtral-dev68,5,sim,gate,4.182410680,4.182589810,0.000179130,280.0000
mixtral-dev68,5,sim,idle,4.182589810,4.182589972,0.000000162,84.0000
mixtral-dev68,5,sim,experts,4.182589972,4.201808461,0.019218489,700.0000
mixtral-dev68,5,sim,idle,4.201808461,4.203382183,0.001573722,84.0000
mixtral-dev68,5,sim,experts,4.203382183,4.223161042,0.019778859,700.0000
mixtral-dev68,5,sim,idle,4.223161042,4.229072174,0.005911131,84.0000
mixtral-dev68,5,sim,idle,4.229072174,4.229072335,0.000000162,84.0000
mixtral-dev68,5,sim,idle,4.229072335,4.229072497,0.000000162,84.0000
mixtral-dev68,5,sim,gate,4.229072497,4.229165095,0.000092598,280.0000
mixtral-dev68,5,sim,idle,4.229165095,4.229167579,0.000002484,84.0000
mixtral-dev68,5,sim,addnorm,4.229167579,4.229169665,0.000002086,140.0000
mixtral-dev68,5,sim,idle,4.229169665,4.229169827,0.000000162,84.0000
mixtral-dev68,5,sim,addnorm,4.229169827,4.229462595,0.000292768,140.0000
mixtral-dev68,5,sim,idle,4.229462595,4.229462757,0.000000162,84.0000
mixtral-dev68,5,sim,attention,4.229462757,4.254078688,0.024615932,700.0000
mixtral-dev68,5,sim,idle,4.254078688,4.326437556,0.072358867,84.0000
mixtral-dev68,6,sim,idle,4.326437556,4.380919108,0.054481553,84.0000
mixtral-dev68,6,sim,attention,4.380919108,4.393227074,0.012307966,700.0000
mixtral-dev68,6,sim,idle,4.393227074,4.393227236,0.000000162,84.0000
mixtral-dev68,6,sim,addnorm,4.393227236,4.393371441,0.000144205,140.0000
mixtral-dev68,6,sim,idle,4.393371441,4.393371602,0.000000162,84.0000
mixtral-dev68,6,sim,addnorm,4.393371602,4.393374143,0.000002540,140.0000
mixtral-dev68,6,sim,idle,4.393374143,4.393374304,0.000000162,84.0000
mixtral-dev68,6,sim,gate,4.393374304,4.393412727,0.000038422,280.0000
mixtral-dev68,6,sim,idle,4.393412727,4.393415211,0.000002484,84.0000
mixtral-dev68,6,sim,idle,4.393415211,4.393415372,0.000000162,84.0000
mixtral-dev68,6,sim,gate,4.393415372,4.393432476,0.000017104,280.0000
mixtral-dev68,6,sim,idle,4.393432476,4.393822888,0.000390412,84.0000
mixtral-dev68,6,sim,experts,4.393822888,4.404662889,0.010840001,700.0000
mixtral-dev68,6,sim,idle,4.404662889,4.410168509,0.005505620,84.0000
mixtral-dev68,6,sim,experts,4.410168509,4.419819897,0.009651388,700.0000
mixtral-dev68,6,sim,idle,4.419819897,4.421393619,0.001573722,84.0000
mixtral-dev68,6,sim,experts,4.421393619,4.434870797,0.013477177,700.0000
mixtral-dev68,6,sim,idle,4.434870797,4.435266610,0.000395813,84.0000
mixtral-dev68,6,sim,idle,4.435266610,4.435266771,0.000000162,84.0000
mixtral-dev68,6,sim,addnorm,4.435266771,4.435410976,0.000144205,140.0000
mixtral-dev68,6,sim,idle,4.435410976,4.435411138,0.000000162,84.0000
mixtral-dev68,6,sim,addnorm,4.435411138,4.435413675,0.000002538,140.0000
mixtral-dev68,6,sim,idle,4.435413675,4.435415602,0.000001927,84.0000
mixtral-dev68,6,sim,attention,4.435415602,4.447723568,0.012307966,700.0000
mixtral-dev68,6,sim,idle,4.447723568,4.447723730,0.000000162,84.0000
mixtral-dev68,6,sim,addnorm,4.447723730,4.447867935,0.000144205,140.0000
mixtral-dev68,6,sim,idle,4.447867935,4.447868096,0.000000162,84.0000
mixtral-dev68,6,sim,addnorm,4.447868096,4.447870637,0.000002540,140.0000
mixtral-dev68,6,sim,idle,4.447870637,4.447870798,0.000000162,84.0000
mixtral-dev68,6,sim,gate,4.447870798,4.447909221,0.000038422,280.0000
mixtral-dev68,6,sim,idle,4.447909221,4.447911705,0.000002484,84.0000
mixtral-dev68,6,sim,idle,4.447911705,4.447911866,0.000000162,84.0000
mixtral-dev68,6,sim,gate,4.447911866,4.447928970,0.000017104,280.0000
mixtral-dev68,6,sim,idle,4.447928970,4.448319382,0.000390412,84.0000
mixtral-dev68,6,sim,experts,4.448319382,4.459159383,0.010840001,700.0000
mixtral-dev68,6,sim,idle,4.459159383,4.464665003,0.005505620,84.0000
mixtral-dev68,6,sim,experts,4.464665003,4.474316391,0.009651388,700.0000
mixtral-dev68,6,sim,idle,4.474316391,4.475890113,0.001573722,84.0000
mixtral-dev68,6,sim,experts,4.475890113,4.489367290,0.013477177,700.0000
mixtral-dev68,6,sim,idle,4.489367290,4.489763104,0.000395813,84.0000
mixtral-dev68,6,sim,idle,4.489763104,4.489763265,0.000000162,84.0000
mixtral-dev68,6,sim,addnorm,4.489763265,4.489907470,0.000144205,140.0000
mixtral-dev68,6,sim,idle,4.489907470,4.489907632,0.000000162,84.0000
mixtral-dev68,6,sim,addnorm,4.489907632,4.489910169,0.000002538,140.0000
mixtral-dev68,6,sim,attention,4.489910169,4.502218135,0.012307966,700.0000
mixtral-dev68,6,sim,idle,4.502218135,4.502218297,0.000000162,84.0000
mixtral-dev68,6,sim,addnorm,4.502218297,4.502362502,0.000144205,140.0000
mixtral-dev68,6,sim,idle,4.502362502,4.502362663,0.000000162,84.0000
mixtral-dev68,6,sim,addnorm,4.502362663,4.502365204,0.000002540,140.0000
mixtral-dev68,6,sim,idle,4.502365204,4.502365365,0.000000162,84.0000
mixtral-dev68,6,sim,gate,4.502365365,4.502403788,0.000038422,280.0000
mixtral-dev68,6,sim,idle,4.502403788,4.502406272,0.000002484,84.0000
mixtral-dev68,6,sim,idle,4.502406272,4.502406433,0.000000162,84.0000
mixtral-dev68,6,sim,gate,4.502406433,4.502423537,0.000017104,280.0000
mixtral-dev68,6,sim,idle,4.502423537,4.502796845,0.000373308,84.0000
mixtral-dev68,6,sim,experts,4.502796845,4.513636846,0.010840001,700.0000
mixtral-dev68,6,sim,idle,4.513636846,4.519142466,0.005505620,84.0000
mixtral-dev68,6,sim,experts,4.519142466,4.528793854,0.009651388,700.0000
mixtral-dev68,6,sim,idle,4.528793854,4.530367576,0.001573722,84.0000
mixtral-dev68,6,sim,experts,4.530367576,4.543844753,0.013477177,700.0000
mixtral-dev68,6,sim,idle,4.543844753,4.544240567,0.000395813,84.0000
mixtral-dev68,6,sim,idle,4.544240567,4.544240728,0.000000162,84.0000
mixtral-dev68,6,sim,addnorm,4.544240728,4.544384933,0.000144205,140.0000
mixtral-dev68,6,sim,idle,4.544384933,4.544385095,0.000000162,84.0000
mixtral-dev68,6,sim,addnorm,4.544385095,4.544387632,0.000002538,140.0000
mixtral-dev68,6,sim,attention,4.544387632,4.556695598,0.012307966,700.0000
mixtral-dev68,6,sim,idle,4.556695598,4.556695760,0.000000162,84.0000
mixtral-dev68,6,sim,addnorm,4.556695760,4.556839965,0.000144205,140.0000
mixtral-dev68,6,sim,idle,4.556839965,4.556840126,0.000000162,84.0000
mixtral-dev68,6,sim,addnorm,4.556840126,4.556842667,0.000002540,140.0000
mixtral-dev68,6,sim,idle,4.556842667,4.556842828,0.000000162,84.0000
mixtral-dev68,6,sim,gate,4.556842828,4.556881251,0.000038422,280.0000
mixtral-dev68,6,sim,idle,4.556881251,4.556883735,0.000002484,84.0000
mixtral-dev68,6,sim,idle,4.556883735,4.556883896,0.000000162,84.0000
mixtral-dev68,6,sim,gate,4.556883896,4.556901000,0.000017104,280.0000
mixtral-dev68,6,sim,idle,4.556901000,4.557274308,0.000373308,84.0000
mixtral-dev68,6,sim,experts,4.557274308,4.568114309,0.010840001,700.0000
mixtral-dev68,6,sim,idle,4.568114309,4.573619929,0.005505620,84.0000
mixtral-dev68,6,sim,experts,4.573619929,4.583271317,0.009651388,700.0000
mixtral-dev68,6,sim,idle,4.583271317,4.584845039,0.001573722,84.0000
mixtral-dev68,6,sim,experts,4.584845039,4.598322216,0.013477177,700.0000
mixtral-dev68,6,sim,idle,4.598322216,4.598718030,0.000395813,84.0000
mixtral-dev68,6,sim,idle,4.598718030,4.598718191,0.000000162,84.0000
mixtral-dev68,6,sim,addnorm,4.598718191,4.598862396,0.000144205,140.0000
mixtral-dev68,6,sim,idle,4.598862396,4.598862558,0.000000162,84.0000
mixtral-dev68,6,sim,addnorm,4.598862558,4.598865095,0.000002538,140.0000
mixtral-dev68,6,sim,idle,4.598865095,4.733872086,0.135006991,84.0000
mixtral-dev68,6,sim,addnorm,4.733872086,4.733874175,0.000002089,140.0000
mixtral-dev68,6,sim,idle,4.733874175,4.733874337,0.000000162,84.0000
mixtral-dev68,6,sim,addnorm,4.733874337,4.734167105,0.000292768,140.0000
mixtral-dev68,6,sim,idle,4.734167105,4.734167266,0.000000162,84.0000
mixtral-dev68,6,sim,idle,4.734167266,4.734167428,0.000000162,84.0000
mixtral-dev68,6,sim,gate,4.734167428,4.734170746,0.000003318,280.0000
mixtral-dev68,6,sim,idle,4.734170746,4.734591761,0.000421015,84.0000
mixtral-dev68,6,sim,gate,4.734591761,4.734770890,0.000179130,280.0000
mixtral-dev68,6,sim,idle,4.734770890,4.734771052,0.000000162,84.0000
mixtral-dev68,6,sim,experts,4.734771052,4.753989541,0.019218489,700.0000
mixtral-dev68,6,sim,idle,4.753989541,4.755563263,0.001573722,84.0000
mixtral-dev68,6,sim,experts,4.755563263,4.775342122,0.019778859,700.0000
mixtral-dev68,6,sim,idle,4.775342122,4.781252637,0.005910514,84.0000
mixtral-dev68,6,sim,idle,4.781252637,4.781252798,0.000000162,84.0000
mixtral-dev68,6,sim,idle,4.781252798,4.781252960,0.000000162,84.0000
mixtral-dev68,6,sim,gate,4.781252960,4.781345558,0.000092598,280.0000
mixtral-dev68,6,sim,idle,4.781345558,4.781348043,0.000002484,84.0000
mixtral-dev68,6,sim,addnorm,4.781348043,4.781350129,0.000002086,140.0000
mixtral-dev68,6,sim,idle,4.781350129,4.781350290,0.000000162,84.0000
mixtral-dev68,6,sim,addnorm,4.781350290,4.781643058,0.000292768,140.0000
mixtral-dev68,6,sim,idle,4.781643058,4.781643220,0.000000162,84.0000
mixtral-dev68,6,sim,attention,4.781643220,4.806259152,0.024615932,700.0000
mixtral-dev68,6,sim,idle,4.806259152,4.851062752,0.044803600,84.0000
mixtral-dev68,6,sim,addnorm,4.851062752,4.851064840,0.000002089,140.0000
mixtral-dev68,6,sim,idle,4.851064840,4.851065002,0.000000162,84.0000
mixtral-dev68,6,sim,addnorm,4.851065002,4.851357770,0.000292768,140.0000
mixtral-dev68,6,sim,idle,4.851357770,4.851357931,0.000000162,84.0000
mixtral-dev68,6,sim,idle,4.851357931,4.851358093,0.000000162,84.0000
mixtral-dev68,6,sim,gate,4.851358093,4.851361411,0.000003318,280.0000
mixtral-dev68,6,sim,idle,4.851361411,4.851782425,0.000421013,84.0000
mixtral-dev68,6,sim,gate,4.851782425,4.851961554,0.000179130,280.0000
mixtral-dev68,6,sim,idle,4.851961554,4.851961716,0.000000162,84.0000
mixtral-dev68,6,sim,experts,4.851961716,4.871180205,0.019218489,700.0000
mixtral-dev68,6,sim,idle,4.871180205,4.872753927,0.001573722,84.0000
mixtral-dev68,6,sim,experts,4.872753927,4.892532786,0.019778859,700.0000
mixtral-dev68,6,sim,idle,4.892532786,4.898446071,0.005913285,84.0000
mixtral-dev68,6,sim,idle,4.898446071,4.898446233,0.000000162,84.0000
mixtral-dev68,6,sim,idle,4.898446233,4.898446394,0.000000162,84.0000
mixtral-dev68,6,sim,gate,4.898446394,4.898538993,0.000092598,280.0000
mixtral-dev68,6,sim,idle,4.898538993,4.898541477,0.000002484,84.0000
mixtral-dev68,6,sim,addnorm,4.898541477,4.898543563,0.000002086,140.0000
mixtral-dev68,6,sim,idle,4.898543563,4.898543725,0.000000162,84.0000
mixtral-dev68,6,sim,addnorm,4.898543725,4.898836493,0.000292768,140.0000
mixtral-dev68,6,sim,idle,4.898836493,4.898836654,0.000000162,84.0000
mixtral-dev68,6,sim,attention,4.898836654,4.923452586,0.024615932,700.0000
mixtral-dev68,6,sim,idle,4.923452586,4.968266356,0.044813770,84.0000
mixtral-dev68,6,sim,addnorm,4.968266356,4.968268445,0.000002089,140.0000
mixtral-dev68,6,sim,idle,4.968268445,4.968268606,0.000000162,84.0000
mixtral-dev68,6,sim,addnorm,4.968268606,4.968561374,0.000292768,140.0000
mixtral-dev68,6,sim,idle,4.968561374,4.968561536,0.000000162,84.0000
mixtral-dev68,6,sim,idle,4.968561536,4.968561698,0.000000162,84.0000
mixtral-dev68,6,sim,gate,4.968561698,4.968565016,0.000003318,280.0000
mixtral-dev68,6,sim,idle,4.968565016,4.968986031,0.000421015,84.0000
mixtral-dev68,6,sim,gate,4.968986031,4.969165161,0.000179130,280.0000
mixtral-dev68,6,sim,idle,4.969165161,4.969165322,0.000000162,84.0000
mixtral-dev68,6,sim,experts,4.969165322,4.988383812,0.019218489,700.0000
mixtral-dev68,6,sim,idle,4.988383812,4.989957534,0.001573722,84.0000
mixtral-dev68,6,sim,experts,4.989957534,5.009736393,0.019778859,700.0000
mixtral-dev68,6,sim,idle,5.009736393,5.015647814,0.005911422,84.0000
mixtral-dev68,6,sim,idle,5.015647814,5.015647976,0.000000162,84.0000
mixtral-dev68,6,sim,idle,5.015647976,5.015648138,0.000000162,84.0000
mixtral-dev68,6,sim,gate,5.015648138,5.015740736,0.000092598,280.0000
mixtral-dev68,6,sim,idle,5.015740736,5.015743220,0.000002484,84.0000
mixtral-dev68,6,sim,addnorm,5.015743220,5.015745306,0.000002086,140.0000
mixtral-dev68,6,sim,idle,5.015745306,5.015745468,0.000000162,84.0000
mixtral-dev68,6,sim,addnorm,5.015745468,5.016038236,0.000292768,140.0000
mixtral-dev68,6,sim,idle,5.016038236,5.016038397,0.000000162,84.0000
mixtral-dev68,6,sim,attention,5.016038397,5.040654329,0.024615932,700.0000
mixtral-dev68,6,sim,idle,5.040654329,5.046978515,0.006324186,84.0000
mixtral-dev68,6,sim,addnorm,5.046978515,5.046980604,0.000002089,140.0000
mixtral-dev68,6,sim,idle,5.046980604,5.046980765,0.000000162,84.0000
mixtral-dev68,6,sim,addnorm,5.046980765,5.047273533,0.000292768,140.0000
mixtral-dev68,6,sim,idle,5.047273533,5.047273695,0.000000162,84.0000
mixtral-dev68,6,sim,idle,5.047273695,5.047273856,0.000000162,84.0000
mixtral-dev68,6,sim,gate,5.047273856,5.047277175,0.000003318,280.0000
mixtral-dev68,6,sim,idle,5.047277175,5.047698192,0.000421017,84.0000
mixtral-dev68,6,sim,gate,5.047698192,5.047877321,0.000179130,280.0000
mixtral-dev68,6,sim,idle,5.047877321,5.047877483,0.000000162,84.0000
mixtral-dev68,6,sim,experts,5.047877483,5.067095972,0.019218489,700.0000
mixtral-dev68,6,sim,idle,5.067095972,5.068669694,0.001573722,84.0000
mixtral-dev68,6,sim,experts,5.068669694,5.088448553,0.019778859,700.0000
mixtral-dev68,6,sim,idle,5.088448553,5.094359685,0.005911131,84.0000
mixtral-dev68,6,sim,idle,5.094359685,5.094359846,0.000000162,84.0000
mixtral-dev68,6,sim,idle,5.094359846,5.094360008,0.000000162,84.0000
mixtral-dev68,6,sim,gate,5.094360008,5.094452606,0.000092598,280.0000
mixtral-dev68,6,sim,idle,5.094452606,5.094455090,0.000002484,84.0000
mixtral-dev68,6,sim,addnorm,5.094455090,5.094457176,0.000002086,140.0000
mixtral-dev68,6,sim,idle,5.094457176,5.094457338,0.000000162,84.0000
mixtral-dev68,6,sim,addnorm,5.094457338,5.094750106,0.000292768,140.0000
mixtral-dev68,6,sim,idle,5.094750106,5.094750268,0.000000162,84.0000
mixtral-dev68,6,sim,attention,5.094750268,5.119366200,0.024615932,700.0000
mixtral-dev68,6,sim,idle,5.119366200,5.191725067,0.072358867,84.0000
mixtral-dev68,7,sim,idle,5.191725067,5.246206619,0.054481553,84.0000
mixtral-dev68,7,sim,attention,5.246206619,5.258514585,0.012307966,700.0000
mixtral-dev68,7,sim,idle,5.258514585,5.258514747,0.000000162,84.0000
mixtral-dev68,7,sim,addnorm,5.258514747,5.258658952,0.000144205,140.0000
mixtral-dev68,7,sim,idle,5.258658952,5.258659113,0.000000162,84.0000
mixtral-dev68,7,sim,addnorm,5.258659113,5.258661654,0.000002540,140.0000
mixtral-dev68,7,sim,idle,5.258661654,5.258661815,0.000000162,84.0000
mixtral-dev68,7,sim,gate,5.258661815,5.258700238,0.000038422,280.0000
mixtral-dev68,7,sim,idle,5.258700238,5.258702722,0.000002484,84.0000
mixtral-dev68,7,sim,idle,5.258702722,5.258702884,0.000000162,84.0000
mixtral-dev68,7,sim,gate,5.258702884,5.258719988,0.000017104,280.0000
mixtral-dev68,7,sim,idle,5.258719988,5.259110399,0.000390412,84.0000
mixtral-dev68,7,sim,experts,5.259110399,5.269950400,0.010840001,700.0000
mixtral-dev68,7,sim,idle,5.269950400,5.275456020,0.005505620,84.0000
mixtral-dev68,7,sim,experts,5.275456020,5.285107408,0.009651388,700.0000
mixtral-dev68,7,sim,idle,5.285107408,5.286681130,0.001573722,84.0000
mixtral-dev68,7,sim,experts,5.286681130,5.300158308,0.013477177,700.0000
mixtral-dev68,7,sim,idle,5.300158308,5.300554121,0.000395813,84.0000
mixtral-dev68,7,sim,idle,5.300554121,5.300554282,0.000000162,84.0000
mixtral-dev68,7,sim,addnorm,5.300554282,5.300698487,0.000144205,140.0000
mixtral-dev68,7,sim,idle,5.300698487,5.300698649,0.000000162,84.0000
mixtral-dev68,7,sim,addnorm,5.300698649,5.300701186,0.000002538,140.0000
mixtral-dev68,7,sim,idle,5.300701186,5.300703113,0.000001927,84.0000
mixtral-dev68,7,sim,attention,5.300703113,5.313011079,0.012307966,700.0000
mixtral-dev68,7,sim,idle,5.313011079,5.313011241,0.000000162,84.0000
mixtral-dev68,7,sim,addnorm,5.313011241,5.313155446,0.000144205,140.0000
mixtral-dev68,7,sim,idle,5.313155446,5.313155607,0.000000162,84.0000
mixtral-dev68,7,sim,addnorm,5.313155607,5.313158148,0.000002540,140.0000
mixtral-dev68,7,sim,idle,5.313158148,5.313158309,0.000000162,84.0000
mixtral-dev68,7,sim,gate,5.313158309,5.313196732,0.000038422,280.0000
mixtral-dev68,7,sim,idle,5.313196732,5.313199216,0.000002484,84.0000
mixtral-dev68,7,sim,idle,5.313199216,5.313199377,0.000000162,84.0000
mixtral-dev68,7,sim,gate,5.313199377,5.313216481,0.000017104,280.0000
mixtral-dev68,7,sim,idle,5.313216481,5.313606893,0.000390412,84.0000
mixtral-dev68,7,sim,experts,5.313606893,5.324446894,0.010840001,700.0000
mixtral-dev68,7,sim,idle,5.324446894,5.329952514,0.005505620,84.0000
mixtral-dev68,7,sim,experts,5.329952514,5.339603902,0.009651388,700.0000
mixtral-dev68,7,sim,idle,5.339603902,5.341177624,0.001573722,84.0000
mixtral-dev68,7,sim,experts,5.341177624,5.354654802,0.013477177,700.0000
mixtral-dev68,7,sim,idle,5.354654802,5.355050615,0.000395813,84.0000
mixtral-dev68,7,sim,idle,5.355050615,5.355050776,0.000000162,84.0000
mixtral-dev68,7,sim,addnorm,5.355050776,5.355194981,0.000144205,140.0000
mixtral-dev68,7,sim,idle,5.355194981,5.355195143,0.000000162,84.0000
mixtral-dev68,7,sim,addnorm,5.355195143,5.355197680,0.000002538,140.0000
mixtral-dev68,7,sim,attention,5.355197680,5.367505646,0.012307966,700.0000
mixtral-dev68,7,sim,idle,5.367505646,5.367505808,0.000000162,84.0000
mixtral-dev68,7,sim,addnorm,5.367505808,5.367650013,0.000144205,140.0000
mixtral-dev68,7,sim,idle,5.367650013,5.367650174,0.000000162,84.0000
mixtral-dev68,7,sim,addnorm,5.367650174,5.367652715,0.000002540,140.0000
mixtral-dev68,7,sim,idle,5.367652715,5.367652876,0.000000162,84.0000
mixtral-dev68,7,sim,gate,5.367652876,5.367691299,0.000038422,280.0000
mixtral-dev68,7,sim,idle,5.367691299,5.367693783,0.000002484,84.0000
mixtral-dev68,7,sim,idle,5.367693783,5.367693945,0.000000162,84.0000
mixtral-dev68,7,sim,gate,5.367693945,5.367711049,0.000017104,280.0000
mixtral-dev68,7,sim,idle,5.367711049,5.368084356,0.000373308,84.0000
mixtral-dev68,7,sim,experts,5.368084356,5.378924357,0.010840001,700.0000
mixtral-dev68,7,sim,idle,5.378924357,5.384429977,0.005505620,84.0000
mixtral-dev68,7,sim,experts,5.384429977,5.394081365,0.009651388,700.0000
mixtral-dev68,7,sim,idle,5.394081365,5.395655087,0.001573722,84.0000
mixtral-dev68,7,sim,experts,5.395655087,5.409132265,0.013477177,700.0000
mixtral-dev68,7,sim,idle,5.409132265,5.409528078,0.000395813,84.0000
mixtral-dev68,7,sim,idle,5.409528078,5.409528239,0.000000162,84.0000
mixtral-dev68,7,sim,addnorm,5.409528239,5.409672444,0.000144205,140.0000
mixtral-dev68,7,sim,idle,5.409672444,5.409672606,0.000000162,84.0000
mixtral-dev68,7,sim,addnorm,5.409672606,5.409675143,0.000002538,140.0000
mixtral-dev68,7,sim,attention,5.409675143,5.421983109,0.012307966,700.0000
mixtral-dev68,7,sim,idle,5.421983109,5.421983271,0.000000162,84.0000
mixtral-dev68,7,sim,addnorm,5.421983271,5.422127476,0.000144205,140.0000
mixtral-dev68,7,sim,idle,5.422127476,5.422127637,0.000000162,84.0000
mixtral-dev68,7,sim,addnorm,5.422127637,5.422130178,0.000002540,140.0000
mixtral-dev68,7,sim,idle,5.422130178,5.422130339,0.000000162,84.0000
mixtral-dev68,7,sim,gate,5.422130339,5.422168762,0.000038422,280.0000
mixtral-dev68,7,sim,idle,5.422168762,5.422171246,0.000002484,84.0000
mixtral-dev68,7,sim,idle,5.422171246,5.422171407,0.000000162,84.0000
mixtral-dev68,7,sim,gate,5.422171407,5.422188511,0.000017104,280.0000
mixtral-dev68,7,sim,idle,5.422188511,5.422561819,0.000373308,84.0000
mixtral-dev68,7,sim,experts,5.422561819,5.433401820,0.010840001,700.0000
mixtral-dev68,7,sim,idle,5.433401820,5.438907440,0.005505620,84.0000
mixtral-dev68,7,sim,experts,5.438907440,5.448558828,0.009651388,700.0000
mixtral-dev68,7,sim,idle,5.448558828,5.450132550,0.001573722,84.0000
mixtral-dev68,7,sim,experts,5.450132550,5.463609728,0.013477177,700.0000
mixtral-dev68,7,sim,idle,5.463609728,5.464005541,0.000395813,84.0000
mixtral-dev68,7,sim,idle,5.464005541,5.464005702,0.000000162,84.0000
mixtral-dev68,7,sim,addnorm,5.464005702,5.464149907,0.000144205,140.0000
mixtral-dev68,7,sim,idle,5.464149907,5.464150069,0.000000162,84.0000
mixtral-dev68,7,sim,addnorm,5.464150069,5.464152606,0.000002538,140.0000
mixtral-dev68,7,sim,idle,5.464152606,5.599159597,0.135006991,84.0000
mixtral-dev68,7,sim,addnorm,5.599159597,5.599161686,0.000002089,140.0000
mixtral-dev68,7,sim,idle,5.599161686,5.599161848,0.000000162,84.0000
mixtral-dev68,7,sim,addnorm,5.599161848,5.599454616,0.000292768,140.0000
mixtral-dev68,7,sim,idle,5.599454616,5.599454777,0.000000162,84.0000
mixtral-dev68,7,sim,idle,5.599454777,5.599454939,0.000000162,84.0000
mixtral-dev68,7,sim,gate,5.599454939,5.599458257,0.000003318,280.0000
mixtral-dev68,7,sim,idle,5.599458257,5.599879272,0.000421015,84.0000
mixtral-dev68,7,sim,gate,5.599879272,5.600058402,0.000179130,280.0000
mixtral-dev68,7,sim,idle,5.600058402,5.600058563,0.000000162,84.0000
mixtral-dev68,7,sim,experts,5.600058563,5.619277052,0.019218489,700.0000
mixtral-dev68,7,sim,idle,5.619277052,5.620850775,0.001573722,84.0000
mixtral-dev68,7,sim,experts,5.620850775,5.640629634,0.019778859,700.0000
mixtral-dev68,7,sim,idle,5.640629634,5.646540148,0.005910514,84.0000
mixtral-dev68,7,sim,idle,5.646540148,5.646540310,0.000000162,84.0000
mixtral-dev68,7,sim,idle,5.646540310,5.646540471,0.000000162,84.0000
mixtral-dev68,7,sim,gate,5.646540471,5.646633070,0.000092598,280.0000
mixtral-dev68,7,sim,idle,5.646633070,5.646635554,0.000002484,84.0000
mixtral-dev68,7,sim,addnorm,5.646635554,5.646637640,0.000002086,140.0000
mixtral-dev68,7,sim,idle,5.646637640,5.646637801,0.000000162,84.0000
mixtral-dev68,7,sim,addnorm,5.646637801,5.646930569,0.000292768,140.0000
mixtral-dev68,7,sim,idle,5.646930569,5.646930731,0.000000162,84.0000
mixtral-dev68,7,sim,attention,5.646930731,5.671546663,0.024615932,700.0000
mixtral-dev68,7,sim,idle,5.671546663,5.716350263,0.044803600,84.0000
mixtral-dev68,7,sim,addnorm,5.716350263,5.716352351,0.000002089,140.0000
mixtral-dev68,7,sim,idle,5.716352351,5.716352513,0.000000162,84.0000
mixtral-dev68,7,sim,addnorm,5.716352513,5.716645281,0.000292768,140.0000
mixtral-dev68,7,sim,idle,5.716645281,5.716645443,0.000000162,84.0000
mixtral-dev68,7,sim,idle,5.716645443,5.716645604,0.000000162,84.0000
mixtral-dev68,7,sim,gate,5.716645604,5.716648923,0.000003318,280.0000
mixtral-dev68,7,sim,idle,5.716648923,5.717069936,0.000421013,84.0000
mixtral-dev68,7,sim,gate,5.717069936,5.717249065,0.000179130,280.0000
mixtral-dev68,7,sim,idle,5.717249065,5.717249227,0.000000162,84.0000
mixtral-dev68,7,sim,experts,5.717249227,5.736467716,0.019218489,700.0000
mixtral-dev68,7,sim,idle,5.736467716,5.738041438,0.001573722,84.0000
mixtral-dev68,7,sim,experts,5.738041438,5.757820297,0.019778859,700.0000
mixtral-dev68,7,sim,idle,5.757820297,5.763733582,0.005913285,84.0000
mixtral-dev68,7,sim,idle,5.763733582,5.763733744,0.000000162,84.0000
mixtral-dev68,7,sim,idle,5.763733744,5.763733906,0.000000162,84.0000
mixtral-dev68,7,sim,gate,5.763733906,5.763826504,0.000092598,280.0000
mixtral-dev68,7,sim,idle,5.763826504,5.763828988,0.000002484,84.0000
mixtral-dev68,7,sim,addnorm,5.763828988,5.763831074,0.000002086,140.0000
mixtral-dev68,7,sim,idle,5.763831074,5.763831236,0.000000162,84.0000
mixtral-dev68,7,sim,addnorm,5.763831236,5.764124004,0.000292768,140.0000
mixtral-dev68,7,sim,idle,5.764124004,5.764124165,0.000000162,84.0000
mixtral-dev68,7,sim,attention,5.764124165,5.788740097,0.024615932,700.0000
mixtral-dev68,7,sim,idle,5.788740097,5.833553867,0.044813770,84.0000
mixtral-dev68,7,sim,addnorm,5.833553867,5.833555956,0.000002089,140.0000
mixtral-dev68,7,sim,idle,5.833555956,5.833556118,0.000000162,84.0000
mixtral-dev68,7,sim,addnorm,5.833556118,5.833848886,0.000292768,140.0000
mixtral-dev68,7,sim,idle,5.833848886,5.833849047,0.000000162,84.0000
mixtral-dev68,7,sim,idle,5.833849047,5.833849209,0.000000162,84.0000
mixtral-dev68,7,sim,gate,5.833849209,5.833852527,0.000003318,280.0000
mixtral-dev68,7,sim,idle,5.833852527,5.834273542,0.000421015,84.0000
mixtral-dev68,7,sim,gate,5.834273542,5.834452672,0.000179130,280.0000
mixtral-dev68,7,sim,idle,5.834452672,5.834452833,0.000000162,84.0000
mixtral-dev68,7,sim,experts,5.834452833,5.853671323,0.019218489,700.0000
mixtral-dev68,7,sim,idle,5.853671323,5.855245045,0.001573722,84.0000
mixtral-dev68,7,sim,experts,5.855245045,5.875023904,0.019778859,700.0000
mixtral-dev68,7,sim,idle,5.875023904,5.880935326,0.005911422,84.0000
mixtral-dev68,7,sim,idle,5.880935326,5.880935487,0.000000162,84.0000
mixtral-dev68,7,sim,idle,5.880935487,5.880935649,0.000000162,84.0000
mixtral-dev68,7,sim,gate,5.880935649,5.881028247,0.000092598,280.0000
mixtral-dev68,7,sim,idle,5.881028247,5.881030731,0.000002484,84.0000
mixtral-dev68,7,sim,addnorm,5.881030731,5.881032817,0.000002086,140.0000
mixtral-dev68,7,sim,idle,5.881032817,5.881032979,0.000000162,84.0000
mixtral-dev68,7,sim,addnorm,5.881032979,5.881325747,0.000292768,140.0000
mixtral-dev68,7,sim,idle,5.881325747,5.881325909,0.000000162,84.0000
mixtral-dev68,7,sim,attention,5.881325909,5.905941840,0.024615932,700.0000
mixtral-dev68,7,sim,idle,5.905941840,5.912266026,0.006324186,84.0000
mixtral-dev68,7,sim,addnorm,5.912266026,5.912268115,0.000002089,140.0000
mixtral-dev68,7,sim,idle,5.912268115,5.912268276,0.000000162,84.0000
mixtral-dev68,7,sim,addnorm,5.912268276,5.912561044,0.000292768,140.0000
mixtral-dev68,7,sim,idle,5.912561044,5.912561206,0.000000162,84.0000
mixtral-dev68,7,sim,idle,5.912561206,5.912561368,0.000000162,84.0000
mixtral-dev68,7,sim,gate,5.912561368,5.912564686,0.000003318,280.0000
mixtral-dev68,7,sim,idle,5.912564686,5.912985703,0.000421017,84.0000
mixtral-dev68,7,sim,gate,5.912985703,5.913164832,0.000179130,280.0000
mixtral-dev68,7,sim,idle,5.913164832,5.913164994,0.000000162,84.0000
mixtral-dev68,7,sim,experts,5.913164994,5.932383483,0.019218489,700.0000
mixtral-dev68,7,sim,idle,5.932383483,5.933957205,0.001573722,84.0000
mixtral-dev68,7,sim,experts,5.933957205,5.953736064,0.019778859,700.0000
mixtral-dev68,7,sim,idle,5.953736064,5.959647196,0.005911131,84.0000
mixtral-dev68,7,sim,idle,5.959647196,5.959647357,0.000000162,84.0000
mixtral-dev68,7,sim,idle,5.959647357,5.959647519,0.000000162,84.0000
mixtral-dev68,7,sim,gate,5.959647519,5.959740117,0.000092598,280.0000
mixtral-dev68,7,sim,idle,5.959740117,5.959742602,0.000002484,84.0000
mixtral-dev68,7,sim,addnorm,5.959742602,5.959744688,0.000002086,140.0000
mixtral-dev68,7,sim,idle,5.959744688,5.959744849,0.000000162,84.0000
mixtral-dev68,7,sim,addnorm,5.959744849,5.960037617,0.000292768,140.0000
mixtral-dev68,7,sim,idle,5.960037617,5.960037779,0.000000162,84.0000
mixtral-dev68,7,sim,attention,5.960037779,5.984653711,0.024615932,700.0000
mixtral-dev68,7,sim,idle,5.984653711,6.057012578,0.072358867,84.0000
mixtral-dev68,8,sim,idle,6.057012578,6.111494131,0.054481553,84.0000
mixtral-dev68,8,sim,attention,6.111494131,6.123802096,0.012307966,700.0000
mixtral-dev68,8,sim,idle,6.123802096,6.123802258,0.000000162,84.0000
mixtral-dev68,8,sim,addnorm,6.123802258,6.123946463,0.000144205,140.0000
mixtral-dev68,8,sim,idle,6.123946463,6.123946624,0.000000162,84.0000
mixtral-dev68,8,sim,addnorm,6.123946624,6.123949165,0.000002540,140.0000
mixtral-dev68,8,sim,idle,6.123949165,6.123949327,0.000000162,84.0000
mixtral-dev68,8,sim,gate,6.123949327,6.123987749,0.000038422,280.0000
mixtral-dev68,8,sim,idle,6.123987749,6.123990233,0.000002484,84.0000
mixtral-dev68,8,sim,idle,6.123990233,6.123990395,0.000000162,84.0000
mixtral-dev68,8,sim,gate,6.123990395,6.124007499,0.000017104,280.0000
mixtral-dev68,8,sim,idle,6.124007499,6.124397911,0.000390412,84.0000
mixtral-dev68,8,sim,experts,6.124397911,6.135237911,0.010840001,700.0000
mixtral-dev68,8,sim,idle,6.135237911,6.140743531,0.005505620,84.0000
mixtral-dev68,8,sim,experts,6.140743531,6.150394919,0.009651388,700.0000
mixtral-dev68,8,sim,idle,6.150394919,6.151968641,0.001573722,84.0000
mixtral-dev68,8,sim,experts,6.151968641,6.165445819,0.013477177,700.0000
mixtral-dev68,8,sim,idle,6.165445819,6.165841632,0.000395813,84.0000
mixtral-dev68,8,sim,idle,6.165841632,6.165841793,0.000000162,84.0000
mixtral-dev68,8,sim,addnorm,6.165841793,6.165985998,0.000144205,140.0000
mixtral-dev68,8,sim,idle,6.165985998,6.165986160,0.000000162,84.0000
mixtral-dev68,8,sim,addnorm,6.165986160,6.165988697,0.000002538,140.0000
mixtral-dev68,8,sim,idle,6.165988697,6.165990624,0.000001927,84.0000
mixtral-dev68,8,sim,attention,6.165990624,6.178298590,0.012307966,700.0000
mixtral-dev68,8,sim,idle,6.178298590,6.178298752,0.000000162,84.0000
mixtral-dev68,8,sim,addnorm,6.178298752,6.178442957,0.000144205,140.0000
mixtral-dev68,8,sim,idle,6.178442957,6.178443118,0.000000162,84.0000
mixtral-dev68,8,sim,addnorm,6.178443118,6.178445659,0.000002540,140.0000
mixtral-dev68,8,sim,idle,6.178445659,6.178445820,0.000000162,84.0000
mixtral-dev68,8,sim,gate,6.178445820,6.178484243,0.000038422,280.0000
mixtral-dev68,8,sim,idle,6.178484243,6.178486727,0.000002484,84.0000
mixtral-dev68,8,sim,idle,6.178486727,6.178486889,0.000000162,84.0000
mixtral-dev68,8,sim,gate,6.178486889,6.178503993,0.000017104,280.0000
mixtral-dev68,8,sim,idle,6.178503993,6.178894404,0.000390412,84.0000
mixtral-dev68,8,sim,experts,6.178894404,6.189734405,0.010840001,700.0000
mixtral-dev68,8,sim,idle,6.189734405,6.195240025,0.005505620,84.0000
mixtral-dev68,8,sim,experts,6.195240025,6.204891413,0.009651388,700.0000
mixtral-dev68,8,sim,idle,6.204891413,6.206465135,0.001573722,84.0000
mixtral-dev68,8,sim,experts,6.206465135,6.219942313,0.013477177,700.0000
mixtral-dev68,8,sim,idle,6.219942313,6.220338126,0.000395813,84.0000
mixtral-dev68,8,sim,idle,6.220338126,6.220338287,0.000000162,84.0000
mixtral-dev68,8,sim,addnorm,6.220338287,6.220482492,0.000144205,140.0000
mixtral-dev68,8,sim,idle,6.220482492,6.220482654,0.000000162,84.0000
mixtral-dev68,8,sim,addnorm,6.220482654,6.220485191,0.000002538,140.0000
mixtral-dev68,8,sim,attention,6.220485191,6.232793157,0.012307966,700.0000
mixtral-dev68,8,sim,idle,6.232793157,6.232793319,0.000000162,84.0000
mixtral-dev68,8,sim,addnorm,6.232793319,6.232937524,0.000144205,140.0000
mixtral-dev68,8,sim,idle,6.232937524,6.232937685,0.000000162,84.0000
mixtral-dev68,8,sim,addnorm,6.232937685,6.232940226,0.000002540,140.0000
mixtral-dev68,8,sim,idle,6.232940226,6.232940387,0.000000162,84.0000
mixtral-dev68,8,sim,gate,6.232940387,6.232978810,0.000038422,280.0000
mixtral-dev68,8,sim,idle,6.232978810,6.232981294,0.000002484,84.0000
mixtral-dev68,8,sim,idle,6.232981294,6.232981456,0.000000162,84.0000
mixtral-dev68,8,sim,gate,6.232981456,6.232998560,0.000017104,280.0000
mixtral-dev68,8,sim,idle,6.232998560,6.233371867,0.000373308,84.0000
mixtral-dev68,8,sim,experts,6.233371867,6.244211868,0.010840001,700.0000
mixtral-dev68,8,sim,idle,6.244211868,6.249717488,0.005505620,84.0000
mixtral-dev68,8,sim,experts,6.249717488,6.259368876,0.009651388,700.0000
mixtral-dev68,8,sim,idle,6.259368876,6.260942598,0.001573722,84.0000
mixtral-dev68,8,sim,experts,6.260942598,6.274419776,0.013477177,700.0000
mixtral-dev68,8,sim,idle,6.274419776,6.274815589,0.000395813,84.0000
mixtral-dev68,8,sim,idle,6.274815589,6.274815750,0.000000162,84.0000
mixtral-dev68,8,sim,addnorm,6.274815750,6.274959955,0.000144205,140.0000
mixtral-dev68,8,sim,idle,6.274959955,6.274960117,0.000000162,84.0000
mixtral-dev68,8,sim,addnorm,6.274960117,6.274962654,0.000002538,140.0000
mixtral-dev68,8,sim,attention,6.274962654,6.287270620,0.012307966,700.0000
mixtral-dev68,8,sim,idle,6.287270620,6.287270782,0.000000162,84.0000
mixtral-dev68,8,sim,addnorm,6.287270782,6.287414987,0.000144205,140.0000
mixtral-dev68,8,sim,idle,6.287414987,6.287415148,0.000000162,84.0000
mixtral-dev68,8,sim,addnorm,6.287415148,6.287417689,0.000002540,140.0000
mixtral-dev68,8,sim,idle,6.287417689,6.287417850,0.000000162,84.0000
mixtral-dev68,8,sim,gate,6.287417850,6.287456273,0.000038422,280.0000
mixtral-dev68,8,sim,idle,6.287456273,6.287458757,0.000002484,84.0000
mixtral-dev68,8,sim,idle,6.287458757,6.287458919,0.000000162,84.0000
mixtral-dev68,8,sim,gate,6.287458919,6.287476023,0.000017104,280.0000
mixtral-dev68,8,sim,idle,6.287476023,6.287849330,0.000373308,84.0000
mixtral-dev68,8,sim,experts,6.287849330,6.298689331,0.010840001,700.0000
mixtral-dev68,8,sim,idle,6.298689331,6.304194951,0.005505620,84.0000
mixtral-dev68,8,sim,experts,6.304194951,6.313846339,0.009651388,700.0000
mixtral-dev68,8,sim,idle,6.313846339,6.315420061,0.001573722,84.0000
mixtral-dev68,8,sim,experts,6.315420061,6.328897239,0.013477177,700.0000
mixtral-dev68,8,sim,idle,6.328897239,6.329293052,0.000395813,84.0000
mixtral-dev68,8,sim,idle,6.329293052,6.329293213,0.000000162,84.0000
mixtral-dev68,8,sim,addnorm,6.329293213,6.329437418,0.000144205,140.0000
mixtral-dev68,8,sim,idle,6.329437418,6.329437580,0.000000162,84.0000
mixtral-dev68,8,sim,addnorm,6.329437580,6.329440117,0.000002538,140.0000
mixtral-dev68,8,sim,idle,6.329440117,6.464447109,0.135006991,84.0000
mixtral-dev68,8,sim,addnorm,6.464447109,6.464449197,0.000002089,140.0000
mixtral-dev68,8,sim,idle,6.464449197,6.464449359,0.000000162,84.0000
mixtral-dev68,8,sim,addnorm,6.464449359,6.464742127,0.000292768,140.0000
mixtral-dev68,8,sim,idle,6.464742127,6.464742288,0.000000162,84.0000
mixtral-dev68,8,sim,idle,6.464742288,6.464742450,0.000000162,84.0000
mixtral-dev68,8,sim,gate,6.464742450,6.464745768,0.000003318,280.0000
mixtral-dev68,8,sim,idle,6.464745768,6.465166783,0.000421015,84.0000
mixtral-dev68,8,sim,gate,6.465166783,6.465345913,0.000179130,280.0000
mixtral-dev68,8,sim,idle,6.465345913,6.465346074,0.000000162,84.0000
mixtral-dev68,8,sim,experts,6.465346074,6.484564564,0.019218489,700.0000
mixtral-dev68,8,sim,idle,6.484564564,6.486138286,0.001573722,84.0000
mixtral-dev68,8,sim,experts,6.486138286,6.505917145,0.019778859,700.0000
mixtral-dev68,8,sim,idle,6.505917145,6.511827659,0.005910514,84.0000
mixtral-dev68,8,sim,idle,6.511827659,6.511827821,0.000000162,84.0000
mixtral-dev68,8,sim,idle,6.511827821,6.511827982,0.000000162,84.0000
mixtral-dev68,8,sim,gate,6.511827982,6.511920581,0.000092598,280.0000
mixtral-dev68,8,sim,idle,6.511920581,6.511923065,0.000002484,84.0000
mixtral-dev68,8,sim,addnorm,6.511923065,6.511925151,0.000002086,140.0000
mixtral-dev68,8,sim,idle,6.511925151,6.511925312,0.000000162,84.0000
mixtral-dev68,8,sim,addnorm,6.511925312,6.512218080,0.000292768,140.0000
mixtral-dev68,8,sim,idle,6.512218080,6.512218242,0.000000162,84.0000
mixtral-dev68,8,sim,attention,6.512218242,6.536834174,0.024615932,700.0000
mixtral-dev68,8,sim,idle,6.536834174,6.581637774,0.044803600,84.0000
mixtral-dev68,8,sim,addnorm,6.581637774,6.581639862,0.000002089,140.0000
mixtral-dev68,8,sim,idle,6.581639862,6.581640024,0.000000162,84.0000
mixtral-dev68,8,sim,addnorm,6.581640024,6.581932792,0.000292768,140.0000
mixtral-dev68,8,sim,idle,6.581932792,6.581932954,0.000000162,84.0000
mixtral-dev68,8,sim,idle,6.581932954,6.581933115,0.000000162,84.0000
mixtral-dev68,8,sim,gate,6.581933115,6.581936434,0.000003318,280.0000
mixtral-dev68,8,sim,idle,6.581936434,6.582357447,0.000421013,84.0000
mixtral-dev68,8,sim,gate,6.582357447,6.582536576,0.000179130,280.0000
mixtral-dev68,8,sim,idle,6.582536576,6.582536738,0.000000162,84.0000
mixtral-dev68,8,sim,experts,6.582536738,6.601755227,0.019218489,700.0000
mixtral-dev68,8,sim,idle,6.601755227,6.603328949,0.001573722,84.0000
mixtral-dev68,8,sim,experts,6.603328949,6.623107808,0.019778859,700.0000
mixtral-dev68,8,sim,idle,6.623107808,6.629021093,0.005913285,84.0000
mixtral-dev68,8,sim,idle,6.629021093,6.629021255,0.000000162,84.0000
mixtral-dev68,8,sim,idle,6.629021255,6.629021417,0.000000162,84.0000
mixtral-dev68,8,sim,gate,6.629021417,6.629114015,0.000092598,280.0000
mixtral-dev68,8,sim,idle,6.629114015,6.629116499,0.000002484,84.0000
mixtral-dev68,8,sim,addnorm,6.629116499,6.629118585,0.000002086,140.0000
mixtral-dev68,8,sim,idle,6.629118585,6.629118747,0.000000162,84.0000
mixtral-dev68,8,sim,addnorm,6.629118747,6.629411515,0.000292768,140.0000
mixtral-dev68,8,sim,idle,6.629411515,6.629411676,0.000000162,84.0000
mixtral-dev68,8,sim,attention,6.629411676,6.654027608,0.024615932,700.0000
mixtral-dev68,8,sim,idle,6.654027608,6.698841378,0.044813770,84.0000
mixtral-dev68,8,sim,addnorm,6.698841378,6.698843467,0.000002089,140.0000
mixtral-dev68,8,sim,idle,6.698843467,6.698843629,0.000000162,84.0000
mixtral-dev68,8,sim,addnorm,6.698843629,6.699136397,0.000292768,140.0000
mixtral-dev68,8,sim,idle,6.699136397,6.699136558,0.000000162,84.0000
mixtral-dev68,8,sim,idle,6.699136558,6.699136720,0.000000162,84.0000
mixtral-dev68,8,sim,gate,6.699136720,6.699140038,0.000003318,280.0000
mixtral-dev68,8,sim,idle,6.699140038,6.699561053,0.000421015,84.0000
mixtral-dev68,8,sim,gate,6.699561053,6.699740183,0.000179130,280.0000
mixtral-dev68,8,sim,idle,6.699740183,6.699740345,0.000000162,84.0000
mixtral-dev68,8,sim,experts,6.699740345,6.718958834,0.019218489,700.0000
mixtral-dev68,8,sim,idle,6.718958834,6.720532556,0.001573722,84.0000
mixtral-dev68,8,sim,experts,6.720532556,6.740311415,0.019778859,700.0000
mixtral-dev68,8,sim,idle,6.740311415,6.746222837,0.005911422,84.0000
mixtral-dev68,8,sim,idle,6.746222837,6.746222998,0.000000162,84.0000
mixtral-dev68,8,sim,idle,6.746222998,6.746223160,0.000000162,84.0000
mixtral-dev68,8,sim,gate,6.746223160,6.746315758,0.000092598,280.0000
mixtral-dev68,8,sim,idle,6.746315758,6.746318242,0.000002484,84.0000
mixtral-dev68,8,sim,addnorm,6.746318242,6.746320328,0.000002086,140.0000
mixtral-dev68,8,sim,idle,6.746320328,6.746320490,0.000000162,84.0000
mixtral-dev68,8,sim,addnorm,6.746320490,6.746613258,0.000292768,140.0000
mixtral-dev68,8,sim,idle,6.746613258,6.746613420,0.000000162,84.0000
mixtral-dev68,8,sim,attention,6.746613420,6.771229352,0.024615932,700.0000
mixtral-dev68,8,sim,idle,6.771229352,6.777553537,0.006324186,84.0000
mixtral-dev68,8,sim,addnorm,6.777553537,6.777555626,0.000002089,140.0000
mixtral-dev68,8,sim,idle,6.777555626,6.777555787,0.000000162,84.0000
mixtral-dev68,8,sim,addnorm,6.777555787,6.777848555,0.000292768,140.0000
mixtral-dev68,8,sim,idle,6.777848555,6.777848717,0.000000162,84.0000
mixtral-dev68,8,sim,idle,6.777848717,6.777848879,0.000000162,84.0000
mixtral-dev68,8,sim,gate,6.777848879,6.777852197,0.000003318,280.0000
mixtral-dev68,8,sim,idle,6.777852197,6.778273214,0.000421017,84.0000
mixtral-dev68,8,sim,gate,6.778273214,6.778452343,0.000179130,280.0000
mixtral-dev68,8,sim,idle,6.778452343,6.778452505,0.000000162,84.0000
mixtral-dev68,8,sim,experts,6.778452505,6.797670994,0.019218489,700.0000
mixtral-dev68,8,sim,idle,6.797670994,6.799244716,0.001573722,84.0000
mixtral-dev68,8,sim,experts,6.799244716,6.819023575,0.019778859,700.0000
mixtral-dev68,8,sim,idle,6.819023575,6.824934707,0.005911131,84.0000
mixtral-dev68,8,sim,idle,6.824934707,6.824934868,0.000000162,84.0000
mixtral-dev68,8,sim,idle,6.824934868,6.824935030,0.000000162,84.0000
mixtral-dev68,8,sim,gate,6.824935030,6.825027629,0.000092598,280.0000
mixtral-dev68,8,sim,idle,6.825027629,6.825030113,0.000002484,84.0000
mixtral-dev68,8,sim,addnorm,6.825030113,6.825032199,0.000002086,140.0000
mixtral-dev68,8,sim,idle,6.825032199,6.825032360,0.000000162,84.0000
mixtral-dev68,8,sim,addnorm,6.825032360,6.825325128,0.000292768,140.0000
mixtral-dev68,8,sim,idle,6.825325128,6.825325290,0.000000162,84.0000
mixtral-dev68,8,sim,attention,6.825325290,6.849941222,0.024615932,700.0000
mixtral-dev68,8,sim,idle,6.849941222,6.922300089,0.072358867,84.0000
mixtral-dev68,9,sim,idle,6.922300089,6.976781642,0.054481553,84.0000
mixtral-dev68,9,sim,attention,6.976781642,6.989089608,0.012307966,700.0000
mixtral-dev68,9,sim,idle,6.989089608,6.989089769,0.000000162,84.0000
mixtral-dev68,9,sim,addnorm,6.989089769,6.989233974,0.000144205,140.0000
mixtral-dev68,9,sim,idle,6.989233974,6.989234136,0.000000162,84.0000
mixtral-dev68,9,sim,addnorm,6.989234136,6.989236676,0.000002540,140.0000
mixtral-dev68,9,sim,idle,6.989236676,6.989236838,0.000000162,84.0000
mixtral-dev68,9,sim,gate,6.989236838,6.989275260,0.000038422,280.0000
mixtral-dev68,9,sim,idle,6.989275260,6.989277744,0.000002484,84.0000
mixtral-dev68,9,sim,idle,6.989277744,6.989277906,0.000000162,84.0000
mixtral-dev68,9,sim,gate,6.989277906,6.989295010,0.000017104,280.0000
mixtral-dev68,9,sim,idle,6.989295010,6.989685422,0.000390412,84.0000
mixtral-dev68,9,sim,experts,6.989685422,7.000525422,0.010840001,700.0000
mixtral-dev68,9,sim,idle,7.000525422,7.006031042,0.005505620,84.0000
mixtral-dev68,9,sim,experts,7.006031042,7.015682430,0.009651388,700.0000
mixtral-dev68,9,sim,idle,7.015682430,7.017256152,0.001573722,84.0000
mixtral-dev68,9,sim,experts,7.017256152,7.030733330,0.013477177,700.0000
mixtral-dev68,9,sim,idle,7.030733330,7.031129143,0.000395813,84.0000
mixtral-dev68,9,sim,idle,7.031129143,7.031129305,0.000000162,84.0000
mixtral-dev68,9,sim,addnorm,7.031129305,7.031273509,0.000144205,140.0000
mixtral-dev68,9,sim,idle,7.031273509,7.031273671,0.000000162,84.0000
mixtral-dev68,9,sim,addnorm,7.031273671,7.031276209,0.000002538,140.0000
mixtral-dev68,9,sim,idle,7.031276209,7.031278136,0.000001927,84.0000
mixtral-dev68,9,sim,attention,7.031278136,7.043586101,0.012307966,700.0000
mixtral-dev68,9,sim,idle,7.043586101,7.043586263,0.000000162,84.0000
mixtral-dev68,9,sim,addnorm,7.043586263,7.043730468,0.000144205,140.0000
mixtral-dev68,9,sim,idle,7.043730468,7.043730629,0.000000162,84.0000
mixtral-dev68,9,sim,addnorm,7.043730629,7.043733170,0.000002540,140.0000
mixtral-dev68,9,sim,idle,7.043733170,7.043733332,0.000000162,84.0000
mixtral-dev68,9,sim,gate,7.043733332,7.043771754,0.000038422,280.0000
mixtral-dev68,9,sim,idle,7.043771754,7.043774238,0.000002484,84.0000
mixtral-dev68,9,sim,idle,7.043774238,7.043774400,0.000000162,84.0000
mixtral-dev68,9,sim,gate,7.043774400,7.043791504,0.000017104,280.0000
mixtral-dev68,9,sim,idle,7.043791504,7.044181916,0.000390412,84.0000
mixtral-dev68,9,sim,experts,7.044181916,7.055021916,0.010840001,700.0000
mixtral-dev68,9,sim,idle,7.055021916,7.060527536,0.005505620,84.0000
mixtral-dev68,9,sim,experts,7.060527536,7.070178924,0.009651388,700.0000
mixtral-dev68,9,sim,idle,7.070178924,7.071752646,0.001573722,84.0000
mixtral-dev68,9,sim,experts,7.071752646,7.085229824,0.013477177,700.0000
mixtral-dev68,9,sim,idle,7.085229824,7.085625637,0.000395813,84.0000
mixtral-dev68,9,sim,idle,7.085625637,7.085625798,0.000000162,84.0000
mixtral-dev68,9,sim,addnorm,7.085625798,7.085770003,0.000144205,140.0000
mixtral-dev68,9,sim,idle,7.085770003,7.085770165,0.000000162,84.0000
mixtral-dev68,9,sim,addnorm,7.085770165,7.085772703,0.000002538,140.0000
mixtral-dev68,9,sim,attention,7.085772703,7.098080668,0.012307966,700.0000
mixtral-dev68,9,sim,idle,7.098080668,7.098080830,0.000000162,84.0000
mixtral-dev68,9,sim,addnorm,7.098080830,7.098225035,0.000144205,140.0000
mixtral-dev68,9,sim,idle,7.098225035,7.098225197,0.000000162,84.0000
mixtral-dev68,9,sim,addnorm,7.098225197,7.098227737,0.000002540,140.0000
mixtral-dev68,9,sim,idle,7.098227737,7.098227899,0.000000162,84.0000
mixtral-dev68,9,sim,gate,7.098227899,7.098266321,0.000038422,280.0000
mixtral-dev68,9,sim,idle,7.098266321,7.098268805,0.000002484,84.0000
mixtral-dev68,9,sim,idle,7.098268805,7.098268967,0.000000162,84.0000
mixtral-dev68,9,sim,gate,7.098268967,7.098286071,0.000017104,280.0000
mixtral-dev68,9,sim,idle,7.098286071,7.098659379,0.000373308,84.0000
mixtral-dev68,9,sim,experts,7.098659379,7.109499379,0.010840001,700.0000
mixtral-dev68,9,sim,idle,7.109499379,7.115004999,0.005505620,84.0000
mixtral-dev68,9,sim,experts,7.115004999,7.124656387,0.009651388,700.0000
mixtral-dev68,9,sim,idle,7.124656387,7.126230109,0.001573722,84.0000
mixtral-dev68,9,sim,experts,7.126230109,7.139707287,0.013477177,700.0000
mixtral-dev68,9,sim,idle,7.139707287,7.140103100,0.000395813,84.0000
mixtral-dev68,9,sim,idle,7.140103100,7.140103262,0.000000162,84.0000
mixtral-dev68,9,sim,addnorm,7.140103262,7.140247466,0.000144205,140.0000
mixtral-dev68,9,sim,idle,7.140247466,7.140247628,0.000000162,84.0000
mixtral-dev68,9,sim,addnorm,7.140247628,7.140250166,0.000002538,140.0000
mixtral-dev68,9,sim,attention,7.140250166,7.152558131,0.012307966,700.0000
mixtral-dev68,9,sim,idle,7.152558131,7.152558293,0.000000162,84.0000
mixtral-dev68,9,sim,addnorm,7.152558293,7.152702498,0.000144205,140.0000
mixtral-dev68,9,sim,idle,7.152702498,7.152702660,0.000000162,84.0000
mixtral-dev68,9,sim,addnorm,7.152702660,7.152705200,0.000002540,140.0000
mixtral-dev68,9,sim,idle,7.152705200,7.152705362,0.000000162,84.0000
mixtral-dev68,9,sim,gate,7.152705362,7.152743784,0.000038422,280.0000
mixtral-dev68,9,sim,idle,7.152743784,7.152746268,0.000002484,84.0000
mixtral-dev68,9,sim,idle,7.152746268,7.152746430,0.000000162,84.0000
mixtral-dev68,9,sim,gate,7.152746430,7.152763534,0.000017104,280.0000
mixtral-dev68,9,sim,idle,7.152763534,7.153136842,0.000373308,84.0000
mixtral-dev68,9,sim,experts,7.153136842,7.163976842,0.010840001,700.0000
mixtral-dev68,9,sim,idle,7.163976842,7.169482462,0.005505620,84.0000
mixtral-dev68,9,sim,experts,7.169482462,7.179133850,0.009651388,700.0000
mixtral-dev68,9,sim,idle,7.179133850,7.180707572,0.001573722,84.0000
mixtral-dev68,9,sim,experts,7.180707572,7.194184750,0.013477177,700.0000
mixtral-dev68,9,sim,idle,7.194184750,7.194580563,0.000395813,84.0000
mixtral-dev68,9,sim,idle,7.194580563,7.194580724,0.000000162,84.0000
mixtral-dev68,9,sim,addnorm,7.194580724,7.194724929,0.000144205,140.0000
mixtral-dev68,9,sim,idle,7.194724929,7.194725091,0.000000162,84.0000
mixtral-dev68,9,sim,addnorm,7.194725091,7.194727629,0.000002538,140.0000
mixtral-dev68,9,sim,idle,7.194727629,7.329734620,0.135006991,84.0000
mixtral-dev68,9,sim,addnorm,7.329734620,7.329736708,0.000002089,140.0000
mixtral-dev68,9,sim,idle,7.329736708,7.329736870,0.000000162,84.0000
mixtral-dev68,9,sim,addnorm,7.329736870,7.330029638,0.000292768,140.0000
mixtral-dev68,9,sim,idle,7.330029638,7.330029800,0.000000162,84.0000
mixtral-dev68,9,sim,idle,7.330029800,7.330029961,0.000000162,84.0000
mixtral-dev68,9,sim,gate,7.330029961,7.330033280,0.000003318,280.0000
mixtral-dev68,9,sim,idle,7.330033280,7.330454294,0.000421015,84.0000
mixtral-dev68,9,sim,gate,7.330454294,7.330633424,0.000179130,280.0000
mixtral-dev68,9,sim,idle,7.330633424,7.330633585,0.000000162,84.0000
mixtral-dev68,9,sim,experts,7.330633585,7.349852075,0.019218489,700.0000
mixtral-dev68,9,sim,idle,7.349852075,7.351425797,0.001573722,84.0000
mixtral-dev68,9,sim,experts,7.351425797,7.371204656,0.019778859,700.0000
mixtral-dev68,9,sim,idle,7.371204656,7.377115170,0.005910514,84.0000
mixtral-dev68,9,sim,idle,7.377115170,7.377115332,0.000000162,84.0000
mixtral-dev68,9,sim,idle,7.377115332,7.377115493,0.000000162,84.0000
mixtral-dev68,9,sim,gate,7.377115493,7.377208092,0.000092598,280.0000
mixtral-dev68,9,sim,idle,7.377208092,7.377210576,0.000002484,84.0000
mixtral-dev68,9,sim,addnorm,7.377210576,7.377212662,0.000002086,140.0000
mixtral-dev68,9,sim,idle,7.377212662,7.377212824,0.000000162,84.0000
mixtral-dev68,9,sim,addnorm,7.377212824,7.377505592,0.000292768,140.0000
mixtral-dev68,9,sim,idle,7.377505592,7.377505753,0.000000162,84.0000
mixtral-dev68,9,sim,attention,7.377505753,7.402121685,0.024615932,700.0000
mixtral-dev68,9,sim,idle,7.402121685,7.446925285,0.044803600,84.0000
mixtral-dev68,9,sim,addnorm,7.446925285,7.446927374,0.000002089,140.0000
mixtral-dev68,9,sim,idle,7.446927374,7.446927535,0.000000162,84.0000
mixtral-dev68,9,sim,addnorm,7.446927535,7.447220303,0.000292768,140.0000
mixtral-dev68,9,sim,idle,7.447220303,7.447220465,0.000000162,84.0000
mixtral-dev68,9,sim,idle,7.447220465,7.447220626,0.000000162,84.0000
mixtral-dev68,9,sim,gate,7.447220626,7.447223945,0.000003318,280.0000
mixtral-dev68,9,sim,idle,7.447223945,7.447644958,0.000421013,84.0000
mixtral-dev68,9,sim,gate,7.447644958,7.447824088,0.000179130,280.0000
mixtral-dev68,9,sim,idle,7.447824088,7.447824249,0.000000162,84.0000
mixtral-dev68,9,sim,experts,7.447824249,7.467042738,0.019218489,700.0000
mixtral-dev68,9,sim,idle,7.467042738,7.468616461,0.001573722,84.0000
mixtral-dev68,9,sim,experts,7.468616461,7.488395320,0.019778859,700.0000
mixtral-dev68,9,sim,idle,7.488395320,7.494308605,0.005913285,84.0000
mixtral-dev68,9,sim,idle,7.494308605,7.494308766,0.000000162,84.0000
mixtral-dev68,9,sim,idle,7.494308766,7.494308928,0.000000162,84.0000
mixtral-dev68,9,sim,gate,7.494308928,7.494401526,0.000092598,280.0000
mixtral-dev68,9,sim,idle,7.494401526,7.494404010,0.000002484,84.0000
mixtral-dev68,9,sim,addnorm,7.494404010,7.494406096,0.000002086,140.0000
mixtral-dev68,9,sim,idle,7.494406096,7.494406258,0.000000162,84.0000
mixtral-dev68,9,sim,addnorm,7.494406258,7.494699026,0.000292768,140.0000
mixtral-dev68,9,sim,idle,7.494699026,7.494699188,0.000000162,84.0000
mixtral-dev68,9,sim,attention,7.494699188,7.519315119,0.024615932,700.0000
mixtral-dev68,9,sim,idle,7.519315119,7.564128890,0.044813770,84.0000
mixtral-dev68,9,sim,addnorm,7.564128890,7.564130978,0.000002089,140.0000
mixtral-dev68,9,sim,idle,7.564130978,7.564131140,0.000000162,84.0000
mixtral-dev68,9,sim,addnorm,7.564131140,7.564423908,0.000292768,140.0000
mixtral-dev68,9,sim,idle,7.564423908,7.564424069,0.000000162,84.0000
mixtral-dev68,9,sim,idle,7.564424069,7.564424231,0.000000162,84.0000
mixtral-dev68,9,sim,gate,7.564424231,7.564427549,0.000003318,280.0000
mixtral-dev68,9,sim,idle,7.564427549,7.564848564,0.000421015,84.0000
mixtral-dev68,9,sim,gate,7.564848564,7.565027694,0.000179130,280.0000
mixtral-dev68,9,sim,idle,7.565027694,7.565027856,0.000000162,84.0000
mixtral-dev68,9,sim,experts,7.565027856,7.584246345,0.019218489,700.0000
mixtral-dev68,9,sim,idle,7.584246345,7.585820067,0.001573722,84.0000
mixtral-dev68,9,sim,experts,7.585820067,7.605598926,0.019778859,700.0000
mixtral-dev68,9,sim,idle,7.605598926,7.611510348,0.005911422,84.0000
mixtral-dev68,9,sim,idle,7.611510348,7.611510509,0.000000162,84.0000
mixtral-dev68,9,sim,idle,7.611510509,7.611510671,0.000000162,84.0000
mixtral-dev68,9,sim,gate,7.611510671,7.611603269,0.000092598,280.0000
mixtral-dev68,9,sim,idle,7.611603269,7.611605753,0.000002484,84.0000
mixtral-dev68,9,sim,addnorm,7.611605753,7.611607840,0.000002086,140.0000
mixtral-dev68,9,sim,idle,7.611607840,7.611608001,0.000000162,84.0000
mixtral-dev68,9,sim,addnorm,7.611608001,7.611900769,0.000292768,140.0000
mixtral-dev68,9,sim,idle,7.611900769,7.611900931,0.000000162,84.0000
mixtral-dev68,9,sim,attention,7.611900931,7.636516863,0.024615932,700.0000
mixtral-dev68,9,sim,idle,7.636516863,7.642841048,0.006324186,84.0000
mixtral-dev68,9,sim,addnorm,7.642841048,7.642843137,0.000002089,140.0000
mixtral-dev68,9,sim,idle,7.642843137,7.642843299,0.000000162,84.0000
mixtral-dev68,9,sim,addnorm,7.642843299,7.643136067,0.000292768,140.0000
mixtral-dev68,9,sim,idle,7.643136067,7.643136228,0.000000162,84.0000
mixtral-dev68,9,sim,idle,7.643136228,7.643136390,0.000000162,84.0000
mixtral-dev68,9,sim,gate,7.643136390,7.643139708,0.000003318,280.0000
mixtral-dev68,9,sim,idle,7.643139708,7.643560725,0.000421017,84.0000
mixtral-dev68,9,sim,gate,7.643560725,7.643739854,0.000179130,280.0000
mixtral-dev68,9,sim,idle,7.643739854,7.643740016,0.000000162,84.0000
mixtral-dev68,9,sim,experts,7.643740016,7.662958505,0.019218489,700.0000
mixtral-dev68,9,sim,idle,7.662958505,7.664532228,0.001573722,84.0000
mixtral-dev68,9,sim,experts,7.664532228,7.684311087,0.019778859,700.0000
mixtral-dev68,9,sim,idle,7.684311087,7.690222218,0.005911131,84.0000
mixtral-dev68,9,sim,idle,7.690222218,7.690222380,0.000000162,84.0000
mixtral-dev68,9,sim,idle,7.690222380,7.690222541,0.000000162,84.0000
mixtral-dev68,9,sim,gate,7.690222541,7.690315140,0.000092598,280.0000
mixtral-dev68,9,sim,idle,7.690315140,7.690317624,0.000002484,84.0000
mixtral-dev68,9,sim,addnorm,7.690317624,7.690319710,0.000002086,140.0000
mixtral-dev68,9,sim,idle,7.690319710,7.690319871,0.000000162,84.0000
mixtral-dev68,9,sim,addnorm,7.690319871,7.690612639,0.000292768,140.0000
mixtral-dev68,9,sim,idle,7.690612639,7.690612801,0.000000162,84.0000
mixtral-dev68,9,sim,attention,7.690612801,7.715228733,0.024615932,700.0000
mixtral-dev68,9,sim,idle,7.715228733,7.787587600,0.072358867,84.0000
mixtral-dev68,10,sim,idle,7.787587600,7.842069153,0.054481553,84.0000
mixtral-dev68,10,sim,attention,7.842069153,7.854377119,0.012307966,700.0000
mixtral-dev68,10,sim,idle,7.854377119,7.854377280,0.000000162,84.0000
mixtral-dev68,10,sim,addnorm,7.854377280,7.854521485,0.000144205,140.0000
mixtral-dev68,10,sim,idle,7.854521485,7.854521647,0.000000162,84.0000
mixtral-dev68,10,sim,addnorm,7.854521647,7.854524187,0.000002540,140.0000
mixtral-dev68,10,sim,idle,7.854524187,7.854524349,0.000000162,84.0000
mixtral-dev68,10,sim,gate,7.854524349,7.854562771,0.000038422,280.0000
mixtral-dev68,10,sim,idle,7.854562771,7.854565255,0.000002484,84.0000
mixtral-dev68,10,sim,idle,7.854565255,7.854565417,0.000000162,84.0000
mixtral-dev68,10,sim,gate,7.854565417,7.854582521,0.000017104,280.0000
mixtral-dev68,10,sim,idle,7.854582521,7.854972933,0.000390412,84.0000
mixtral-dev68,10,sim,experts,7.854972933,7.865812933,0.010840001,700.0000
mixtral-dev68,10,sim,idle,7.865812933,7.871318553,0.005505620,84.0000
mixtral-dev68,10,sim,experts,7.871318553,7.880969942,0.009651388,700.0000
mixtral-dev68,10,sim,idle,7.880969942,7.882543664,0.001573722,84.0000
mixtral-dev68,10,sim,experts,7.882543664,7.896020841,0.013477177,700.0000
mixtral-dev68,10,sim,idle,7.896020841,7.896416654,0.000395813,84.0000
mixtral-dev68,10,sim,idle,7.896416654,7.896416816,0.000000162,84.0000
mixtral-dev68,10,sim,addnorm,7.896416816,7.896561021,0.000144205,140.0000
mixtral-dev68,10,sim,idle,7.896561021,7.896561182,0.000000162,84.0000
mixtral-dev68,10,sim,addnorm,7.896561182,7.896563720,0.000002538,140.0000
mixtral-dev68,10,sim,idle,7.896563720,7.896565647,0.000001927,84.0000
mixtral-dev68,10,sim,attention,7.896565647,7.908873613,0.012307966,700.0000
mixtral-dev68,10,sim,idle,7.908873613,7.908873774,0.000000162,84.0000
mixtral-dev68,10,sim,addnorm,7.908873774,7.909017979,0.000144205,140.0000
mixtral-dev68,10,sim,idle,7.909017979,7.909018141,0.000000162,84.0000
mixtral-dev68,10,sim,addnorm,7.909018141,7.909020681,0.000002540,140.0000
mixtral-dev68,10,sim,idle,7.909020681,7.909020843,0.000000162,84.0000
mixtral-dev68,10,sim,gate,7.909020843,7.909059265,0.000038422,280.0000
mixtral-dev68,10,sim,idle,7.909059265,7.909061749,0.000002484,84.0000
mixtral-dev68,10,sim,idle,7.909061749,7.909061911,0.000000162,84.0000
mixtral-dev68,10,sim,gate,7.909061911,7.909079015,0.000017104,280.0000
mixtral-dev68,10,sim,idle,7.909079015,7.909469427,0.000390412,84.0000
mixtral-dev68,10,sim,experts,7.909469427,7.920309427,0.010840001,700.0000
mixtral-dev68,10,sim,idle,7.920309427,7.925815047,0.005505620,84.0000
mixtral-dev68,10,sim,experts,7.925815047,7.935466435,0.009651388,700.0000
mixtral-dev68,10,sim,idle,7.935466435,7.937040158,0.001573722,84.0000
mixtral-dev68,10,sim,experts,7.937040158,7.950517335,0.013477177,700.0000
mixtral-dev68,10,sim,idle,7.950517335,7.950913148,0.000395813,84.0000
mixtral-dev68,10,sim,idle,7.950913148,7.950913310,0.000000162,84.0000
mixtral-dev68,10,sim,addnorm,7.950913310,7.951057514,0.000144205,140.0000
mixtral-dev68,10,sim,idle,7.951057514,7.951057676,0.000000162,84.0000
mixtral-dev68,10,sim,addnorm,7.951057676,7.951060214,0.000002538,140.0000
mixtral-dev68,10,sim,attention,7.951060214,7.963368180,0.012307966,700.0000
mixtral-dev68,10,sim,idle,7.963368180,7.963368341,0.000000162,84.0000
mixtral-dev68,10,sim,addnorm,7.963368341,7.963512546,0.000144205,140.0000
mixtral-dev68,10,sim,idle,7.963512546,7.963512708,0.000000162,84.0000
mixtral-dev68,10,sim,addnorm,7.963512708,7.963515248,0.000002540,140.0000
mixtral-dev68,10,sim,idle,7.963515248,7.963515410,0.000000162,84.0000
mixtral-dev68,10,sim,gate,7.963515410,7.963553832,0.000038422,280.0000
mixtral-dev68,10,sim,idle,7.963553832,7.963556316,0.000002484,84.0000
mixtral-dev68,10,sim,idle,7.963556316,7.963556478,0.000000162,84.0000
mixtral-dev68,10,sim,gate,7.963556478,7.963573582,0.000017104,280.0000
mixtral-dev68,10,sim,idle,7.963573582,7.963946890,0.000373308,84.0000
mixtral-dev68,10,sim,experts,7.963946890,7.974786890,0.010840001,700.0000
mixtral-dev68,10,sim,idle,7.974786890,7.980292510,0.005505620,84.0000
mixtral-dev68,10,sim,experts,7.980292510,7.989943898,0.009651388,700.0000
mixtral-dev68,10,sim,idle,7.989943898,7.991517621,0.001573722,84.0000
mixtral-dev68,10,sim,experts,7.991517621,8.004994798,0.013477177,700.0000
mixtral-dev68,10,sim,idle,8.004994798,8.005390611,0.000395813,84.0000
mixtral-dev68,10,sim,idle,8.005390611,8.005390773,0.000000162,84.0000
mixtral-dev68,10,sim,addnorm,8.005390773,8.005534977,0.000144205,140.0000
mixtral-dev68,10,sim,idle,8.005534977,8.005535139,0.000000162,84.0000
mixtral-dev68,10,sim,addnorm,8.005535139,8.005537677,0.000002538,140.0000
mixtral-dev68,10,sim,attention,8.005537677,8.017845643,0.012307966,700.0000
mixtral-dev68,10,sim,idle,8.017845643,8.017845804,0.000000162,84.0000
mixtral-dev68,10,sim,addnorm,8.017845804,8.017990009,0.000144205,140.0000
mixtral-dev68,10,sim,idle,8.017990009,8.017990171,0.000000162,84.0000
mixtral-dev68,10,sim,addnorm,8.017990171,8.017992711,0.000002540,140.0000
mixtral-dev68,10,sim,idle,8.017992711,8.017992873,0.000000162,84.0000
mixtral-dev68,10,sim,gate,8.017992873,8.018031295,0.000038422,280.0000
mixtral-dev68,10,sim,idle,8.018031295,8.018033779,0.000002484,84.0000
mixtral-dev68,10,sim,idle,8.018033779,8.018033941,0.000000162,84.0000
mixtral-dev68,10,sim,gate,8.018033941,8.018051045,0.000017104,280.0000
mixtral-dev68,10,sim,idle,8.018051045,8.018424353,0.000373308,84.0000
mixtral-dev68,10,sim,experts,8.018424353,8.029264353,0.010840001,700.0000
mixtral-dev68,10,sim,idle,8.029264353,8.034769973,0.005505620,84.0000
mixtral-dev68,10,sim,experts,8.034769973,8.044421361,0.009651388,700.0000
mixtral-dev68,10,sim,idle,8.044421361,8.045995084,0.001573722,84.0000
mixtral-dev68,10,sim,experts,8.045995084,8.059472261,0.013477177,700.0000
mixtral-dev68,10,sim,idle,8.059472261,8.059868074,0.000395813,84.0000
mixtral-dev68,10,sim,idle,8.059868074,8.059868236,0.000000162,84.0000
mixtral-dev68,10,sim,addnorm,8.059868236,8.060012440,0.000144205,140.0000
mixtral-dev68,10,sim,idle,8.060012440,8.060012602,0.000000162,84.0000
mixtral-dev68,10,sim,addnorm,8.060012602,8.060015140,0.000002538,140.0000
mixtral-dev68,10,sim,idle,8.060015140,8.195022131,0.135006991,84.0000
mixtral-dev68,10,sim,addnorm,8.195022131,8.195024219,0.000002089,140.0000
mixtral-dev68,10,sim,idle,8.195024219,8.195024381,0.000000162,84.0000
mixtral-dev68,10,sim,addnorm,8.195024381,8.195317149,0.000292768,140.0000
mixtral-dev68,10,sim,idle,8.195317149,8.195317311,0.000000162,84.0000
mixtral-dev68,10,sim,idle,8.195317311,8.195317472,0.000000162,84.0000
mixtral-dev68,10,sim,gate,8.195317472,8.195320791,0.000003318,280.0000
mixtral-dev68,10,sim,idle,8.195320791,8.195741805,0.000421015,84.0000
mixtral-dev68,10,sim,gate,8.195741805,8.195920935,0.000179130,280.0000
mixtral-dev68,10,sim,idle,8.195920935,8.195921096,0.000000162,84.0000
mixtral-dev68,10,sim,experts,8.195921096,8.215139586,0.019218489,700.0000
mixtral-dev68,10,sim,idle,8.215139586,8.216713308,0.001573722,84.0000
mixtral-dev68,10,sim,experts,8.216713308,8.236492167,0.019778859,700.0000
mixtral-dev68,10,sim,idle,8.236492167,8.242402681,0.005910514,84.0000
mixtral-dev68,10,sim,idle,8.242402681,8.242402843,0.000000162,84.0000
mixtral-dev68,10,sim,idle,8.242402843,8.242403004,0.000000162,84.0000
mixtral-dev68,10,sim,gate,8.242403004,8.242495603,0.000092598,280.0000
mixtral-dev68,10,sim,idle,8.242495603,8.242498087,0.000002484,84.0000
mixtral-dev68,10,sim,addnorm,8.242498087,8.242500173,0.000002086,140.0000
mixtral-dev68,10,sim,idle,8.242500173,8.242500335,0.000000162,84.0000
mixtral-dev68,10,sim,addnorm,8.242500335,8.242793103,0.000292768,140.0000
mixtral-dev68,10,sim,idle,8.242793103,8.242793264,0.000000162,84.0000
mixtral-dev68,10,sim,attention,8.242793264,8.267409196,0.024615932,700.0000
mixtral-dev68,10,sim,idle,8.267409196,8.312212796,0.044803600,84.0000
mixtral-dev68,10,sim,addnorm,8.312212796,8.312214885,0.000002089,140.0000
mixtral-dev68,10,sim,idle,8.312214885,8.312215046,0.000000162,84.0000
mixtral-dev68,10,sim,addnorm,8.312215046,8.312507814,0.000292768,140.0000
mixtral-dev68,10,sim,idle,8.312507814,8.312507976,0.000000162,84.0000
mixtral-dev68,10,sim,idle,8.312507976,8.312508137,0.000000162,84.0000
mixtral-dev68,10,sim,gate,8.312508137,8.312511456,0.000003318,280.0000
mixtral-dev68,10,sim,idle,8.312511456,8.312932469,0.000421013,84.0000
mixtral-dev68,10,sim,gate,8.312932469,8.313111599,0.000179130,280.0000
mixtral-dev68,10,sim,idle,8.313111599,8.313111760,0.000000162,84.0000
mixtral-dev68,10,sim,experts,8.313111760,8.332330250,0.019218489,700.0000
mixtral-dev68,10,sim,idle,8.332330250,8.333903972,0.001573722,84.0000
mixtral-dev68,10,sim,experts,8.333903972,8.353682831,0.019778859,700.0000
mixtral-dev68,10,sim,idle,8.353682831,8.359596116,0.005913285,84.0000
mixtral-dev68,10,sim,idle,8.359596116,8.359596277,0.000000162,84.0000
mixtral-dev68,10,sim,idle,8.359596277,8.359596439,0.000000162,84.0000
mixtral-dev68,10,sim,gate,8.359596439,8.359689037,0.000092598,280.0000
mixtral-dev68,10,sim,idle,8.359689037,8.359691521,0.000002484,84.0000
mixtral-dev68,10,sim,addnorm,8.359691521,8.359693607,0.000002086,140.0000
mixtral-dev68,10,sim,idle,8.359693607,8.359693769,0.000000162,84.0000
mixtral-dev68,10,sim,addnorm,8.359693769,8.359986537,0.000292768,140.0000
mixtral-dev68,10,sim,idle,8.359986537,8.359986699,0.000000162,84.0000
mixtral-dev68,10,sim,attention,8.359986699,8.384602631,0.024615932,700.0000
mixtral-dev68,10,sim,idle,8.384602631,8.429416401,0.044813770,84.0000
mixtral-dev68,10,sim,addnorm,8.429416401,8.429418489,0.000002089,140.0000
mixtral-dev68,10,sim,idle,8.429418489,8.429418651,0.000000162,84.0000
mixtral-dev68,10,sim,addnorm,8.429418651,8.429711419,0.000292768,140.0000
mixtral-dev68,10,sim,idle,8.429711419,8.429711581,0.000000162,84.0000
mixtral-dev68,10,sim,idle,8.429711581,8.429711742,0.000000162,84.0000
mixtral-dev68,10,sim,gate,8.429711742,8.429715061,0.000003318,280.0000
mixtral-dev68,10,sim,idle,8.429715061,8.430136076,0.000421015,84.0000
mixtral-dev68,10,sim,gate,8.430136076,8.430315205,0.000179130,280.0000
mixtral-dev68,10,sim,idle,8.430315205,8.430315367,0.000000162,84.0000
mixtral-dev68,10,sim,experts,8.430315367,8.449533856,0.019218489,700.0000
mixtral-dev68,10,sim,idle,8.449533856,8.451107578,0.001573722,84.0000
mixtral-dev68,10,sim,experts,8.451107578,8.470886437,0.019778859,700.0000
mixtral-dev68,10,sim,idle,8.470886437,8.476797859,0.005911422,84.0000
mixtral-dev68,10,sim,idle,8.476797859,8.476798020,0.000000162,84.0000
mixtral-dev68,10,sim,idle,8.476798020,8.476798182,0.000000162,84.0000
mixtral-dev68,10,sim,gate,8.476798182,8.476890780,0.000092598,280.0000
mixtral-dev68,10,sim,idle,8.476890780,8.476893265,0.000002484,84.0000
mixtral-dev68,10,sim,addnorm,8.476893265,8.476895351,0.000002086,140.0000
mixtral-dev68,10,sim,idle,8.476895351,8.476895512,0.000000162,84.0000
mixtral-dev68,10,sim,addnorm,8.476895512,8.477188280,0.000292768,140.0000
mixtral-dev68,10,sim,idle,8.477188280,8.477188442,0.000000162,84.0000
mixtral-dev68,10,sim,attention,8.477188442,8.501804374,0.024615932,700.0000
mixtral-dev68,10,sim,idle,8.501804374,8.508128559,0.006324186,84.0000
mixtral-dev68,10,sim,addnorm,8.508128559,8.508130648,0.000002089,140.0000
mixtral-dev68,10,sim,idle,8.508130648,8.508130810,0.000000162,84.0000
mixtral-dev68,10,sim,addnorm,8.508130810,8.508423578,0.000292768,140.0000
mixtral-dev68,10,sim,idle,8.508423578,8.508423739,0.000000162,84.0000
mixtral-dev68,10,sim,idle,8.508423739,8.508423901,0.000000162,84.0000
mixtral-dev68,10,sim,gate,8.508423901,8.508427219,0.000003318,280.0000
mixtral-dev68,10,sim,idle,8.508427219,8.508848236,0.000421017,84.0000
mixtral-dev68,10,sim,gate,8.508848236,8.509027366,0.000179130,280.0000
mixtral-dev68,10,sim,idle,8.509027366,8.509027527,0.000000162,84.0000
mixtral-dev68,10,sim,experts,8.509027527,8.528246017,0.019218489,700.0000
mixtral-dev68,10,sim,idle,8.528246017,8.529819739,0.001573722,84.0000
mixtral-dev68,10,sim,experts,8.529819739,8.549598598,0.019778859,700.0000
mixtral-dev68,10,sim,idle,8.549598598,8.555509729,0.005911131,84.0000
mixtral-dev68,10,sim,idle,8.555509729,8.555509891,0.000000162,84.0000
mixtral-dev68,10,sim,idle,8.555509891,8.555510052,0.000000162,84.0000
mixtral-dev68,10,sim,gate,8.555510052,8.555602651,0.000092598,280.0000
mixtral-dev68,10,sim,idle,8.555602651,8.555605135,0.000002484,84.0000
mixtral-dev68,10,sim,addnorm,8.555605135,8.555607221,0.000002086,140.0000
mixtral-dev68,10,sim,idle,8.555607221,8.555607383,0.000000162,84.0000
mixtral-dev68,10,sim,addnorm,8.555607383,8.555900151,0.000292768,140.0000
mixtral-dev68,10,sim,idle,8.555900151,8.555900312,0.000000162,84.0000
mixtral-dev68,10,sim,attention,8.555900312,8.580516244,0.024615932,700.0000
mixtral-dev68,10,sim,idle,8.580516244,8.652875111,0.072358867,84.0000
