model,iteration,direction,phase,start_s,end_s,duration_s,power_w
mixtral-dev68,1,sim,idle,0.000000000,0.075919250,0.075919250,84.0000
mixtral-dev68,1,sim,attention,0.075919250,0.088227216,0.012307966,700.0000
mixtral-dev68,1,sim,idle,0.088227216,0.088227377,0.000000162,84.0000
mixtral-dev68,1,sim,addnorm,0.088227377,0.088371582,0.000144205,140.0000
mixtral-dev68,1,sim,idle,0.088371582,0.088371744,0.000000162,84.0000
mixtral-dev68,1,sim,addnorm,0.088371744,0.088374284,0.000002540,140.0000
mixtral-dev68,1,sim,idle,0.088374284,0.088374446,0.000000162,84.0000
mixtral-dev68,1,sim,gate,0.088374446,0.088412868,0.000038422,280.0000
mixtral-dev68,1,sim,idle,0.088412868,0.088415352,0.000002484,84.0000
mixtral-dev68,1,sim,idle,0.088415352,0.088415514,0.000000162,84.0000
mixtral-dev68,1,sim,gate,0.088415514,0.088432618,0.000017104,280.0000
mixtral-dev68,1,sim,idle,0.088432618,0.091580172,0.003147554,84.0000
mixtral-dev68,1,sim,experts,0.091580172,0.102420172,0.010840001,700.0000
mixtral-dev68,1,sim,idle,0.102420172,0.107925792,0.005505620,84.0000
mixtral-dev68,1,sim,experts,0.107925792,0.117577181,0.009651388,700.0000
mixtral-dev68,1,sim,idle,0.117577181,0.119150903,0.001573722,84.0000
mixtral-dev68,1,sim,experts,0.119150903,0.132628080,0.013477177,700.0000
mixtral-dev68,1,sim,idle,0.132628080,0.151704448,0.019076368,84.0000
mixtral-dev68,1,sim,idle,0.151704448,0.151704610,0.000000162,84.0000
mixtral-dev68,1,sim,addnorm,0.151704610,0.151848815,0.000144205,140.0000
mixtral-dev68,1,sim,idle,0.151848815,0.151848976,0.000000162,84.0000
mixtral-dev68,1,sim,addnorm,0.151848976,0.151851514,0.000002538,140.0000
mixtral-dev68,1,sim,idle,0.151851514,0.151853441,0.000001927,84.0000
mixtral-dev68,1,sim,attention,0.151853441,0.164161407,0.012307966,700.0000
mixtral-dev68,1,sim,idle,0.164161407,0.164161568,0.000000162,84.0000
mixtral-dev68,1,sim,addnorm,0.164161568,0.164305773,0.000144205,140.0000
mixtral-dev68,1,sim,idle,0.164305773,0.164305935,0.000000162,84.0000
mixtral-dev68,1,sim,addnorm,0.164305935,0.164308475,0.000002540,140.0000
mixtral-dev68,1,sim,idle,0.164308475,0.164308637,0.000000162,84.0000
mixtral-dev68,1,sim,gate,0.164308637,0.164347059,0.000038422,280.0000
mixtral-dev68,1,sim,idle,0.164347059,0.164349543,0.000002484,84.0000
mixtral-dev68,1,sim,idle,0.164349543,0.164349705,0.000000162,84.0000
mixtral-dev68,1,sim,gate,0.164349705,0.164366809,0.000017104,280.0000
mixtral-dev68,1,sim,idle,0.164366809,0.167514363,0.003147554,84.0000
mixtral-dev68,1,sim,experts,0.167514363,0.178354363,0.010840001,700.0000
mixtral-dev68,1,sim,idle,0.178354363,0.183859983,0.005505620,84.0000
mixtral-dev68,1,sim,experts,0.183859983,0.193511371,0.009651388,700.0000
mixtral-dev68,1,sim,idle,0.193511371,0.195085094,0.001573722,84.0000
mixtral-dev68,1,sim,experts,0.195085094,0.208562271,0.013477177,700.0000
mixtral-dev68,1,sim,idle,0.208562271,0.227638639,0.019076368,84.0000
mixtral-dev68,1,sim,idle,0.227638639,0.227638801,0.000000162,84.0000
mixtral-dev68,1,sim,addnorm,0.227638801,0.227783005,0.000144205,140.0000
mixtral-dev68,1,sim,idle,0.227783005,0.227783167,0.000000162,84.0000
mixtral-dev68,1,sim,addnorm,0.227783167,0.227785705,0.000002538,140.0000
mixtral-dev68,1,sim,attention,0.227785705,0.240093671,0.012307966,700.0000
mixtral-dev68,1,sim,idle,0.240093671,0.240093832,0.000000162,84.0000
mixtral-dev68,1,sim,addnorm,0.240093832,0.240238037,0.000144205,140.0000
mixtral-dev68,1,sim,idle,0.240238037,0.240238199,0.000000162,84.0000
mixtral-dev68,1,sim,addnorm,0.240238199,0.240240739,0.000002540,140.0000
mixtral-dev68,1,sim,idle,0.240240739,0.240240901,0.000000162,84.0000
mixtral-dev68,1,sim,gate,0.240240901,0.240279323,0.000038422,280.0000
mixtral-dev68,1,sim,idle,0.240279323,0.240281807,0.000002484,84.0000
mixtral-dev68,1,sim,idle,0.240281807,0.240281969,0.000000162,84.0000
mixtral-dev68,1,sim,gate,0.240281969,0.240299073,0.000017104,280.0000
mixtral-dev68,1,sim,idle,0.240299073,0.243429523,0.003130450,84.0000
mixtral-dev68,1,sim,experts,0.243429523,0.254269523,0.010840001,700.0000
mixtral-dev68,1,sim,idle,0.254269523,0.259775143,0.005505620,84.0000
mixtral-dev68,1,sim,experts,0.259775143,0.269426531,0.009651388,700.0000
mixtral-dev68,1,sim,idle,0.269426531,0.271000254,0.001573722,84.0000
mixtral-dev68,1,sim,experts,0.271000254,0.284477431,0.013477177,700.0000
mixtral-dev68,1,sim,idle,0.284477431,0.303553799,0.019076368,84.0000
mixtral-dev68,1,sim,idle,0.303553799,0.303553961,0.000000162,84.0000
mixtral-dev68,1,sim,addnorm,0.303553961,0.303698165,0.000144205,140.0000
mixtral-dev68,1,sim,idle,0.303698165,0.303698327,0.000000162,84.0000
mixtral-dev68,1,sim,addnorm,0.303698327,0.303700865,0.000002538,140.0000
mixtral-dev68,1,sim,attention,0.303700865,0.316008831,0.012307966,700.0000
mixtral-dev68,1,sim,idle,0.316008831,0.316008992,0.000000162,84.0000
mixtral-dev68,1,sim,addnorm,0.316008992,0.316153197,0.000144205,140.0000
mixtral-dev68,1,sim,idle,0.316153197,0.316153359,0.000000162,84.0000
mixtral-dev68,1,sim,addnorm,0.316153359,0.316155899,0.000002540,140.0000
mixtral-dev68,1,sim,idle,0.316155899,0.316156061,0.000000162,84.0000
mixtral-dev68,1,sim,gate,0.316156061,0.316194483,0.000038422,280.0000
mixtral-dev68,1,sim,idle,0.316194483,0.316196967,0.000002484,84.0000
mixtral-dev68,1,sim,idle,0.316196967,0.316197129,0.000000162,84.0000
mixtral-dev68,1,sim,gate,0.316197129,0.316214233,0.000017104,280.0000
mixtral-dev68,1,sim,idle,0.316214233,0.319344683,0.003130450,84.0000
mixtral-dev68,1,sim,experts,0.319344683,0.330184683,0.010840001,700.0000
mixtral-dev68,1,sim,idle,0.330184683,0.335690303,0.005505620,84.0000
mixtral-dev68,1,sim,experts,0.335690303,0.345341691,0.009651388,700.0000
mixtral-dev68,1,sim,idle,0.345341691,0.346915414,0.001573722,84.0000
mixtral-dev68,1,sim,experts,0.346915414,0.360392591,0.013477177,700.0000
mixtral-dev68,1,sim,idle,0.360392591,0.379468959,0.019076368,84.0000
mixtral-dev68,1,sim,idle,0.379468959,0.379469121,0.000000162,84.0000
mixtral-dev68,1,sim,addnorm,0.379469121,0.379613325,0.000144205,140.0000
mixtral-dev68,1,sim,idle,0.379613325,0.379613487,0.000000162,84.0000
mixtral-dev68,1,sim,addnorm,0.379613487,0.379616025,0.000002538,140.0000
mixtral-dev68,1,sim,idle,0.379616025,0.520511516,0.140895491,84.0000
mixtral-dev68,1,sim,addnorm,0.520511516,0.520513604,0.000002089,140.0000
mixtral-dev68,1,sim,idle,0.520513604,0.520513766,0.000000162,84.0000
mixtral-dev68,1,sim,addnorm,0.520513766,0.520806534,0.000292768,140.0000
mixtral-dev68,1,sim,idle,0.520806534,0.520806695,0.000000162,84.0000
mixtral-dev68,1,sim,idle,0.520806695,0.520806857,0.000000162,84.0000
mixtral-dev68,1,sim,gate,0.520806857,0.520810175,0.000003318,280.0000
mixtral-dev68,1,sim,idle,0.520810175,0.525141735,0.004331559,84.0000
mixtral-dev68,1,sim,gate,0.525141735,0.525320864,0.000179130,280.0000
mixtral-dev68,1,sim,idle,0.525320864,0.525321026,0.000000162,84.0000
mixtral-dev68,1,sim,experts,0.525321026,0.544539515,0.019218489,700.0000
mixtral-dev68,1,sim,idle,0.544539515,0.546113237,0.001573722,84.0000
mixtral-dev68,1,sim,experts,0.546113237,0.565892096,0.019778859,700.0000
mixtral-dev68,1,sim,idle,0.565892096,0.579691357,0.013799260,84.0000
mixtral-dev68,1,sim,idle,0.579691357,0.579691518,0.000000162,84.0000
mixtral-dev68,1,sim,idle,0.579691518,0.579691680,0.000000162,84.0000
mixtral-dev68,1,sim,gate,0.579691680,0.579784278,0.000092598,280.0000
mixtral-dev68,1,sim,idle,0.579784278,0.579786762,0.000002484,84.0000
mixtral-dev68,1,sim,addnorm,0.579786762,0.579788848,0.000002086,140.0000
mixtral-dev68,1,sim,idle,0.579788848,0.579789010,0.000000162,84.0000
mixtral-dev68,1,sim,addnorm,0.579789010,0.580081778,0.000292768,140.0000
mixtral-dev68,1,sim,idle,0.580081778,0.580081940,0.000000162,84.0000
mixtral-dev68,1,sim,attention,0.580081940,0.604697872,0.024615932,700.0000
mixtral-dev68,1,sim,idle,0.604697872,0.627685434,0.022987563,84.0000
mixtral-dev68,1,sim,addnorm,0.627685434,0.627687523,0.000002089,140.0000
mixtral-dev68,1,sim,idle,0.627687523,0.627687685,0.000000162,84.0000
mixtral-dev68,1,sim,addnorm,0.627687685,0.627980453,0.000292768,140.0000
mixtral-dev68,1,sim,idle,0.627980453,0.627980614,0.000000162,84.0000
mixtral-dev68,1,sim,idle,0.627980614,0.627980776,0.000000162,84.0000
mixtral-dev68,1,sim,gate,0.627980776,0.627984094,0.000003318,280.0000
mixtral-dev68,1,sim,idle,0.627984094,0.632315653,0.004331559,84.0000
mixtral-dev68,1,sim,gate,0.632315653,0.632494783,0.000179130,280.0000
mixtral-dev68,1,sim,idle,0.632494783,0.632494945,0.000000162,84.0000
mixtral-dev68,1,sim,experts,0.632494945,0.651713434,0.019218489,700.0000
mixtral-dev68,1,sim,idle,0.651713434,0.653287156,0.001573722,84.0000
mixtral-dev68,1,sim,experts,0.653287156,0.673066015,0.019778859,700.0000
mixtral-dev68,1,sim,idle,0.673066015,0.686865275,0.013799260,84.0000
mixtral-dev68,1,sim,idle,0.686865275,0.686865437,0.000000162,84.0000
mixtral-dev68,1,sim,idle,0.686865437,0.686865599,0.000000162,84.0000
mixtral-dev68,1,sim,gate,0.686865599,0.686958197,0.000092598,280.0000
mixtral-dev68,1,sim,idle,0.686958197,0.686960681,0.000002484,84.0000
mixtral-dev68,1,sim,addnorm,0.686960681,0.686962767,0.000002086,140.0000
mixtral-dev68,1,sim,idle,0.686962767,0.686962929,0.000000162,84.0000
mixtral-dev68,1,sim,addnorm,0.686962929,0.687255697,0.000292768,140.0000
mixtral-dev68,1,sim,idle,0.687255697,0.687255858,0.000000162,84.0000
mixtral-dev68,1,sim,attention,0.687255858,0.711871790,0.024615932,700.0000
mixtral-dev68,1,sim,idle,0.711871790,0.747656122,0.035784332,84.0000
mixtral-dev68,1,sim,addnorm,0.747656122,0.747658211,0.000002089,140.0000
mixtral-dev68,1,sim,idle,0.747658211,0.747658373,0.000000162,84.0000
mixtral-dev68,1,sim,addnorm,0.747658373,0.747951141,0.000292768,140.0000
mixtral-dev68,1,sim,idle,0.747951141,0.747951302,0.000000162,84.0000
mixtral-dev68,1,sim,idle,0.747951302,0.747951464,0.000000162,84.0000
mixtral-dev68,1,sim,gate,0.747951464,0.747954782,0.000003318,280.0000
mixtral-dev68,1,sim,idle,0.747954782,0.752286341,0.004331559,84.0000
mixtral-dev68,1,sim,gate,0.752286341,0.752465471,0.000179130,280.0000
mixtral-dev68,1,sim,idle,0.752465471,0.752465633,0.000000162,84.0000
mixtral-dev68,1,sim,experts,0.752465633,0.771684122,0.019218489,700.0000
mixtral-dev68,1,sim,idle,0.771684122,0.773257844,0.001573722,84.0000
mixtral-dev68,1,sim,experts,0.773257844,0.793036703,0.019778859,700.0000
mixtral-dev68,1,sim,idle,0.793036703,0.806835963,0.013799260,84.0000
mixtral-dev68,1,sim,idle,0.806835963,0.806836125,0.000000162,84.0000
mixtral-dev68,1,sim,idle,0.806836125,0.806836286,0.000000162,84.0000
mixtral-dev68,1,sim,gate,0.806836286,0.806928885,0.000092598,280.0000
mixtral-dev68,1,sim,idle,0.806928885,0.806931369,0.000002484,84.0000
mixtral-dev68,1,sim,addnorm,0.806931369,0.806933455,0.000002086,140.0000
mixtral-dev68,1,sim,idle,0.806933455,0.806933617,0.000000162,84.0000
mixtral-dev68,1,sim,addnorm,0.806933617,0.807226385,0.000292768,140.0000
mixtral-dev68,1,sim,idle,0.807226385,0.807226546,0.000000162,84.0000
mixtral-dev68,1,sim,attention,0.807226546,0.831842478,0.024615932,700.0000
mixtral-dev68,1,sim,idle,0.831842478,0.838168448,0.006325970,84.0000
mixtral-dev68,1,sim,addnorm,0.838168448,0.838170536,0.000002089,140.0000
mixtral-dev68,1,sim,idle,0.838170536,0.838170698,0.000000162,84.0000
mixtral-dev68,1,sim,addnorm,0.838170698,0.838463466,0.000292768,140.0000
mixtral-dev68,1,sim,idle,0.838463466,0.838463628,0.000000162,84.0000
mixtral-dev68,1,sim,idle,0.838463628,0.838463789,0.000000162,84.0000
mixtral-dev68,1,sim,gate,0.838463789,0.838467108,0.000003318,280.0000
mixtral-dev68,1,sim,idle,0.838467108,0.842798667,0.004331559,84.0000
mixtral-dev68,1,sim,gate,0.842798667,0.842977796,0.000179130,280.0000
mixtral-dev68,1,sim,idle,0.842977796,0.842977958,0.000000162,84.0000
mixtral-dev68,1,sim,experts,0.842977958,0.862196447,0.019218489,700.0000
mixtral-dev68,1,sim,idle,0.862196447,0.863770169,0.001573722,84.0000
mixtral-dev68,1,sim,experts,0.863770169,0.883549028,0.019778859,700.0000
mixtral-dev68,1,sim,idle,0.883549028,0.897348289,0.013799260,84.0000
mixtral-dev68,1,sim,idle,0.897348289,0.897348450,0.000000162,84.0000
mixtral-dev68,1,sim,idle,0.897348450,0.897348612,0.000000162,84.0000
mixtral-dev68,1,sim,gate,0.897348612,0.897441210,0.000092598,280.0000
mixtral-dev68,1,sim,idle,0.897441210,0.897443694,0.000002484,84.0000
mixtral-dev68,1,sim,addnorm,0.897443694,0.897445781,0.000002086,140.0000
mixtral-dev68,1,sim,idle,0.897445781,0.897445942,0.000000162,84.0000
mixtral-dev68,1,sim,addnorm,0.897445942,0.897738710,0.000292768,140.0000
mixtral-dev68,1,sim,idle,0.897738710,0.897738872,0.000000162,84.0000
mixtral-dev68,1,sim,attention,0.897738872,0.922354804,0.024615932,700.0000
mixtral-dev68,1,sim,idle,0.922354804,1.006541762,0.084186958,84.0000
mixtral-dev68,2,sim,idle,1.006541762,1.082461011,0.075919250,84.0000
mixtral-dev68,2,sim,attention,1.082461011,1.094768977,0.012307966,700.0000
mixtral-dev68,2,sim,idle,1.094768977,1.094769139,0.000000162,84.0000
mixtral-dev68,2,sim,addnorm,1.094769139,1.094913344,0.000144205,140.0000
mixtral-dev68,2,sim,idle,1.094913344,1.094913505,0.000000162,84.0000
mixtral-dev68,2,sim,addnorm,1.094913505,1.094916046,0.000002540,140.0000
mixtral-dev68,2,sim,idle,1.094916046,1.094916207,0.000000162,84.0000
mixtral-dev68,2,sim,gate,1.094916207,1.094954630,0.000038422,280.0000
mixtral-dev68,2,sim,idle,1.094954630,1.094957114,0.000002484,84.0000
mixtral-dev68,2,sim,idle,1.094957114,1.094957276,0.000000162,84.0000
mixtral-dev68,2,sim,gate,1.094957276,1.094974380,0.000017104,280.0000
mixtral-dev68,2,sim,idle,1.094974380,1.098121933,0.003147554,84.0000
mixtral-dev68,2,sim,experts,1.098121933,1.108961934,0.010840001,700.0000
mixtral-dev68,2,sim,idle,1.108961934,1.114467554,0.005505620,84.0000
mixtral-dev68,2,sim,experts,1.114467554,1.124118942,0.009651388,700.0000
mixtral-dev68,2,sim,idle,1.124118942,1.125692664,0.001573722,84.0000
mixtral-dev68,2,sim,experts,1.125692664,1.139169842,0.013477177,700.0000
mixtral-dev68,2,sim,idle,1.139169842,1.158246210,0.019076368,84.0000
mixtral-dev68,2,sim,idle,1.158246210,1.158246371,0.000000162,84.0000
mixtral-dev68,2,sim,addnorm,1.158246371,1.158390576,0.000144205,140.0000
mixtral-dev68,2,sim,idle,1.158390576,1.158390738,0.000000162,84.0000
mixtral-dev68,2,sim,addnorm,1.158390738,1.158393275,0.000002538,140.0000
mixtral-dev68,2,sim,idle,1.158393275,1.158395202,0.000001927,84.0000
mixtral-dev68,2,sim,attention,1.158395202,1.170703168,0.012307966,700.0000
mixtral-dev68,2,sim,idle,1.170703168,1.170703330,0.000000162,84.0000
mixtral-dev68,2,sim,addnorm,1.170703330,1.170847535,0.000144205,140.0000
mixtral-dev68,2,sim,idle,1.170847535,1.170847696,0.000000162,84.0000
mixtral-dev68,2,sim,addnorm,1.170847696,1.170850237,0.000002540,140.0000
mixtral-dev68,2,sim,idle,1.170850237,1.170850398,0.000000162,84.0000
mixtral-dev68,2,sim,gate,1.170850398,1.170888821,0.000038422,280.0000
mixtral-dev68,2,sim,idle,1.170888821,1.170891305,0.000002484,84.0000
mixtral-dev68,2,sim,idle,1.170891305,1.170891467,0.000000162,84.0000
mixtral-dev68,2,sim,gate,1.170891467,1.170908571,0.000017104,280.0000
mixtral-dev68,2,sim,idle,1.170908571,1.174056124,0.003147554,84.0000
mixtral-dev68,2,sim,experts,1.174056124,1.184896125,0.010840001,700.0000
mixtral-dev68,2,sim,idle,1.184896125,1.190401745,0.005505620,84.0000
mixtral-dev68,2,sim,experts,1.190401745,1.200053133,0.009651388,700.0000
mixtral-dev68,2,sim,idle,1.200053133,1.201626855,0.001573722,84.0000
mixtral-dev68,2,sim,experts,1.201626855,1.215104033,0.013477177,700.0000
mixtral-dev68,2,sim,idle,1.215104033,1.234180401,0.019076368,84.0000
mixtral-dev68,2,sim,idle,1.234180401,1.234180562,0.000000162,84.0000
mixtral-dev68,2,sim,addnorm,1.234180562,1.234324767,0.000144205,140.0000
mixtral-dev68,2,sim,idle,1.234324767,1.234324929,0.000000162,84.0000
mixtral-dev68,2,sim,addnorm,1.234324929,1.234327466,0.000002538,140.0000
mixtral-dev68,2,sim,attention,1.234327466,1.246635432,0.012307966,700.0000
mixtral-dev68,2,sim,idle,1.246635432,1.246635594,0.000000162,84.0000
mixtral-dev68,2,sim,addnorm,1.246635594,1.246779799,0.000144205,140.0000
mixtral-dev68,2,sim,idle,1.246779799,1.246779960,0.000000162,84.0000
mixtral-dev68,2,sim,addnorm,1.246779960,1.246782501,0.000002540,140.0000
mixtral-dev68,2,sim,idle,1.246782501,1.246782662,0.000000162,84.0000
mixtral-dev68,2,sim,gate,1.246782662,1.246821085,0.000038422,280.0000
mixtral-dev68,2,sim,idle,1.246821085,1.246823569,0.000002484,84.0000
mixtral-dev68,2,sim,idle,1.246823569,1.246823731,0.000000162,84.0000
mixtral-dev68,2,sim,gate,1.246823731,1.246840835,0.000017104,280.0000
mixtral-dev68,2,sim,idle,1.246840835,1.249971284,0.003130450,84.0000
mixtral-dev68,2,sim,experts,1.249971284,1.260811285,0.010840001,700.0000
mixtral-dev68,2,sim,idle,1.260811285,1.266316905,0.005505620,84.0000
mixtral-dev68,2,sim,experts,1.266316905,1.275968293,0.009651388,700.0000
mixtral-dev68,2,sim,idle,1.275968293,1.277542015,0.001573722,84.0000
mixtral-dev68,2,sim,experts,1.277542015,1.291019193,0.013477177,700.0000
mixtral-dev68,2,sim,idle,1.291019193,1.310095561,0.019076368,84.0000
mixtral-dev68,2,sim,idle,1.310095561,1.310095722,0.000000162,84.0000
mixtral-dev68,2,sim,addnorm,1.310095722,1.310239927,0.000144205,140.0000
mixtral-dev68,2,sim,idle,1.310239927,1.310240089,0.000000162,84.0000
mixtral-dev68,2,sim,addnorm,1.310240089,1.310242626,0.000002538,140.0000
mixtral-dev68,2,sim,attention,1.310242626,1.322550592,0.012307966,700.0000
mixtral-dev68,2,sim,idle,1.322550592,1.322550754,0.000000162,84.0000
mixtral-dev68,2,sim,addnorm,1.322550754,1.322694959,0.000144205,140.0000
mixtral-dev68,2,sim,idle,1.322694959,1.322695120,0.000000162,84.0000
mixtral-dev68,2,sim,addnorm,1.322695120,1.322697661,0.000002540,140.0000
mixtral-dev68,2,sim,idle,1.322697661,1.322697822,0.000000162,84.0000
mixtral-dev68,2,sim,gate,1.322697822,1.322736245,0.000038422,280.0000
mixtral-dev68,2,sim,idle,1.322736245,1.322738729,0.000002484,84.0000
mixtral-dev68,2,sim,idle,1.322738729,1.322738891,0.000000162,84.0000
mixtral-dev68,2,sim,gate,1.322738891,1.322755995,0.000017104,280.0000
mixtral-dev68,2,sim,idle,1.322755995,1.325886444,0.003130450,84.0000
mixtral-dev68,2,sim,experts,1.325886444,1.336726445,0.010840001,700.0000
mixtral-dev68,2,sim,idle,1.336726445,1.342232065,0.005505620,84.0000
mixtral-dev68,2,sim,experts,1.342232065,1.351883453,0.009651388,700.0000
mixtral-dev68,2,sim,idle,1.351883453,1.353457175,0.001573722,84.0000
mixtral-dev68,2,sim,experts,1.353457175,1.366934353,0.013477177,700.0000
mixtral-dev68,2,sim,idle,1.366934353,1.386010721,0.019076368,84.0000
mixtral-dev68,2,sim,idle,1.386010721,1.386010882,0.000000162,84.0000
mixtral-dev68,2,sim,addnorm,1.386010882,1.386155087,0.000144205,140.0000
mixtral-dev68,2,sim,idle,1.386155087,1.386155249,0.000000162,84.0000
mixtral-dev68,2,sim,addnorm,1.386155249,1.386157786,0.000002538,140.0000
mixtral-dev68,2,sim,idle,1.386157786,1.527053277,0.140895491,84.0000
mixtral-dev68,2,sim,addnorm,1.527053277,1.527055366,0.000002089,140.0000
mixtral-dev68,2,sim,idle,1.527055366,1.527055528,0.000000162,84.0000
mixtral-dev68,2,sim,addnorm,1.527055528,1.527348296,0.000292768,140.0000
mixtral-dev68,2,sim,idle,1.527348296,1.527348457,0.000000162,84.0000
mixtral-dev68,2,sim,idle,1.527348457,1.527348619,0.000000162,84.0000
mixtral-dev68,2,sim,gate,1.527348619,1.527351937,0.000003318,280.0000
mixtral-dev68,2,sim,idle,1.527351937,1.531683496,0.004331559,84.0000
mixtral-dev68,2,sim,gate,1.531683496,1.531862626,0.000179130,280.0000
mixtral-dev68,2,sim,idle,1.531862626,1.531862788,0.000000162,84.0000
mixtral-dev68,2,sim,experts,1.531862788,1.551081277,0.019218489,700.0000
mixtral-dev68,2,sim,idle,1.551081277,1.552654999,0.001573722,84.0000
mixtral-dev68,2,sim,experts,1.552654999,1.572433858,0.019778859,700.0000
mixtral-dev68,2,sim,idle,1.572433858,1.586233118,0.013799260,84.0000
mixtral-dev68,2,sim,idle,1.586233118,1.586233280,0.000000162,84.0000
mixtral-dev68,2,sim,idle,1.586233280,1.586233441,0.000000162,84.0000
mixtral-dev68,2,sim,gate,1.586233441,1.586326040,0.000092598,280.0000
mixtral-dev68,2,sim,idle,1.586326040,1.586328524,0.000002484,84.0000
mixtral-dev68,2,sim,addnorm,1.586328524,1.586330610,0.000002086,140.0000
mixtral-dev68,2,sim,idle,1.586330610,1.586330772,0.000000162,84.0000
mixtral-dev68,2,sim,addnorm,1.586330772,1.586623540,0.000292768,140.0000
mixtral-dev68,2,sim,idle,1.586623540,1.586623701,0.000000162,84.0000
mixtral-dev68,2,sim,attention,1.586623701,1.611239633,0.024615932,700.0000
mixtral-dev68,2,sim,idle,1.611239633,1.634227196,0.022987563,84.0000
mixtral-dev68,2,sim,addnorm,1.634227196,1.634229285,0.000002089,140.0000
mixtral-dev68,2,sim,idle,1.634229285,1.634229446,0.000000162,84.0000
mixtral-dev68,2,sim,addnorm,1.634229446,1.634522214,0.000292768,140.0000
mixtral-dev68,2,sim,idle,1.634522214,1.634522376,0.000000162,84.0000
mixtral-dev68,2,sim,idle,1.634522376,1.634522537,0.000000162,84.0000
mixtral-dev68,2,sim,gate,1.634522537,1.634525856,0.000003318,280.0000
mixtral-dev68,2,sim,idle,1.634525856,1.638857415,0.004331559,84.0000
mixtral-dev68,2,sim,gate,1.638857415,1.639036545,0.000179130,280.0000
mixtral-dev68,2,sim,idle,1.639036545,1.639036706,0.000000162,84.0000
mixtral-dev68,2,sim,experts,1.639036706,1.658255196,0.019218489,700.0000
mixtral-dev68,2,sim,idle,1.658255196,1.659828918,0.001573722,84.0000
mixtral-dev68,2,sim,experts,1.659828918,1.679607777,0.019778859,700.0000
mixtral-dev68,2,sim,idle,1.679607777,1.693407037,0.013799260,84.0000
mixtral-dev68,2,sim,idle,1.693407037,1.693407199,0.000000162,84.0000
mixtral-dev68,2,sim,idle,1.693407199,1.693407360,0.000000162,84.0000
mixtral-dev68,2,sim,gate,1.693407360,1.693499959,0.000092598,280.0000
mixtral-dev68,2,sim,idle,1.693499959,1.693502443,0.000002484,84.0000
mixtral-dev68,2,sim,addnorm,1.693502443,1.693504529,0.000002086,140.0000
mixtral-dev68,2,sim,idle,1.693504529,1.693504690,0.000000162,84.0000
mixtral-dev68,2,sim,addnorm,1.693504690,1.693797458,0.000292768,140.0000
mixtral-dev68,2,sim,idle,1.693797458,1.693797620,0.000000162,84.0000
mixtral-dev68,2,sim,attention,1.693797620,1.718413552,0.024615932,700.0000
mixtral-dev68,2,sim,idle,1.718413552,1.754197884,0.035784332,84.0000
mixtral-dev68,2,sim,addnorm,1.754197884,1.754199973,0.000002089,140.0000
mixtral-dev68,2,sim,idle,1.754199973,1.754200134,0.000000162,84.0000
mixtral-dev68,2,sim,addnorm,1.754200134,1.754492902,0.000292768,140.0000
mixtral-dev68,2,sim,idle,1.754492902,1.754493064,0.000000162,84.0000
mixtral-dev68,2,sim,idle,1.754493064,1.754493225,0.000000162,84.0000
mixtral-dev68,2,sim,gate,1.754493225,1.754496544,0.000003318,280.0000
mixtral-dev68,2,sim,idle,1.754496544,1.758828103,0.004331559,84.0000
mixtral-dev68,2,sim,gate,1.758828103,1.759007233,0.000179130,280.0000
mixtral-dev68,2,sim,idle,1.759007233,1.759007394,0.000000162,84.0000
mixtral-dev68,2,sim,experts,1.759007394,1.778225884,0.019218489,700.0000
mixtral-dev68,2,sim,idle,1.778225884,1.779799606,0.001573722,84.0000
mixtral-dev68,2,sim,experts,1.779799606,1.799578465,0.019778859,700.0000
mixtral-dev68,2,sim,idle,1.799578465,1.813377725,0.013799260,84.0000
mixtral-dev68,2,sim,idle,1.813377725,1.813377887,0.000000162,84.0000
mixtral-dev68,2,sim,idle,1.813377887,1.813378048,0.000000162,84.0000
mixtral-dev68,2,sim,gate,1.813378048,1.813470647,0.000092598,280.0000
mixtral-dev68,2,sim,idle,1.813470647,1.813473131,0.000002484,84.0000
mixtral-dev68,2,sim,addnorm,1.813473131,1.813475217,0.000002086,140.0000
mixtral-dev68,2,sim,idle,1.813475217,1.813475378,0.000000162,84.0000
mixtral-dev68,2,sim,addnorm,1.813475378,1.813768146,0.000292768,140.0000
mixtral-dev68,2,sim,idle,1.813768146,1.813768308,0.000000162,84.0000
mixtral-dev68,2,sim,attention,1.813768308,1.838384240,0.024615932,700.0000
mixtral-dev68,2,sim,idle,1.838384240,1.844710209,0.006325970,84.0000
mixtral-dev68,2,sim,addnorm,1.844710209,1.844712298,0.000002089,140.0000
mixtral-dev68,2,sim,idle,1.844712298,1.844712460,0.000000162,84.0000
mixtral-dev68,2,sim,addnorm,1.844712460,1.845005228,0.000292768,140.0000
mixtral-dev68,2,sim,idle,1.845005228,1.845005389,0.000000162,84.0000
mixtral-dev68,2,sim,idle,1.845005389,1.845005551,0.000000162,84.0000
mixtral-dev68,2,sim,gate,1.845005551,1.845008869,0.000003318,280.0000
mixtral-dev68,2,sim,idle,1.845008869,1.849340428,0.004331559,84.0000
mixtral-dev68,2,sim,gate,1.849340428,1.849519558,0.000179130,280.0000
mixtral-dev68,2,sim,idle,1.849519558,1.849519720,0.000000162,84.0000
mixtral-dev68,2,sim,experts,1.849519720,1.868738209,0.019218489,700.0000
mixtral-dev68,2,sim,idle,1.868738209,1.870311931,0.001573722,84.0000
mixtral-dev68,2,sim,experts,1.870311931,1.890090790,0.019778859,700.0000
mixtral-dev68,2,sim,idle,1.890090790,1.903890050,0.013799260,84.0000
mixtral-dev68,2,sim,idle,1.903890050,1.903890212,0.000000162,84.0000
mixtral-dev68,2,sim,idle,1.903890212,1.903890374,0.000000162,84.0000
mixtral-dev68,2,sim,gate,1.903890374,1.903982972,0.000092598,280.0000
mixtral-dev68,2,sim,idle,1.903982972,1.903985456,0.000002484,84.0000
mixtral-dev68,2,sim,addnorm,1.903985456,1.903987542,0.000002086,140.0000
mixtral-dev68,2,sim,idle,1.903987542,1.903987704,0.000000162,84.0000
mixtral-dev68,2,sim,addnorm,1.903987704,1.904280472,0.000292768,140.0000
mixtral-dev68,2,sim,idle,1.904280472,1.904280633,0.000000162,84.0000
mixtral-dev68,2,sim,attention,1.904280633,1.928896565,0.024615932,700.0000
mixtral-dev68,2,sim,idle,1.928896565,2.013083523,0.084186958,84.0000
mixtral-dev68,3,sim,idle,2.013083523,2.089002773,0.075919250,84.0000
mixtral-dev68,3,sim,attention,2.089002773,2.101310739,0.012307966,700.0000
mixtral-dev68,3,sim,idle,2.101310739,2.101310901,0.000000162,84.0000
mixtral-dev68,3,sim,addnorm,2.101310901,2.101455105,0.000144205,140.0000
mixtral-dev68,3,sim,idle,2.101455105,2.101455267,0.000000162,84.0000
mixtral-dev68,3,sim,addnorm,2.101455267,2.101457808,0.000002540,140.0000
mixtral-dev68,3,sim,idle,2.101457808,2.101457969,0.000000162,84.0000
mixtral-dev68,3,sim,gate,2.101457969,2.101496392,0.000038422,280.0000
mixtral-dev68,3,sim,idle,2.101496392,2.101498876,0.000002484,84.0000
mixtral-dev68,3,sim,idle,2.101498876,2.101499037,0.000000162,84.0000
mixtral-dev68,3,sim,gate,2.101499037,2.101516141,0.000017104,280.0000
mixtral-dev68,3,sim,idle,2.101516141,2.104663695,0.003147554,84.0000
mixtral-dev68,3,sim,experts,2.104663695,2.115503696,0.010840001,700.0000
mixtral-dev68,3,sim,idle,2.115503696,2.121009316,0.005505620,84.0000
mixtral-dev68,3,sim,experts,2.121009316,2.130660704,0.009651388,700.0000
mixtral-dev68,3,sim,idle,2.130660704,2.132234426,0.001573722,84.0000
mixtral-dev68,3,sim,experts,2.132234426,2.145711603,0.013477177,700.0000
mixtral-dev68,3,sim,idle,2.145711603,2.164787971,0.019076368,84.0000
mixtral-dev68,3,sim,idle,2.164787971,2.164788133,0.000000162,84.0000
mixtral-dev68,3,sim,addnorm,2.164788133,2.164932338,0.000144205,140.0000
mixtral-dev68,3,sim,idle,2.164932338,2.164932499,0.000000162,84.0000
mixtral-dev68,3,sim,addnorm,2.164932499,2.164935037,0.000002538,140.0000
mixtral-dev68,3,sim,idle,2.164935037,2.164936964,0.000001927,84.0000
mixtral-dev68,3,sim,attention,2.164936964,2.177244930,0.012307966,700.0000
mixtral-dev68,3,sim,idle,2.177244930,2.177245092,0.000000162,84.0000
mixtral-dev68,3,sim,addnorm,2.177245092,2.177389296,0.000144205,140.0000
mixtral-dev68,3,sim,idle,2.177389296,2.177389458,0.000000162,84.0000
mixtral-dev68,3,sim,addnorm,2.177389458,2.177391998,0.000002540,140.0000
mixtral-dev68,3,sim,idle,2.177391998,2.177392160,0.000000162,84.0000
mixtral-dev68,3,sim,gate,2.177392160,2.177430582,0.000038422,280.0000
mixtral-dev68,3,sim,idle,2.177430582,2.177433067,0.000002484,84.0000
mixtral-dev68,3,sim,idle,2.177433067,2.177433228,0.000000162,84.0000
mixtral-dev68,3,sim,gate,2.177433228,2.177450332,0.000017104,280.0000
mixtral-dev68,3,sim,idle,2.177450332,2.180597886,0.003147554,84.0000
mixtral-dev68,3,sim,experts,2.180597886,2.191437887,0.010840001,700.0000
mixtral-dev68,3,sim,idle,2.191437887,2.196943506,0.005505620,84.0000
mixtral-dev68,3,sim,experts,2.196943506,2.206594895,0.009651388,700.0000
mixtral-dev68,3,sim,idle,2.206594895,2.208168617,0.001573722,84.0000
mixtral-dev68,3,sim,experts,2.208168617,2.221645794,0.013477177,700.0000
mixtral-dev68,3,sim,idle,2.221645794,2.240722162,0.019076368,84.0000
mixtral-dev68,3,sim,idle,2.240722162,2.240722324,0.000000162,84.0000
mixtral-dev68,3,sim,addnorm,2.240722324,2.240866529,0.000144205,140.0000
mixtral-dev68,3,sim,idle,2.240866529,2.240866690,0.000000162,84.0000
mixtral-dev68,3,sim,addnorm,2.240866690,2.240869228,0.000002538,140.0000
mixtral-dev68,3,sim,attention,2.240869228,2.253177194,0.012307966,700.0000
mixtral-dev68,3,sim,idle,2.253177194,2.253177356,0.000000162,84.0000
mixtral-dev68,3,sim,addnorm,2.253177356,2.253321560,0.000144205,140.0000
mixtral-dev68,3,sim,idle,2.253321560,2.253321722,0.000000162,84.0000
mixtral-dev68,3,sim,addnorm,2.253321722,2.253324262,0.000002540,140.0000
mixtral-dev68,3,sim,idle,2.253324262,2.253324424,0.000000162,84.0000
mixtral-dev68,3,sim,gate,2.253324424,2.253362847,0.000038422,280.0000
mixtral-dev68,3,sim,idle,2.253362847,2.253365331,0.000002484,84.0000
mixtral-dev68,3,sim,idle,2.253365331,2.253365492,0.000000162,84.0000
mixtral-dev68,3,sim,gate,2.253365492,2.253382596,0.000017104,280.0000
mixtral-dev68,3,sim,idle,2.253382596,2.256513046,0.003130450,84.0000
mixtral-dev68,3,sim,experts,2.256513046,2.267353047,0.010840001,700.0000
mixtral-dev68,3,sim,idle,2.267353047,2.272858666,0.005505620,84.0000
mixtral-dev68,3,sim,experts,2.272858666,2.282510055,0.009651388,700.0000
mixtral-dev68,3,sim,idle,2.282510055,2.284083777,0.001573722,84.0000
mixtral-dev68,3,sim,experts,2.284083777,2.297560954,0.013477177,700.0000
mixtral-dev68,3,sim,idle,2.297560954,2.316637322,0.019076368,84.0000
mixtral-dev68,3,sim,idle,2.316637322,2.316637484,0.000000162,84.0000
mixtral-dev68,3,sim,addnorm,2.316637484,2.316781689,0.000144205,140.0000
mixtral-dev68,3,sim,idle,2.316781689,2.316781850,0.000000162,84.0000
mixtral-dev68,3,sim,addnorm,2.316781850,2.316784388,0.000002538,140.0000
mixtral-dev68,3,sim,attention,2.316784388,2.329092354,0.012307966,700.0000
mixtral-dev68,3,sim,idle,2.329092354,2.329092516,0.000000162,84.0000
mixtral-dev68,3,sim,addnorm,2.329092516,2.329236720,0.000144205,140.0000
mixtral-dev68,3,sim,idle,2.329236720,2.329236882,0.000000162,84.0000
mixtral-dev68,3,sim,addnorm,2.329236882,2.329239422,0.000002540,140.0000
mixtral-dev68,3,sim,idle,2.329239422,2.329239584,0.000000162,84.0000
mixtral-dev68,3,sim,gate,2.329239584,2.329278006,0.000038422,280.0000
mixtral-dev68,3,sim,idle,2.329278006,2.329280491,0.000002484,84.0000
mixtral-dev68,3,sim,idle,2.329280491,2.329280652,0.000000162,84.0000
mixtral-dev68,3,sim,gate,2.329280652,2.329297756,0.000017104,280.0000
mixtral-dev68,3,sim,idle,2.329297756,2.332428206,0.003130450,84.0000
mixtral-dev68,3,sim,experts,2.332428206,2.343268207,0.010840001,700.0000
mixtral-dev68,3,sim,idle,2.343268207,2.348773826,0.005505620,84.0000
mixtral-dev68,3,sim,experts,2.348773826,2.358425215,0.009651388,700.0000
mixtral-dev68,3,sim,idle,2.358425215,2.359998937,0.001573722,84.0000
mixtral-dev68,3,sim,experts,2.359998937,2.373476114,0.013477177,700.0000
mixtral-dev68,3,sim,idle,2.373476114,2.392552482,0.019076368,84.0000
mixtral-dev68,3,sim,idle,2.392552482,2.392552644,0.000000162,84.0000
mixtral-dev68,3,sim,addnorm,2.392552644,2.392696849,0.000144205,140.0000
mixtral-dev68,3,sim,idle,2.392696849,2.392697010,0.000000162,84.0000
mixtral-dev68,3,sim,addnorm,2.392697010,2.392699548,0.000002538,140.0000
mixtral-dev68,3,sim,idle,2.392699548,2.533595039,0.140895491,84.0000
mixtral-dev68,3,sim,addnorm,2.533595039,2.533597128,0.000002089,140.0000
mixtral-dev68,3,sim,idle,2.533597128,2.533597289,0.000000162,84.0000
mixtral-dev68,3,sim,addnorm,2.533597289,2.533890057,0.000292768,140.0000
mixtral-dev68,3,sim,idle,2.533890057,2.533890219,0.000000162,84.0000
mixtral-dev68,3,sim,idle,2.533890219,2.533890380,0.000000162,84.0000
mixtral-dev68,3,sim,gate,2.533890380,2.533893699,0.000003318,280.0000
mixtral-dev68,3,sim,idle,2.533893699,2.538225258,0.004331559,84.0000
mixtral-dev68,3,sim,gate,2.538225258,2.538404388,0.000179130,280.0000
mixtral-dev68,3,sim,idle,2.538404388,2.538404549,0.000000162,84.0000
mixtral-dev68,3,sim,experts,2.538404549,2.557623039,0.019218489,700.0000
mixtral-dev68,3,sim,idle,2.557623039,2.559196761,0.001573722,84.0000
mixtral-dev68,3,sim,experts,2.559196761,2.578975620,0.019778859,700.0000
mixtral-dev68,3,sim,idle,2.578975620,2.592774880,0.013799260,84.0000
mixtral-dev68,3,sim,idle,2.592774880,2.592775042,0.000000162,84.0000
mixtral-dev68,3,sim,idle,2.592775042,2.592775203,0.000000162,84.0000
mixtral-dev68,3,sim,gate,2.592775203,2.592867802,0.000092598,280.0000
mixtral-dev68,3,sim,idle,2.592867802,2.592870286,0.000002484,84.0000
mixtral-dev68,3,sim,addnorm,2.592870286,2.592872372,0.000002086,140.0000
mixtral-dev68,3,sim,idle,2.592872372,2.592872533,0.000000162,84.0000
mixtral-dev68,3,sim,addnorm,2.592872533,2.593165301,0.000292768,140.0000
mixtral-dev68,3,sim,idle,2.593165301,2.593165463,0.000000162,84.0000
mixtral-dev68,3,sim,attention,2.593165463,2.617781395,0.024615932,700.0000
mixtral-dev68,3,sim,idle,2.617781395,2.640768958,0.022987563,84.0000
mixtral-dev68,3,sim,addnorm,2.640768958,2.640771046,0.000002089,140.0000
mixtral-dev68,3,sim,idle,2.640771046,2.640771208,0.000000162,84.0000
mixtral-dev68,3,sim,addnorm,2.640771208,2.641063976,0.000292768,140.0000
mixtral-dev68,3,sim,idle,2.641063976,2.641064138,0.000000162,84.0000
mixtral-dev68,3,sim,idle,2.641064138,2.641064299,0.000000162,84.0000
mixtral-dev68,3,sim,gate,2.641064299,2.641067618,0.000003318,280.0000
mixtral-dev68,3,sim,idle,2.641067618,2.645399177,0.004331559,84.0000
mixtral-dev68,3,sim,gate,2.645399177,2.645578306,0.000179130,280.0000
mixtral-dev68,3,sim,idle,2.645578306,2.645578468,0.000000162,84.0000
mixtral-dev68,3,sim,experts,2.645578468,2.664796957,0.019218489,700.0000
mixtral-dev68,3,sim,idle,2.664796957,2.666370679,0.001573722,84.0000
mixtral-dev68,3,sim,experts,2.666370679,2.686149538,0.019778859,700.0000
mixtral-dev68,3,sim,idle,2.686149538,2.699948799,0.013799260,84.0000
mixtral-dev68,3,sim,idle,2.699948799,2.699948960,0.000000162,84.0000
mixtral-dev68,3,sim,idle,2.699948960,2.699949122,0.000000162,84.0000
mixtral-dev68,3,sim,gate,2.699949122,2.700041720,0.000092598,280.0000
mixtral-dev68,3,sim,idle,2.700041720,2.700044204,0.000002484,84.0000
mixtral-dev68,3,sim,addnorm,2.700044204,2.700046290,0.000002086,140.0000
mixtral-dev68,3,sim,idle,2.700046290,2.700046452,0.000000162,84.0000
mixtral-dev68,3,sim,addnorm,2.700046452,2.700339220,0.000292768,140.0000
mixtral-dev68,3,sim,idle,2.700339220,2.700339382,0.000000162,84.0000
mixtral-dev68,3,sim,attention,2.700339382,2.724955314,0.024615932,700.0000
mixtral-dev68,3,sim,idle,2.724955314,2.760739646,0.035784332,84.0000
mixtral-dev68,3,sim,addnorm,2.760739646,2.760741734,0.000002089,140.0000
mixtral-dev68,3,sim,idle,2.760741734,2.760741896,0.000000162,84.0000
mixtral-dev68,3,sim,addnorm,2.760741896,2.761034664,0.000292768,140.0000
mixtral-dev68,3,sim,idle,2.761034664,2.761034826,0.000000162,84.0000
mixtral-dev68,3,sim,idle,2.761034826,2.761034987,0.000000162,84.0000
mixtral-dev68,3,sim,gate,2.761034987,2.761038306,0.000003318,280.0000
mixtral-dev68,3,sim,idle,2.761038306,2.765369865,0.004331559,84.0000
mixtral-dev68,3,sim,gate,2.765369865,2.765548994,0.000179130,280.0000
mixtral-dev68,3,sim,idle,2.765548994,2.765549156,0.000000162,84.0000
mixtral-dev68,3,sim,experts,2.765549156,2.784767645,0.019218489,700.0000
mixtral-dev68,3,sim,idle,2.784767645,2.786341367,0.001573722,84.0000
mixtral-dev68,3,sim,experts,2.786341367,2.806120226,0.019778859,700.0000
mixtral-dev68,3,sim,idle,2.806120226,2.819919487,0.013799260,84.0000
mixtral-dev68,3,sim,idle,2.819919487,2.819919648,0.000000162,84.0000
mixtral-dev68,3,sim,idle,2.819919648,2.819919810,0.000000162,84.0000
mixtral-dev68,3,sim,gate,2.819919810,2.820012408,0.000092598,280.0000
mixtral-dev68,3,sim,idle,2.820012408,2.820014892,0.000002484,84.0000
mixtral-dev68,3,sim,addnorm,2.820014892,2.820016978,0.000002086,140.0000
mixtral-dev68,3,sim,idle,2.820016978,2.820017140,0.000000162,84.0000
mixtral-dev68,3,sim,addnorm,2.820017140,2.820309908,0.000292768,140.0000
mixtral-dev68,3,sim,idle,2.820309908,2.820310070,0.000000162,84.0000
mixtral-dev68,3,sim,attention,2.820310070,2.844926002,0.024615932,700.0000
mixtral-dev68,3,sim,idle,2.844926002,2.851251971,0.006325970,84.0000
mixtral-dev68,3,sim,addnorm,2.851251971,2.851254060,0.000002089,140.0000
mixtral-dev68,3,sim,idle,2.851254060,2.851254221,0.000000162,84.0000
mixtral-dev68,3,sim,addnorm,2.851254221,2.851546989,0.000292768,140.0000
mixtral-dev68,3,sim,idle,2.851546989,2.851547151,0.000000162,84.0000
mixtral-dev68,3,sim,idle,2.851547151,2.851547313,0.000000162,84.0000
mixtral-dev68,3,sim,gate,2.851547313,2.851550631,0.000003318,280.0000
mixtral-dev68,3,sim,idle,2.851550631,2.855882190,0.004331559,84.0000
mixtral-dev68,3,sim,gate,2.855882190,2.856061320,0.000179130,280.0000
mixtral-dev68,3,sim,idle,2.856061320,2.856061481,0.000000162,84.0000
mixtral-dev68,3,sim,experts,2.856061481,2.875279971,0.019218489,700.0000
mixtral-dev68,3,sim,idle,2.875279971,2.876853693,0.001573722,84.0000
mixtral-dev68,3,sim,experts,2.876853693,2.896632552,0.019778859,700.0000
mixtral-dev68,3,sim,idle,2.896632552,2.910431812,0.013799260,84.0000
mixtral-dev68,3,sim,idle,2.910431812,2.910431974,0.000000162,84.0000
mixtral-dev68,3,sim,idle,2.910431974,2.910432135,0.000000162,84.0000
mixtral-dev68,3,sim,gate,2.910432135,2.910524734,0.000092598,280.0000
mixtral-dev68,3,sim,idle,2.910524734,2.910527218,0.000002484,84.0000
mixtral-dev68,3,sim,addnorm,2.910527218,2.910529304,0.000002086,140.0000
mixtral-dev68,3,sim,idle,2.910529304,2.910529466,0.000000162,84.0000
mixtral-dev68,3,sim,addnorm,2.910529466,2.910822234,0.000292768,140.0000
mixtral-dev68,3,sim,idle,2.910822234,2.910822395,0.000000162,84.0000
mixtral-dev68,3,sim,attention,2.910822395,2.935438327,0.024615932,700.0000
mixtral-dev68,3,sim,idle,2.935438327,3.019625285,0.084186958,84.0000
mixtral-dev68,4,sim,idle,3.019625285,3.095544535,0.075919250,84.0000
mixtral-dev68,4,sim,attention,3.095544535,3.107852501,0.012307966,700.0000
mixtral-dev68,4,sim,idle,3.107852501,3.107852662,0.000000162,84.0000
mixtral-dev68,4,sim,addnorm,3.107852662,3.107996867,0.000144205,140.0000
mixtral-dev68,4,sim,idle,3.107996867,3.107997029,0.000000162,84.0000
mixtral-dev68,4,sim,addnorm,3.107997029,3.107999569,0.000002540,140.0000
mixtral-dev68,4,sim,idle,3.107999569,3.107999731,0.000000162,84.0000
mixtral-dev68,4,sim,gate,3.107999731,3.108038153,0.000038422,280.0000
mixtral-dev68,4,sim,idle,3.108038153,3.108040637,0.000002484,84.0000
mixtral-dev68,4,sim,idle,3.108040637,3.108040799,0.000000162,84.0000
mixtral-dev68,4,sim,gate,3.108040799,3.108057903,0.000017104,280.0000
mixtral-dev68,4,sim,idle,3.108057903,3.111205457,0.003147554,84.0000
mixtral-dev68,4,sim,experts,3.111205457,3.122045457,0.010840001,700.0000
mixtral-dev68,4,sim,idle,3.122045457,3.127551077,0.005505620,84.0000
mixtral-dev68,4,sim,experts,3.127551077,3.137202466,0.009651388,700.0000
mixtral-dev68,4,sim,idle,3.137202466,3.138776188,0.001573722,84.0000
mixtral-dev68,4,sim,experts,3.138776188,3.152253365,0.013477177,700.0000
mixtral-dev68,4,sim,idle,3.152253365,3.171329733,0.019076368,84.0000
mixtral-dev68,4,sim,idle,3.171329733,3.171329895,0.000000162,84.0000
mixtral-dev68,4,sim,addnorm,3.171329895,3.171474100,0.000144205,140.0000
mixtral-dev68,4,sim,idle,3.171474100,3.171474261,0.000000162,84.0000
mixtral-dev68,4,sim,addnorm,3.171474261,3.171476799,0.000002538,140.0000
mixtral-dev68,4,sim,idle,3.171476799,3.171478726,0.000001927,84.0000
mixtral-dev68,4,sim,attention,3.171478726,3.183786692,0.012307966,700.0000
mixtral-dev68,4,sim,idle,3.183786692,3.183786853,0.000000162,84.0000
mixtral-dev68,4,sim,addnorm,3.183786853,3.183931058,0.000144205,140.0000
mixtral-dev68,4,sim,idle,3.183931058,3.183931220,0.000000162,84.0000
mixtral-dev68,4,sim,addnorm,3.183931220,3.183933760,0.000002540,140.0000
mixtral-dev68,4,sim,idle,3.183933760,3.183933922,0.000000162,84.0000
mixtral-dev68,4,sim,gate,3.183933922,3.183972344,0.000038422,280.0000
mixtral-dev68,4,sim,idle,3.183972344,3.183974828,0.000002484,84.0000
mixtral-dev68,4,sim,idle,3.183974828,3.183974990,0.000000162,84.0000
mixtral-dev68,4,sim,gate,3.183974990,3.183992094,0.000017104,280.0000
mixtral-dev68,4,sim,idle,3.183992094,3.187139648,0.003147554,84.0000
mixtral-dev68,4,sim,experts,3.187139648,3.197979648,0.010840001,700.0000
mixtral-dev68,4,sim,idle,3.197979648,3.203485268,0.005505620,84.0000
mixtral-dev68,4,sim,experts,3.203485268,3.213136657,0.009651388,700.0000
mixtral-dev68,4,sim,idle,3.213136657,3.214710379,0.001573722,84.0000
mixtral-dev68,4,sim,experts,3.214710379,3.228187556,0.013477177,700.0000
mixtral-dev68,4,sim,idle,3.228187556,3.247263924,0.019076368,84.0000
mixtral-dev68,4,sim,idle,3.247263924,3.247264086,0.000000162,84.0000
mixtral-dev68,4,sim,addnorm,3.247264086,3.247408290,0.000144205,140.0000
mixtral-dev68,4,sim,idle,3.247408290,3.247408452,0.000000162,84.0000
mixtral-dev68,4,sim,addnorm,3.247408452,3.247410990,0.000002538,140.0000
mixtral-dev68,4,sim,attention,3.247410990,3.259718956,0.012307966,700.0000
mixtral-dev68,4,sim,idle,3.259718956,3.259719117,0.000000162,84.0000
mixtral-dev68,4,sim,addnorm,3.259719117,3.259863322,0.000144205,140.0000
mixtral-dev68,4,sim,idle,3.259863322,3.259863484,0.000000162,84.0000
mixtral-dev68,4,sim,addnorm,3.259863484,3.259866024,0.000002540,140.0000
mixtral-dev68,4,sim,idle,3.259866024,3.259866186,0.000000162,84.0000
mixtral-dev68,4,sim,gate,3.259866186,3.259904608,0.000038422,280.0000
mixtral-dev68,4,sim,idle,3.259904608,3.259907092,0.000002484,84.0000
mixtral-dev68,4,sim,idle,3.259907092,3.259907254,0.000000162,84.0000
mixtral-dev68,4,sim,gate,3.259907254,3.259924358,0.000017104,280.0000
mixtral-dev68,4,sim,idle,3.259924358,3.263054808,0.003130450,84.0000
mixtral-dev68,4,sim,experts,3.263054808,3.273894808,0.010840001,700.0000
mixtral-dev68,4,sim,idle,3.273894808,3.279400428,0.005505620,84.0000
mixtral-dev68,4,sim,experts,3.279400428,3.289051817,0.009651388,700.0000
mixtral-dev68,4,sim,idle,3.289051817,3.290625539,0.001573722,84.0000
mixtral-dev68,4,sim,experts,3.290625539,3.304102716,0.013477177,700.0000
mixtral-dev68,4,sim,idle,3.304102716,3.323179084,0.019076368,84.0000
mixtral-dev68,4,sim,idle,3.323179084,3.323179246,0.000000162,84.0000
mixtral-dev68,4,sim,addnorm,3.323179246,3.323323450,0.000144205,140.0000
mixtral-dev68,4,sim,idle,3.323323450,3.323323612,0.000000162,84.0000
mixtral-dev68,4,sim,addnorm,3.323323612,3.323326150,0.000002538,140.0000
mixtral-dev68,4,sim,attention,3.323326150,3.335634116,0.012307966,700.0000
mixtral-dev68,4,sim,idle,3.335634116,3.335634277,0.000000162,84.0000
mixtral-dev68,4,sim,addnorm,3.335634277,3.335778482,0.000144205,140.0000
mixtral-dev68,4,sim,idle,3.335778482,3.335778644,0.000000162,84.0000
mixtral-dev68,4,sim,addnorm,3.335778644,3.335781184,0.000002540,140.0000
mixtral-dev68,4,sim,idle,3.335781184,3.335781346,0.000000162,84.0000
mixtral-dev68,4,sim,gate,3.335781346,3.335819768,0.000038422,280.0000
mixtral-dev68,4,sim,idle,3.335819768,3.335822252,0.000002484,84.0000
mixtral-dev68,4,sim,idle,3.335822252,3.335822414,0.000000162,84.0000
mixtral-dev68,4,sim,gate,3.335822414,3.335839518,0.000017104,280.0000
mixtral-dev68,4,sim,idle,3.335839518,3.338969968,0.003130450,84.0000
mixtral-dev68,4,sim,experts,3.338969968,3.349809968,0.010840001,700.0000
mixtral-dev68,4,sim,idle,3.349809968,3.355315588,0.005505620,84.0000
mixtral-dev68,4,sim,experts,3.355315588,3.364966977,0.009651388,700.0000
mixtral-dev68,4,sim,idle,3.364966977,3.366540699,0.001573722,84.0000
mixtral-dev68,4,sim,experts,3.366540699,3.380017876,0.013477177,700.0000
mixtral-dev68,4,sim,idle,3.380017876,3.399094244,0.019076368,84.0000
mixtral-dev68,4,sim,idle,3.399094244,3.399094406,0.000000162,84.0000
mixtral-dev68,4,sim,addnorm,3.399094406,3.399238610,0.000144205,140.0000
mixtral-dev68,4,sim,idle,3.399238610,3.399238772,0.000000162,84.0000
mixtral-dev68,4,sim,addnorm,3.399238772,3.399241310,0.000002538,140.0000
mixtral-dev68,4,sim,idle,3.399241310,3.540136801,0.140895491,84.0000
mixtral-dev68,4,sim,addnorm,3.540136801,3.540138889,0.000002089,140.0000
mixtral-dev68,4,sim,idle,3.540138889,3.540139051,0.000000162,84.0000
mixtral-dev68,4,sim,addnorm,3.540139051,3.540431819,0.000292768,140.0000
mixtral-dev68,4,sim,idle,3.540431819,3.540431981,0.000000162,84.0000
mixtral-dev68,4,sim,idle,3.540431981,3.540432142,0.000000162,84.0000
mixtral-dev68,4,sim,gate,3.540432142,3.540435461,0.000003318,280.0000
mixtral-dev68,4,sim,idle,3.540435461,3.544767020,0.004331559,84.0000
mixtral-dev68,4,sim,gate,3.544767020,3.544946149,0.000179130,280.0000
mixtral-dev68,4,sim,idle,3.544946149,3.544946311,0.000000162,84.0000
mixtral-dev68,4,sim,experts,3.544946311,3.564164800,0.019218489,700.0000
mixtral-dev68,4,sim,idle,3.564164800,3.565738522,0.001573722,84.0000
mixtral-dev68,4,sim,experts,3.565738522,3.585517381,0.019778859,700.0000
mixtral-dev68,4,sim,idle,3.585517381,3.599316642,0.013799260,84.0000
mixtral-dev68,4,sim,idle,3.599316642,3.599316803,0.000000162,84.0000
mixtral-dev68,4,sim,idle,3.599316803,3.599316965,0.000000162,84.0000
mixtral-dev68,4,sim,gate,3.599316965,3.599409563,0.000092598,280.0000
mixtral-dev68,4,sim,idle,3.599409563,3.599412047,0.000002484,84.0000
mixtral-dev68,4,sim,addnorm,3.599412047,3.599414133,0.000002086,140.0000
mixtral-dev68,4,sim,idle,3.599414133,3.599414295,0.000000162,84.0000
mixtral-dev68,4,sim,addnorm,3.599414295,3.599707063,0.000292768,140.0000
mixtral-dev68,4,sim,idle,3.599707063,3.599707225,0.000000162,84.0000
mixtral-dev68,4,sim,attention,3.599707225,3.624323157,0.024615932,700.0000
mixtral-dev68,4,sim,idle,3.624323157,3.647310719,0.022987563,84.0000
mixtral-dev68,4,sim,addnorm,3.647310719,3.647312808,0.000002089,140.0000
mixtral-dev68,4,sim,idle,3.647312808,3.647312970,0.000000162,84.0000
mixtral-dev68,4,sim,addnorm,3.647312970,3.647605738,0.000292768,140.0000
mixtral-dev68,4,sim,idle,3.647605738,3.647605899,0.000000162,84.0000
mixtral-dev68,4,sim,idle,3.647605899,3.647606061,0.000000162,84.0000
mixtral-dev68,4,sim,gate,3.647606061,3.647609379,0.000003318,280.0000
mixtral-dev68,4,sim,idle,3.647609379,3.651940938,0.004331559,84.0000
mixtral-dev68,4,sim,gate,3.651940938,3.652120068,0.000179130,280.0000
mixtral-dev68,4,sim,idle,3.652120068,3.652120230,0.000000162,84.0000
mixtral-dev68,4,sim,experts,3.652120230,3.671338719,0.019218489,700.0000
mixtral-dev68,4,sim,idle,3.671338719,3.672912441,0.001573722,84.0000
mixtral-dev68,4,sim,experts,3.672912441,3.692691300,0.019778859,700.0000
mixtral-dev68,4,sim,idle,3.692691300,3.706490560,0.013799260,84.0000
mixtral-dev68,4,sim,idle,3.706490560,3.706490722,0.000000162,84.0000
mixtral-dev68,4,sim,idle,3.706490722,3.706490884,0.000000162,84.0000
mixtral-dev68,4,sim,gate,3.706490884,3.706583482,0.000092598,280.0000
mixtral-dev68,4,sim,idle,3.706583482,3.706585966,0.000002484,84.0000
mixtral-dev68,4,sim,addnorm,3.706585966,3.706588052,0.000002086,140.0000
mixtral-dev68,4,sim,idle,3.706588052,3.706588214,0.000000162,84.0000
mixtral-dev68,4,sim,addnorm,3.706588214,3.706880982,0.000292768,140.0000
mixtral-dev68,4,sim,idle,3.706880982,3.706881143,0.000000162,84.0000
mixtral-dev68,4,sim,attention,3.706881143,3.731497075,0.024615932,700.0000
mixtral-dev68,4,sim,idle,3.731497075,3.767281407,0.035784332,84.0000
mixtral-dev68,4,sim,addnorm,3.767281407,3.767283496,0.000002089,140.0000
mixtral-dev68,4,sim,idle,3.767283496,3.767283658,0.000000162,84.0000
mixtral-dev68,4,sim,addnorm,3.767283658,3.767576426,0.000292768,140.0000
mixtral-dev68,4,sim,idle,3.767576426,3.767576587,0.000000162,84.0000
mixtral-dev68,4,sim,idle,3.767576587,3.767576749,0.000000162,84.0000
mixtral-dev68,4,sim,gate,3.767576749,3.767580067,0.000003318,280.0000
mixtral-dev68,4,sim,idle,3.767580067,3.771911626,0.004331559,84.0000
mixtral-dev68,4,sim,gate,3.771911626,3.772090756,0.000179130,280.0000
mixtral-dev68,4,sim,idle,3.772090756,3.772090918,0.000000162,84.0000
mixtral-dev68,4,sim,experts,3.772090918,3.791309407,0.019218489,700.0000
mixtral-dev68,4,sim,idle,3.791309407,3.792883129,0.001573722,84.0000
mixtral-dev68,4,sim,experts,3.792883129,3.812661988,0.019778859,700.0000
mixtral-dev68,4,sim,idle,3.812661988,3.826461248,0.013799260,84.0000
mixtral-dev68,4,sim,idle,3.826461248,3.826461410,0.000000162,84.0000
mixtral-dev68,4,sim,idle,3.826461410,3.826461572,0.000000162,84.0000
mixtral-dev68,4,sim,gate,3.826461572,3.826554170,0.000092598,280.0000
mixtral-dev68,4,sim,idle,3.826554170,3.826556654,0.000002484,84.0000
mixtral-dev68,4,sim,addnorm,3.826556654,3.826558740,0.000002086,140.0000
mixtral-dev68,4,sim,idle,3.826558740,3.826558902,0.000000162,84.0000
mixtral-dev68,4,sim,addnorm,3.826558902,3.826851670,0.000292768,140.0000
mixtral-dev68,4,sim,idle,3.826851670,3.826851831,0.000000162,84.0000
mixtral-dev68,4,sim,attention,3.826851831,3.851467763,0.024615932,700.0000
mixtral-dev68,4,sim,idle,3.851467763,3.857793733,0.006325970,84.0000
mixtral-dev68,4,sim,addnorm,3.857793733,3.857795822,0.000002089,140.0000
mixtral-dev68,4,sim,idle,3.857795822,3.857795983,0.000000162,84.0000
mixtral-dev68,4,sim,addnorm,3.857795983,3.858088751,0.000292768,140.0000
mixtral-dev68,4,sim,idle,3.858088751,3.858088913,0.000000162,84.0000
mixtral-dev68,4,sim,idle,3.858088913,3.858089074,0.000000162,84.0000
mixtral-dev68,4,sim,gate,3.858089074,3.858092393,0.000003318,280.0000
mixtral-dev68,4,sim,idle,3.858092393,3.862423952,0.004331559,84.0000
mixtral-dev68,4,sim,gate,3.862423952,3.862603081,0.000179130,280.0000
mixtral-dev68,4,sim,idle,3.862603081,3.862603243,0.000000162,84.0000
mixtral-dev68,4,sim,experts,3.862603243,3.881821732,0.019218489,700.0000
mixtral-dev68,4,sim,idle,3.881821732,3.883395454,0.001573722,84.0000
mixtral-dev68,4,sim,experts,3.883395454,3.903174313,0.019778859,700.0000
mixtral-dev68,4,sim,idle,3.903174313,3.916973574,0.013799260,84.0000
mixtral-dev68,4,sim,idle,3.916973574,3.916973735,0.000000162,84.0000
mixtral-dev68,4,sim,idle,3.916973735,3.916973897,0.000000162,84.0000
mixtral-dev68,4,sim,gate,3.916973897,3.917066495,0.000092598,280.0000
mixtral-dev68,4,sim,idle,3.917066495,3.917068980,0.000002484,84.0000
mixtral-dev68,4,sim,addnorm,3.917068980,3.917071066,0.000002086,140.0000
mixtral-dev68,4,sim,idle,3.917071066,3.917071227,0.000000162,84.0000
mixtral-dev68,4,sim,addnorm,3.917071227,3.917363995,0.000292768,140.0000
mixtral-dev68,4,sim,idle,3.917363995,3.917364157,0.000000162,84.0000
mixtral-dev68,4,sim,attention,3.917364157,3.941980089,0.024615932,700.0000
mixtral-dev68,4,sim,idle,3.941980089,4.026167047,0.084186958,84.0000
mixtral-dev68,5,sim,idle,4.026167047,4.102086296,0.075919250,84.0000
mixtral-dev68,5,sim,attention,4.102086296,4.114394262,0.012307966,700.0000
mixtral-dev68,5,sim,idle,4.114394262,4.114394424,0.000000162,84.0000
mixtral-dev68,5,sim,addnorm,4.114394424,4.114538629,0.000144205,140.0000
mixtral-dev68,5,sim,idle,4.114538629,4.114538790,0.000000162,84.0000
mixtral-dev68,5,sim,addnorm,4.114538790,4.114541331,0.000002540,140.0000
mixtral-dev68,5,sim,idle,4.114541331,4.114541493,0.000000162,84.0000
mixtral-dev68,5,sim,gate,4.114541493,4.114579915,0.000038422,280.0000
mixtral-dev68,5,sim,idle,4.114579915,4.114582399,0.000002484,84.0000
mixtral-dev68,5,sim,idle,4.114582399,4.114582561,0.000000162,84.0000
mixtral-dev68,5,sim,gate,4.114582561,4.114599665,0.000017104,280.0000
mixtral-dev68,5,sim,idle,4.114599665,4.117747219,0.003147554,84.0000
mixtral-dev68,5,sim,experts,4.117747219,4.128587219,0.010840001,700.0000
mixtral-dev68,5,sim,idle,4.128587219,4.134092839,0.005505620,84.0000
mixtral-dev68,5,sim,experts,4.134092839,4.143744227,0.009651388,700.0000
mixtral-dev68,5,sim,idle,4.143744227,4.145317949,0.001573722,84.0000
mixtral-dev68,5,sim,experts,4.145317949,4.158795127,0.013477177,700.0000
mixtral-dev68,5,sim,idle,4.158795127,4.177871495,0.019076368,84.0000
mixtral-dev68,5,sim,idle,4.177871495,4.177871656,0.000000162,84.0000
mixtral-dev68,5,sim,addnorm,4.177871656,4.178015861,0.000144205,140.0000
mixtral-dev68,5,sim,idle,4.178015861,4.178016023,0.000000162,84.0000
mixtral-dev68,5,sim,addnorm,4.178016023,4.178018560,0.000002538,140.0000
mixtral-dev68,5,sim,idle,4.178018560,4.178020487,0.000001927,84.0000
mixtral-dev68,5,sim,attention,4.178020487,4.190328453,0.012307966,700.0000
mixtral-dev68,5,sim,idle,4.190328453,4.190328615,0.000000162,84.0000
mixtral-dev68,5,sim,addnorm,4.190328615,4.190472820,0.000144205,140.0000
mixtral-dev68,5,sim,idle,4.190472820,4.190472981,0.000000162,84.0000
mixtral-dev68,5,sim,addnorm,4.190472981,4.190475522,0.000002540,140.0000
mixtral-dev68,5,sim,idle,4.190475522,4.190475683,0.000000162,84.0000
mixtral-dev68,5,sim,gate,4.190475683,4.190514106,0.000038422,280.0000
mixtral-dev68,5,sim,idle,4.190514106,4.190516590,0.000002484,84.0000
mixtral-dev68,5,sim,idle,4.190516590,4.190516752,0.000000162,84.0000
mixtral-dev68,5,sim,gate,4.190516752,4.190533856,0.000017104,280.0000
mixtral-dev68,5,sim,idle,4.190533856,4.193681409,0.003147554,84.0000
mixtral-dev68,5,sim,experts,4.193681409,4.204521410,0.010840001,700.0000
mixtral-dev68,5,sim,idle,4.204521410,4.210027030,0.005505620,84.0000
mixtral-dev68,5,sim,experts,4.210027030,4.219678418,0.009651388,700.0000
mixtral-dev68,5,sim,idle,4.219678418,4.221252140,0.001573722,84.0000
mixtral-dev68,5,sim,experts,4.221252140,4.234729318,0.013477177,700.0000
mixtral-dev68,5,sim,idle,4.234729318,4.253805686,0.019076368,84.0000
mixtral-dev68,5,sim,idle,4.253805686,4.253805847,0.000000162,84.0000
mixtral-dev68,5,sim,addnorm,4.253805847,4.253950052,0.000144205,140.0000
mixtral-dev68,5,sim,idle,4.253950052,4.253950214,0.000000162,84.0000
mixtral-dev68,5,sim,addnorm,4.253950214,4.253952751,0.000002538,140.0000
mixtral-dev68,5,sim,attention,4.253952751,4.266260717,0.012307966,700.0000
mixtral-dev68,5,sim,idle,4.266260717,4.266260879,0.000000162,84.0000
mixtral-dev68,5,sim,addnorm,4.266260879,4.266405084,0.000144205,140.0000
mixtral-dev68,5,sim,idle,4.266405084,4.266405245,0.000000162,84.0000
mixtral-dev68,5,sim,addnorm,4.266405245,4.266407786,0.000002540,140.0000
mixtral-dev68,5,sim,idle,4.266407786,4.266407947,0.000000162,84.0000
mixtral-dev68,5,sim,gate,4.266407947,4.266446370,0.000038422,280.0000
mixtral-dev68,5,sim,idle,4.266446370,4.266448854,0.000002484,84.0000
mixtral-dev68,5,sim,idle,4.266448854,4.266449016,0.000000162,84.0000
mixtral-dev68,5,sim,gate,4.266449016,4.266466120,0.000017104,280.0000
mixtral-dev68,5,sim,idle,4.266466120,4.269596569,0.003130450,84.0000
mixtral-dev68,5,sim,experts,4.269596569,4.280436570,0.010840001,700.0000
mixtral-dev68,5,sim,idle,4.280436570,4.285942190,0.005505620,84.0000
mixtral-dev68,5,sim,experts,4.285942190,4.295593578,0.009651388,700.0000
mixtral-dev68,5,sim,idle,4.295593578,4.297167300,0.001573722,84.0000
mixtral-dev68,5,sim,experts,4.297167300,4.310644478,0.013477177,700.0000
mixtral-dev68,5,sim,idle,4.310644478,4.329720846,0.019076368,84.0000
mixtral-dev68,5,sim,idle,4.329720846,4.329721007,0.000000162,84.0000
mixtral-dev68,5,sim,addnorm,4.329721007,4.329865212,0.000144205,140.0000
mixtral-dev68,5,sim,idle,4.329865212,4.329865374,0.000000162,84.0000
mixtral-dev68,5,sim,addnorm,4.329865374,4.329867911,0.000002538,140.0000
mixtral-dev68,5,sim,attention,4.329867911,4.342175877,0.012307966,700.0000
mixtral-dev68,5,sim,idle,4.342175877,4.342176039,0.000000162,84.0000
mixtral-dev68,5,sim,addnorm,4.342176039,4.342320244,0.000144205,140.0000
mixtral-dev68,5,sim,idle,4.342320244,4.342320405,0.000000162,84.0000
mixtral-dev68,5,sim,addnorm,4.342320405,4.342322946,0.000002540,140.0000
mixtral-dev68,5,sim,idle,4.342322946,4.342323107,0.000000162,84.0000
mixtral-dev68,5,sim,gate,4.342323107,4.342361530,0.000038422,280.0000
mixtral-dev68,5,sim,idle,4.342361530,4.342364014,0.000002484,84.0000
mixtral-dev68,5,sim,idle,4.342364014,4.342364176,0.000000162,84.0000
mixtral-dev68,5,sim,gate,4.342364176,4.342381280,0.000017104,280.0000
mixtral-dev68,5,sim,idle,4.342381280,4.345511729,0.003130450,84.0000
mixtral-dev68,5,sim,experts,4.345511729,4.356351730,0.010840001,700.0000
mixtral-dev68,5,sim,idle,4.356351730,4.361857350,0.005505620,84.0000
mixtral-dev68,5,sim,experts,4.361857350,4.371508738,0.009651388,700.0000
mixtral-dev68,5,sim,idle,4.371508738,4.373082460,0.001573722,84.0000
mixtral-dev68,5,sim,experts,4.373082460,4.386559638,0.013477177,700.0000
mixtral-dev68,5,sim,idle,4.386559638,4.405636006,0.019076368,84.0000
mixtral-dev68,5,sim,idle,4.405636006,4.405636167,0.000000162,84.0000
mixtral-dev68,5,sim,addnorm,4.405636167,4.405780372,0.000144205,140.0000
mixtral-dev68,5,sim,idle,4.405780372,4.405780534,0.000000162,84.0000
mixtral-dev68,5,sim,addnorm,4.405780534,4.405783071,0.000002538,140.0000
mixtral-dev68,5,sim,idle,4.405783071,4.546678562,0.140895491,84.0000
mixtral-dev68,5,sim,addnorm,4.546678562,4.546680651,0.000002089,140.0000
mixtral-dev68,5,sim,idle,4.546680651,4.546680813,0.000000162,84.0000
mixtral-dev68,5,sim,addnorm,4.546680813,4.546973581,0.000292768,140.0000
mixtral-dev68,5,sim,idle,4.546973581,4.546973742,0.000000162,84.0000
mixtral-dev68,5,sim,idle,4.546973742,4.546973904,0.000000162,84.0000
mixtral-dev68,5,sim,gate,4.546973904,4.546977222,0.000003318,280.0000
mixtral-dev68,5,sim,idle,4.546977222,4.551308781,0.004331559,84.0000
mixtral-dev68,5,sim,gate,4.551308781,4.551487911,0.000179130,280.0000
mixtral-dev68,5,sim,idle,4.551487911,4.551488073,0.000000162,84.0000
mixtral-dev68,5,sim,experts,4.551488073,4.570706562,0.019218489,700.0000
mixtral-dev68,5,sim,idle,4.570706562,4.572280284,0.001573722,84.0000
mixtral-dev68,5,sim,experts,4.572280284,4.592059143,0.019778859,700.0000
mixtral-dev68,5,sim,idle,4.592059143,4.605858403,0.013799260,84.0000
mixtral-dev68,5,sim,idle,4.605858403,4.605858565,0.000000162,84.0000
mixtral-dev68,5,sim,idle,4.605858565,4.605858727,0.000000162,84.0000
mixtral-dev68,5,sim,gate,4.605858727,4.605951325,0.000092598,280.0000
mixtral-dev68,5,sim,idle,4.605951325,4.605953809,0.000002484,84.0000
mixtral-dev68,5,sim,addnorm,4.605953809,4.605955895,0.000002086,140.0000
mixtral-dev68,5,sim,idle,4.605955895,4.605956057,0.000000162,84.0000
mixtral-dev68,5,sim,addnorm,4.605956057,4.606248825,0.000292768,140.0000
mixtral-dev68,5,sim,idle,4.606248825,4.606248986,0.000000162,84.0000
mixtral-dev68,5,sim,attention,4.606248986,4.630864918,0.024615932,700.0000
mixtral-dev68,5,sim,idle,4.630864918,4.653852481,0.022987563,84.0000
mixtral-dev68,5,sim,addnorm,4.653852481,4.653854570,0.000002089,140.0000
mixtral-dev68,5,sim,idle,4.653854570,4.653854731,0.000000162,84.0000
mixtral-dev68,5,sim,addnorm,4.653854731,4.654147499,0.000292768,140.0000
mixtral-dev68,5,sim,idle,4.654147499,4.654147661,0.000000162,84.0000
mixtral-dev68,5,sim,idle,4.654147661,4.654147823,0.000000162,84.0000
mixtral-dev68,5,sim,gate,4.654147823,4.654151141,0.000003318,280.0000
mixtral-dev68,5,sim,idle,4.654151141,4.658482700,0.004331559,84.0000
mixtral-dev68,5,sim,gate,4.658482700,4.658661830,0.000179130,280.0000
mixtral-dev68,5,sim,idle,4.658661830,4.658661991,0.000000162,84.0000
mixtral-dev68,5,sim,experts,4.658661991,4.677880481,0.019218489,700.0000
mixtral-dev68,5,sim,idle,4.677880481,4.679454203,0.001573722,84.0000
mixtral-dev68,5,sim,experts,4.679454203,4.699233062,0.019778859,700.0000
mixtral-dev68,5,sim,idle,4.699233062,4.713032322,0.013799260,84.0000
mixtral-dev68,5,sim,idle,4.713032322,4.713032484,0.000000162,84.0000
mixtral-dev68,5,sim,idle,4.713032484,4.713032645,0.000000162,84.0000
mixtral-dev68,5,sim,gate,4.713032645,4.713125244,0.000092598,280.0000
mixtral-dev68,5,sim,idle,4.713125244,4.713127728,0.000002484,84.0000
mixtral-dev68,5,sim,addnorm,4.713127728,4.713129814,0.000002086,140.0000
mixtral-dev68,5,sim,idle,4.713129814,4.713129975,0.000000162,84.0000
mixtral-dev68,5,sim,addnorm,4.713129975,4.713422743,0.000292768,140.0000
mixtral-dev68,5,sim,idle,4.713422743,4.713422905,0.000000162,84.0000
mixtral-dev68,5,sim,attention,4.713422905,4.738038837,0.024615932,700.0000
mixtral-dev68,5,sim,idle,4.738038837,4.773823169,0.035784332,84.0000
mixtral-dev68,5,sim,addnorm,4.773823169,4.773825258,0.000002089,140.0000
mixtral-dev68,5,sim,idle,4.773825258,4.773825419,0.000000162,84.0000
mixtral-dev68,5,sim,addnorm,4.773825419,4.774118187,0.000292768,140.0000
mixtral-dev68,5,sim,idle,4.774118187,4.774118349,0.000000162,84.0000
mixtral-dev68,5,sim,idle,4.774118349,4.774118511,0.000000162,84.0000
mixtral-dev68,5,sim,gate,4.774118511,4.774121829,0.000003318,280.0000
mixtral-dev68,5,sim,idle,4.774121829,4.778453388,0.004331559,84.0000
mixtral-dev68,5,sim,gate,4.778453388,4.778632518,0.000179130,280.0000
mixtral-dev68,5,sim,idle,4.778632518,4.778632679,0.000000162,84.0000
mixtral-dev68,5,sim,experts,4.778632679,4.797851169,0.019218489,700.0000
mixtral-dev68,5,sim,idle,4.797851169,4.799424891,0.001573722,84.0000
mixtral-dev68,5,sim,experts,4.799424891,4.819203750,0.019778859,700.0000
mixtral-dev68,5,sim,idle,4.819203750,4.833003010,0.013799260,84.0000
mixtral-dev68,5,sim,idle,4.833003010,4.833003172,0.000000162,84.0000
mixtral-dev68,5,sim,idle,4.833003172,4.833003333,0.000000162,84.0000
mixtral-dev68,5,sim,gate,4.833003333,4.833095932,0.000092598,280.0000
mixtral-dev68,5,sim,idle,4.833095932,4.833098416,0.000002484,84.0000
mixtral-dev68,5,sim,addnorm,4.833098416,4.833100502,0.000002086,140.0000
mixtral-dev68,5,sim,idle,4.833100502,4.833100663,0.000000162,84.0000
mixtral-dev68,5,sim,addnorm,4.833100663,4.833393431,0.000292768,140.0000
mixtral-dev68,5,sim,idle,4.833393431,4.833393593,0.000000162,84.0000
mixtral-dev68,5,sim,attention,4.833393593,4.858009525,0.024615932,700.0000
mixtral-dev68,5,sim,idle,4.858009525,4.864335495,0.006325970,84.0000
mixtral-dev68,5,sim,addnorm,4.864335495,4.864337583,0.000002089,140.0000
mixtral-dev68,5,sim,idle,4.864337583,4.864337745,0.000000162,84.0000
mixtral-dev68,5,sim,addnorm,4.864337745,4.864630513,0.000292768,140.0000
mixtral-dev68,5,sim,idle,4.864630513,4.864630674,0.000000162,84.0000
mixtral-dev68,5,sim,idle,4.864630674,4.864630836,0.000000162,84.0000
mixtral-dev68,5,sim,gate,4.864630836,4.864634154,0.000003318,280.0000
mixtral-dev68,5,sim,idle,4.864634154,4.868965714,0.004331559,84.0000
mixtral-dev68,5,sim,gate,4.868965714,4.869144843,0.000179130,280.0000
mixtral-dev68,5,sim,idle,4.869144843,4.869145005,0.000000162,84.0000
mixtral-dev68,5,sim,experts,4.869145005,4.888363494,0.019218489,700.0000
mixtral-dev68,5,sim,idle,4.888363494,4.889937216,0.001573722,84.0000
mixtral-dev68,5,sim,experts,4.889937216,4.909716075,0.019778859,700.0000
mixtral-dev68,5,sim,idle,4.909716075,4.923515336,0.013799260,84.0000
mixtral-dev68,5,sim,idle,4.923515336,4.923515497,0.000000162,84.0000
mixtral-dev68,5,sim,idle,4.923515497,4.923515659,0.000000162,84.0000
mixtral-dev68,5,sim,gate,4.923515659,4.923608257,0.000092598,280.0000
mixtral-dev68,5,sim,idle,4.923608257,4.923610741,0.000002484,84.0000
mixtral-dev68,5,sim,addnorm,4.923610741,4.923612827,0.000002086,140.0000
mixtral-dev68,5,sim,idle,4.923612827,4.923612989,0.000000162,84.0000
mixtral-dev68,5,sim,addnorm,4.923612989,4.923905757,0.000292768,140.0000
mixtral-dev68,5,sim,idle,4.923905757,4.923905919,0.000000162,84.0000
mixtral-dev68,5,sim,attention,4.923905919,4.948521850,0.024615932,700.0000
mixtral-dev68,5,sim,idle,4.948521850,5.032708808,0.084186958,84.0000
mixtral-dev68,6,sim,idle,5.032708808,5.108628058,0.075919250,84.0000
mixtral-dev68,6,sim,attention,5.108628058,5.120936024,0.012307966,700.0000
mixtral-dev68,6,sim,idle,5.120936024,5.120936186,0.000000162,84.0000
mixtral-dev68,6,sim,addnorm,5.120936186,5.121080391,0.000144205,140.0000
mixtral-dev68,6,sim,idle,5.121080391,5.121080552,0.000000162,84.0000
mixtral-dev68,6,sim,addnorm,5.121080552,5.121083093,0.000002540,140.0000
mixtral-dev68,6,sim,idle,5.121083093,5.121083254,0.000000162,84.0000
mixtral-dev68,6,sim,gate,5.121083254,5.121121677,0.000038422,280.0000
mixtral-dev68,6,sim,idle,5.121121677,5.121124161,0.000002484,84.0000
mixtral-dev68,6,sim,idle,5.121124161,5.121124322,0.000000162,84.0000
mixtral-dev68,6,sim,gate,5.121124322,5.121141426,0.000017104,280.0000
mixtral-dev68,6,sim,idle,5.121141426,5.124288980,0.003147554,84.0000
mixtral-dev68,6,sim,experts,5.124288980,5.135128981,0.010840001,700.0000
mixtral-dev68,6,sim,idle,5.135128981,5.140634601,0.005505620,84.0000
mixtral-dev68,6,sim,experts,5.140634601,5.150285989,0.009651388,700.0000
mixtral-dev68,6,sim,idle,5.150285989,5.151859711,0.001573722,84.0000
mixtral-dev68,6,sim,experts,5.151859711,5.165336888,0.013477177,700.0000
mixtral-dev68,6,sim,idle,5.165336888,5.184413257,0.019076368,84.0000
mixtral-dev68,6,sim,idle,5.184413257,5.184413418,0.000000162,84.0000
mixtral-dev68,6,sim,addnorm,5.184413418,5.184557623,0.000144205,140.0000
mixtral-dev68,6,sim,idle,5.184557623,5.184557785,0.000000162,84.0000
mixtral-dev68,6,sim,addnorm,5.184557785,5.184560322,0.000002538,140.0000
mixtral-dev68,6,sim,idle,5.184560322,5.184562249,0.000001927,84.0000
mixtral-dev68,6,sim,attention,5.184562249,5.196870215,0.012307966,700.0000
mixtral-dev68,6,sim,idle,5.196870215,5.196870377,0.000000162,84.0000
mixtral-dev68,6,sim,addnorm,5.196870377,5.197014581,0.000144205,140.0000
mixtral-dev68,6,sim,idle,5.197014581,5.197014743,0.000000162,84.0000
mixtral-dev68,6,sim,addnorm,5.197014743,5.197017284,0.000002540,140.0000
mixtral-dev68,6,sim,idle,5.197017284,5.197017445,0.000000162,84.0000
mixtral-dev68,6,sim,gate,5.197017445,5.197055868,0.000038422,280.0000
mixtral-dev68,6,sim,idle,5.197055868,5.197058352,0.000002484,84.0000
mixtral-dev68,6,sim,idle,5.197058352,5.197058513,0.000000162,84.0000
mixtral-dev68,6,sim,gate,5.197058513,5.197075617,0.000017104,280.0000
mixtral-dev68,6,sim,idle,5.197075617,5.200223171,0.003147554,84.0000
mixtral-dev68,6,sim,experts,5.200223171,5.211063172,0.010840001,700.0000
mixtral-dev68,6,sim,idle,5.211063172,5.216568791,0.005505620,84.0000
mixtral-dev68,6,sim,experts,5.216568791,5.226220180,0.009651388,700.0000
mixtral-dev68,6,sim,idle,5.226220180,5.227793902,0.001573722,84.0000
mixtral-dev68,6,sim,experts,5.227793902,5.241271079,0.013477177,700.0000
mixtral-dev68,6,sim,idle,5.241271079,5.260347447,0.019076368,84.0000
mixtral-dev68,6,sim,idle,5.260347447,5.260347609,0.000000162,84.0000
mixtral-dev68,6,sim,addnorm,5.260347609,5.260491814,0.000144205,140.0000
mixtral-dev68,6,sim,idle,5.260491814,5.260491975,0.000000162,84.0000
mixtral-dev68,6,sim,addnorm,5.260491975,5.260494513,0.000002538,140.0000
mixtral-dev68,6,sim,attention,5.260494513,5.272802479,0.012307966,700.0000
mixtral-dev68,6,sim,idle,5.272802479,5.272802641,0.000000162,84.0000
mixtral-dev68,6,sim,addnorm,5.272802641,5.272946845,0.000144205,140.0000
mixtral-dev68,6,sim,idle,5.272946845,5.272947007,0.000000162,84.0000
mixtral-dev68,6,sim,addnorm,5.272947007,5.272949548,0.000002540,140.0000
mixtral-dev68,6,sim,idle,5.272949548,5.272949709,0.000000162,84.0000
mixtral-dev68,6,sim,gate,5.272949709,5.272988132,0.000038422,280.0000
mixtral-dev68,6,sim,idle,5.272988132,5.272990616,0.000002484,84.0000
mixtral-dev68,6,sim,idle,5.272990616,5.272990777,0.000000162,84.0000
mixtral-dev68,6,sim,gate,5.272990777,5.273007881,0.000017104,280.0000
mixtral-dev68,6,sim,idle,5.273007881,5.276138331,0.003130450,84.0000
mixtral-dev68,6,sim,experts,5.276138331,5.286978332,0.010840001,700.0000
mixtral-dev68,6,sim,idle,5.286978332,5.292483952,0.005505620,84.0000
mixtral-dev68,6,sim,experts,5.292483952,5.302135340,0.009651388,700.0000
mixtral-dev68,6,sim,idle,5.302135340,5.303709062,0.001573722,84.0000
mixtral-dev68,6,sim,experts,5.303709062,5.317186239,0.013477177,700.0000
mixtral-dev68,6,sim,idle,5.317186239,5.336262607,0.019076368,84.0000
mixtral-dev68,6,sim,idle,5.336262607,5.336262769,0.000000162,84.0000
mixtral-dev68,6,sim,addnorm,5.336262769,5.336406974,0.000144205,140.0000
mixtral-dev68,6,sim,idle,5.336406974,5.336407135,0.000000162,84.0000
mixtral-dev68,6,sim,addnorm,5.336407135,5.336409673,0.000002538,140.0000
mixtral-dev68,6,sim,attention,5.336409673,5.348717639,0.012307966,700.0000
mixtral-dev68,6,sim,idle,5.348717639,5.348717801,0.000000162,84.0000
mixtral-dev68,6,sim,addnorm,5.348717801,5.348862005,0.000144205,140.0000
mixtral-dev68,6,sim,idle,5.348862005,5.348862167,0.000000162,84.0000
mixtral-dev68,6,sim,addnorm,5.348862167,5.348864708,0.000002540,140.0000
mixtral-dev68,6,sim,idle,5.348864708,5.348864869,0.000000162,84.0000
mixtral-dev68,6,sim,gate,5.348864869,5.348903292,0.000038422,280.0000
mixtral-dev68,6,sim,idle,5.348903292,5.348905776,0.000002484,84.0000
mixtral-dev68,6,sim,idle,5.348905776,5.348905937,0.000000162,84.0000
mixtral-dev68,6,sim,gate,5.348905937,5.348923041,0.000017104,280.0000
mixtral-dev68,6,sim,idle,5.348923041,5.352053491,0.003130450,84.0000
mixtral-dev68,6,sim,experts,5.352053491,5.362893492,0.010840001,700.0000
mixtral-dev68,6,sim,idle,5.362893492,5.368399111,0.005505620,84.0000
mixtral-dev68,6,sim,experts,5.368399111,5.378050500,0.009651388,700.0000
mixtral-dev68,6,sim,idle,5.378050500,5.379624222,0.001573722,84.0000
mixtral-dev68,6,sim,experts,5.379624222,5.393101399,0.013477177,700.0000
mixtral-dev68,6,sim,idle,5.393101399,5.412177767,0.019076368,84.0000
mixtral-dev68,6,sim,idle,5.412177767,5.412177929,0.000000162,84.0000
mixtral-dev68,6,sim,addnorm,5.412177929,5.412322134,0.000144205,140.0000
mixtral-dev68,6,sim,idle,5.412322134,5.412322295,0.000000162,84.0000
mixtral-dev68,6,sim,addnorm,5.412322295,5.412324833,0.000002538,140.0000
mixtral-dev68,6,sim,idle,5.412324833,5.553220324,0.140895491,84.0000
mixtral-dev68,6,sim,addnorm,5.553220324,5.553222413,0.000002089,140.0000
mixtral-dev68,6,sim,idle,5.553222413,5.553222574,0.000000162,84.0000
mixtral-dev68,6,sim,addnorm,5.553222574,5.553515342,0.000292768,140.0000
mixtral-dev68,6,sim,idle,5.553515342,5.553515504,0.000000162,84.0000
mixtral-dev68,6,sim,idle,5.553515504,5.553515666,0.000000162,84.0000
mixtral-dev68,6,sim,gate,5.553515666,5.553518984,0.000003318,280.0000
mixtral-dev68,6,sim,idle,5.553518984,5.557850543,0.004331559,84.0000
mixtral-dev68,6,sim,gate,5.557850543,5.558029673,0.000179130,280.0000
mixtral-dev68,6,sim,idle,5.558029673,5.558029834,0.000000162,84.0000
mixtral-dev68,6,sim,experts,5.558029834,5.577248324,0.019218489,700.0000
mixtral-dev68,6,sim,idle,5.577248324,5.578822046,0.001573722,84.0000
mixtral-dev68,6,sim,experts,5.578822046,5.598600905,0.019778859,700.0000
mixtral-dev68,6,sim,idle,5.598600905,5.612400165,0.013799260,84.0000
mixtral-dev68,6,sim,idle,5.612400165,5.612400327,0.000000162,84.0000
mixtral-dev68,6,sim,idle,5.612400327,5.612400488,0.000000162,84.0000
mixtral-dev68,6,sim,gate,5.612400488,5.612493087,0.000092598,280.0000
mixtral-dev68,6,sim,idle,5.612493087,5.612495571,0.000002484,84.0000
mixtral-dev68,6,sim,addnorm,5.612495571,5.612497657,0.000002086,140.0000
mixtral-dev68,6,sim,idle,5.612497657,5.612497818,0.000000162,84.0000
mixtral-dev68,6,sim,addnorm,5.612497818,5.612790586,0.000292768,140.0000
mixtral-dev68,6,sim,idle,5.612790586,5.612790748,0.000000162,84.0000
mixtral-dev68,6,sim,attention,5.612790748,5.637406680,0.024615932,700.0000
mixtral-dev68,6,sim,idle,5.637406680,5.660394243,0.022987563,84.0000
mixtral-dev68,6,sim,addnorm,5.660394243,5.660396331,0.000002089,140.0000
mixtral-dev68,6,sim,idle,5.660396331,5.660396493,0.000000162,84.0000
mixtral-dev68,6,sim,addnorm,5.660396493,5.660689261,0.000292768,140.0000
mixtral-dev68,6,sim,idle,5.660689261,5.660689423,0.000000162,84.0000
mixtral-dev68,6,sim,idle,5.660689423,5.660689584,0.000000162,84.0000
mixtral-dev68,6,sim,gate,5.660689584,5.660692903,0.000003318,280.0000
mixtral-dev68,6,sim,idle,5.660692903,5.665024462,0.004331559,84.0000
mixtral-dev68,6,sim,gate,5.665024462,5.665203591,0.000179130,280.0000
mixtral-dev68,6,sim,idle,5.665203591,5.665203753,0.000000162,84.0000
mixtral-dev68,6,sim,experts,5.665203753,5.684422242,0.019218489,700.0000
mixtral-dev68,6,sim,idle,5.684422242,5.685995964,0.001573722,84.0000
mixtral-dev68,6,sim,experts,5.685995964,5.705774823,0.019778859,700.0000
mixtral-dev68,6,sim,idle,5.705774823,5.719574084,0.013799260,84.0000
mixtral-dev68,6,sim,idle,5.719574084,5.719574245,0.000000162,84.0000
mixtral-dev68,6,sim,idle,5.719574245,5.719574407,0.000000162,84.0000
mixtral-dev68,6,sim,gate,5.719574407,5.719667005,0.000092598,280.0000
mixtral-dev68,6,sim,idle,5.719667005,5.719669489,0.000002484,84.0000
mixtral-dev68,6,sim,addnorm,5.719669489,5.719671576,0.000002086,140.0000
mixtral-dev68,6,sim,idle,5.719671576,5.719671737,0.000000162,84.0000
mixtral-dev68,6,sim,addnorm,5.719671737,5.719964505,0.000292768,140.0000
mixtral-dev68,6,sim,idle,5.719964505,5.719964667,0.000000162,84.0000
mixtral-dev68,6,sim,attention,5.719964667,5.744580599,0.024615932,700.0000
mixtral-dev68,6,sim,idle,5.744580599,5.780364931,0.035784332,84.0000
mixtral-dev68,6,sim,addnorm,5.780364931,5.780367019,0.000002089,140.0000
mixtral-dev68,6,sim,idle,5.780367019,5.780367181,0.000000162,84.0000
mixtral-dev68,6,sim,addnorm,5.780367181,5.780659949,0.000292768,140.0000
mixtral-dev68,6,sim,idle,5.780659949,5.780660111,0.000000162,84.0000
mixtral-dev68,6,sim,idle,5.780660111,5.780660272,0.000000162,84.0000
mixtral-dev68,6,sim,gate,5.780660272,5.780663591,0.000003318,280.0000
mixtral-dev68,6,sim,idle,5.780663591,5.784995150,0.004331559,84.0000
mixtral-dev68,6,sim,gate,5.784995150,5.785174279,0.000179130,280.0000
mixtral-dev68,6,sim,idle,5.785174279,5.785174441,0.000000162,84.0000
mixtral-dev68,6,sim,experts,5.785174441,5.804392930,0.019218489,700.0000
mixtral-dev68,6,sim,idle,5.804392930,5.805966652,0.001573722,84.0000
mixtral-dev68,6,sim,experts,5.805966652,5.825745511,0.019778859,700.0000
mixtral-dev68,6,sim,idle,5.825745511,5.839544772,0.013799260,84.0000
mixtral-dev68,6,sim,idle,5.839544772,5.839544933,0.000000162,84.0000
mixtral-dev68,6,sim,idle,5.839544933,5.839545095,0.000000162,84.0000
mixtral-dev68,6,sim,gate,5.839545095,5.839637693,0.000092598,280.0000
mixtral-dev68,6,sim,idle,5.839637693,5.839640177,0.000002484,84.0000
mixtral-dev68,6,sim,addnorm,5.839640177,5.839642264,0.000002086,140.0000
mixtral-dev68,6,sim,idle,5.839642264,5.839642425,0.000000162,84.0000
mixtral-dev68,6,sim,addnorm,5.839642425,5.839935193,0.000292768,140.0000
mixtral-dev68,6,sim,idle,5.839935193,5.839935355,0.000000162,84.0000
mixtral-dev68,6,sim,attention,5.839935355,5.864551287,0.024615932,700.0000
mixtral-dev68,6,sim,idle,5.864551287,5.870877256,0.006325970,84.0000
mixtral-dev68,6,sim,addnorm,5.870877256,5.870879345,0.000002089,140.0000
mixtral-dev68,6,sim,idle,5.870879345,5.870879507,0.000000162,84.0000
mixtral-dev68,6,sim,addnorm,5.870879507,5.871172275,0.000292768,140.0000
mixtral-dev68,6,sim,idle,5.871172275,5.871172436,0.000000162,84.0000
mixtral-dev68,6,sim,idle,5.871172436,5.871172598,0.000000162,84.0000
mixtral-dev68,6,sim,gate,5.871172598,5.871175916,0.000003318,280.0000
mixtral-dev68,6,sim,idle,5.871175916,5.875507475,0.004331559,84.0000
mixtral-dev68,6,sim,gate,5.875507475,5.875686605,0.000179130,280.0000
mixtral-dev68,6,sim,idle,5.875686605,5.875686766,0.000000162,84.0000
mixtral-dev68,6,sim,experts,5.875686766,5.894905256,0.019218489,700.0000
mixtral-dev68,6,sim,idle,5.894905256,5.896478978,0.001573722,84.0000
mixtral-dev68,6,sim,experts,5.896478978,5.916257837,0.019778859,700.0000
mixtral-dev68,6,sim,idle,5.916257837,5.930057097,0.013799260,84.0000
mixtral-dev68,6,sim,idle,5.930057097,5.930057259,0.000000162,84.0000
mixtral-dev68,6,sim,idle,5.930057259,5.930057420,0.000000162,84.0000
mixtral-dev68,6,sim,gate,5.930057420,5.930150019,0.000092598,280.0000
mixtral-dev68,6,sim,idle,5.930150019,5.930152503,0.000002484,84.0000
mixtral-dev68,6,sim,addnorm,5.930152503,5.930154589,0.000002086,140.0000
mixtral-dev68,6,sim,idle,5.930154589,5.930154751,0.000000162,84.0000
mixtral-dev68,6,sim,addnorm,5.930154751,5.930447519,0.000292768,140.0000
mixtral-dev68,6,sim,idle,5.930447519,5.930447680,0.000000162,84.0000
mixtral-dev68,6,sim,attention,5.930447680,5.955063612,0.024615932,700.0000
mixtral-dev68,6,sim,idle,5.955063612,6.039250570,0.084186958,84.0000
mixtral-dev68,7,sim,idle,6.039250570,6.115169820,0.075919250,84.0000
mixtral-dev68,7,sim,attention,6.115169820,6.127477786,0.012307966,700.0000
mixtral-dev68,7,sim,idle,6.127477786,6.127477947,0.000000162,84.0000
mixtral-dev68,7,sim,addnorm,6.127477947,6.127622152,0.000144205,140.0000
mixtral-dev68,7,sim,idle,6.127622152,6.127622314,0.000000162,84.0000
mixtral-dev68,7,sim,addnorm,6.127622314,6.127624854,0.000002540,140.0000
mixtral-dev68,7,sim,idle,6.127624854,6.127625016,0.000000162,84.0000
mixtral-dev68,7,sim,gate,6.127625016,6.127663438,0.000038422,280.0000
mixtral-dev68,7,sim,idle,6.127663438,6.127665922,0.000002484,84.0000
mixtral-dev68,7,sim,idle,6.127665922,6.127666084,0.000000162,84.0000
mixtral-dev68,7,sim,gate,6.127666084,6.127683188,0.000017104,280.0000
mixtral-dev68,7,sim,idle,6.127683188,6.130830742,0.003147554,84.0000
mixtral-dev68,7,sim,experts,6.130830742,6.141670742,0.010840001,700.0000
mixtral-dev68,7,sim,idle,6.141670742,6.147176362,0.005505620,84.0000
mixtral-dev68,7,sim,experts,6.147176362,6.156827751,0.009651388,700.0000
mixtral-dev68,7,sim,idle,6.156827751,6.158401473,0.001573722,84.0000
mixtral-dev68,7,sim,experts,6.158401473,6.171878650,0.013477177,700.0000
mixtral-dev68,7,sim,idle,6.171878650,6.190955018,0.019076368,84.0000
mixtral-dev68,7,sim,idle,6.190955018,6.190955180,0.000000162,84.0000
mixtral-dev68,7,sim,addnorm,6.190955180,6.191099385,0.000144205,140.0000
mixtral-dev68,7,sim,idle,6.191099385,6.191099546,0.000000162,84.0000
mixtral-dev68,7,sim,addnorm,6.191099546,6.191102084,0.000002538,140.0000
mixtral-dev68,7,sim,idle,6.191102084,6.191104011,0.000001927,84.0000
mixtral-dev68,7,sim,attention,6.191104011,6.203411977,0.012307966,700.0000
mixtral-dev68,7,sim,idle,6.203411977,6.203412138,0.000000162,84.0000
mixtral-dev68,7,sim,addnorm,6.203412138,6.203556343,0.000144205,140.0000
mixtral-dev68,7,sim,idle,6.203556343,6.203556505,0.000000162,84.0000
mixtral-dev68,7,sim,addnorm,6.203556505,6.203559045,0.000002540,140.0000
mixtral-dev68,7,sim,idle,6.203559045,6.203559207,0.000000162,84.0000
mixtral-dev68,7,sim,gate,6.203559207,6.203597629,0.000038422,280.0000
mixtral-dev68,7,sim,idle,6.203597629,6.203600113,0.000002484,84.0000
mixtral-dev68,7,sim,idle,6.203600113,6.203600275,0.000000162,84.0000
mixtral-dev68,7,sim,gate,6.203600275,6.203617379,0.000017104,280.0000
mixtral-dev68,7,sim,idle,6.203617379,6.206764933,0.003147554,84.0000
mixtral-dev68,7,sim,experts,6.206764933,6.217604933,0.010840001,700.0000
mixtral-dev68,7,sim,idle,6.217604933,6.223110553,0.005505620,84.0000
mixtral-dev68,7,sim,experts,6.223110553,6.232761942,0.009651388,700.0000
mixtral-dev68,7,sim,idle,6.232761942,6.234335664,0.001573722,84.0000
mixtral-dev68,7,sim,experts,6.234335664,6.247812841,0.013477177,700.0000
mixtral-dev68,7,sim,idle,6.247812841,6.266889209,0.019076368,84.0000
mixtral-dev68,7,sim,idle,6.266889209,6.266889371,0.000000162,84.0000
mixtral-dev68,7,sim,addnorm,6.266889371,6.267033576,0.000144205,140.0000
mixtral-dev68,7,sim,idle,6.267033576,6.267033737,0.000000162,84.0000
mixtral-dev68,7,sim,addnorm,6.267033737,6.267036275,0.000002538,140.0000
mixtral-dev68,7,sim,attention,6.267036275,6.279344241,0.012307966,700.0000
mixtral-dev68,7,sim,idle,6.279344241,6.279344402,0.000000162,84.0000
mixtral-dev68,7,sim,addnorm,6.279344402,6.279488607,0.000144205,140.0000
mixtral-dev68,7,sim,idle,6.279488607,6.279488769,0.000000162,84.0000
mixtral-dev68,7,sim,addnorm,6.279488769,6.279491309,0.000002540,140.0000
mixtral-dev68,7,sim,idle,6.279491309,6.279491471,0.000000162,84.0000
mixtral-dev68,7,sim,gate,6.279491471,6.279529893,0.000038422,280.0000
mixtral-dev68,7,sim,idle,6.279529893,6.279532377,0.000002484,84.0000
mixtral-dev68,7,sim,idle,6.279532377,6.279532539,0.000000162,84.0000
mixtral-dev68,7,sim,gate,6.279532539,6.279549643,0.000017104,280.0000
mixtral-dev68,7,sim,idle,6.279549643,6.282680093,0.003130450,84.0000
mixtral-dev68,7,sim,experts,6.282680093,6.293520093,0.010840001,700.0000
mixtral-dev68,7,sim,idle,6.293520093,6.299025713,0.005505620,84.0000
mixtral-dev68,7,sim,experts,6.299025713,6.308677102,0.009651388,700.0000
mixtral-dev68,7,sim,idle,6.308677102,6.310250824,0.001573722,84.0000
mixtral-dev68,7,sim,experts,6.310250824,6.323728001,0.013477177,700.0000
mixtral-dev68,7,sim,idle,6.323728001,6.342804369,0.019076368,84.0000
mixtral-dev68,7,sim,idle,6.342804369,6.342804531,0.000000162,84.0000
mixtral-dev68,7,sim,addnorm,6.342804531,6.342948736,0.000144205,140.0000
mixtral-dev68,7,sim,idle,6.342948736,6.342948897,0.000000162,84.0000
mixtral-dev68,7,sim,addnorm,6.342948897,6.342951435,0.000002538,140.0000
mixtral-dev68,7,sim,attention,6.342951435,6.355259401,0.012307966,700.0000
mixtral-dev68,7,sim,idle,6.355259401,6.355259562,0.000000162,84.0000
mixtral-dev68,7,sim,addnorm,6.355259562,6.355403767,0.000144205,140.0000
mixtral-dev68,7,sim,idle,6.355403767,6.355403929,0.000000162,84.0000
mixtral-dev68,7,sim,addnorm,6.355403929,6.355406469,0.000002540,140.0000
mixtral-dev68,7,sim,idle,6.355406469,6.355406631,0.000000162,84.0000
mixtral-dev68,7,sim,gate,6.355406631,6.355445053,0.000038422,280.0000
mixtral-dev68,7,sim,idle,6.355445053,6.355447537,0.000002484,84.0000
mixtral-dev68,7,sim,idle,6.355447537,6.355447699,0.000000162,84.0000
mixtral-dev68,7,sim,gate,6.355447699,6.355464803,0.000017104,280.0000
mixtral-dev68,7,sim,idle,6.355464803,6.358595253,0.003130450,84.0000
mixtral-dev68,7,sim,experts,6.358595253,6.369435253,0.010840001,700.0000
mixtral-dev68,7,sim,idle,6.369435253,6.374940873,0.005505620,84.0000
mixtral-dev68,7,sim,experts,6.374940873,6.384592262,0.009651388,700.0000
mixtral-dev68,7,sim,idle,6.384592262,6.386165984,0.001573722,84.0000
mixtral-dev68,7,sim,experts,6.386165984,6.399643161,0.013477177,700.0000
mixtral-dev68,7,sim,idle,6.399643161,6.418719529,0.019076368,84.0000
mixtral-dev68,7,sim,idle,6.418719529,6.418719691,0.000000162,84.0000
mixtral-dev68,7,sim,addnorm,6.418719691,6.418863896,0.000144205,140.0000
mixtral-dev68,7,sim,idle,6.418863896,6.418864057,0.000000162,84.0000
mixtral-dev68,7,sim,addnorm,6.418864057,6.418866595,0.000002538,140.0000
mixtral-dev68,7,sim,idle,6.418866595,6.559762086,0.140895491,84.0000
mixtral-dev68,7,sim,addnorm,6.559762086,6.559764174,0.000002089,140.0000
mixtral-dev68,7,sim,idle,6.559764174,6.559764336,0.000000162,84.0000
mixtral-dev68,7,sim,addnorm,6.559764336,6.560057104,0.000292768,140.0000
mixtral-dev68,7,sim,idle,6.560057104,6.560057266,0.000000162,84.0000
mixtral-dev68,7,sim,idle,6.560057266,6.560057427,0.000000162,84.0000
mixtral-dev68,7,sim,gate,6.560057427,6.560060746,0.000003318,280.0000
mixtral-dev68,7,sim,idle,6.560060746,6.564392305,0.004331559,84.0000
mixtral-dev68,7,sim,gate,6.564392305,6.564571434,0.000179130,280.0000
mixtral-dev68,7,sim,idle,6.564571434,6.564571596,0.000000162,84.0000
mixtral-dev68,7,sim,experts,6.564571596,6.583790085,0.019218489,700.0000
mixtral-dev68,7,sim,idle,6.583790085,6.585363807,0.001573722,84.0000
mixtral-dev68,7,sim,experts,6.585363807,6.605142666,0.019778859,700.0000
mixtral-dev68,7,sim,idle,6.605142666,6.618941927,0.013799260,84.0000
mixtral-dev68,7,sim,idle,6.618941927,6.618942088,0.000000162,84.0000
mixtral-dev68,7,sim,idle,6.618942088,6.618942250,0.000000162,84.0000
mixtral-dev68,7,sim,gate,6.618942250,6.619034848,0.000092598,280.0000
mixtral-dev68,7,sim,idle,6.619034848,6.619037332,0.000002484,84.0000
mixtral-dev68,7,sim,addnorm,6.619037332,6.619039419,0.000002086,140.0000
mixtral-dev68,7,sim,idle,6.619039419,6.619039580,0.000000162,84.0000
mixtral-dev68,7,sim,addnorm,6.619039580,6.619332348,0.000292768,140.0000
mixtral-dev68,7,sim,idle,6.619332348,6.619332510,0.000000162,84.0000
mixtral-dev68,7,sim,attention,6.619332510,6.643948442,0.024615932,700.0000
mixtral-dev68,7,sim,idle,6.643948442,6.666936004,0.022987563,84.0000
mixtral-dev68,7,sim,addnorm,6.666936004,6.666938093,0.000002089,140.0000
mixtral-dev68,7,sim,idle,6.666938093,6.666938255,0.000000162,84.0000
mixtral-dev68,7,sim,addnorm,6.666938255,6.667231023,0.000292768,140.0000
mixtral-dev68,7,sim,idle,6.667231023,6.667231184,0.000000162,84.0000
mixtral-dev68,7,sim,idle,6.667231184,6.667231346,0.000000162,84.0000
mixtral-dev68,7,sim,gate,6.667231346,6.667234664,0.000003318,280.0000
mixtral-dev68,7,sim,idle,6.667234664,6.671566223,0.004331559,84.0000
mixtral-dev68,7,sim,gate,6.671566223,6.671745353,0.000179130,280.0000
mixtral-dev68,7,sim,idle,6.671745353,6.671745515,0.000000162,84.0000
mixtral-dev68,7,sim,experts,6.671745515,6.690964004,0.019218489,700.0000
mixtral-dev68,7,sim,idle,6.690964004,6.692537726,0.001573722,84.0000
mixtral-dev68,7,sim,experts,6.692537726,6.712316585,0.019778859,700.0000
mixtral-dev68,7,sim,idle,6.712316585,6.726115845,0.013799260,84.0000
mixtral-dev68,7,sim,idle,6.726115845,6.726116007,0.000000162,84.0000
mixtral-dev68,7,sim,idle,6.726116007,6.726116169,0.000000162,84.0000
mixtral-dev68,7,sim,gate,6.726116169,6.726208767,0.000092598,280.0000
mixtral-dev68,7,sim,idle,6.726208767,6.726211251,0.000002484,84.0000
mixtral-dev68,7,sim,addnorm,6.726211251,6.726213337,0.000002086,140.0000
mixtral-dev68,7,sim,idle,6.726213337,6.726213499,0.000000162,84.0000
mixtral-dev68,7,sim,addnorm,6.726213499,6.726506267,0.000292768,140.0000
mixtral-dev68,7,sim,idle,6.726506267,6.726506428,0.000000162,84.0000
mixtral-dev68,7,sim,attention,6.726506428,6.751122360,0.024615932,700.0000
mixtral-dev68,7,sim,idle,6.751122360,6.786906692,0.035784332,84.0000
mixtral-dev68,7,sim,addnorm,6.786906692,6.786908781,0.000002089,140.0000
mixtral-dev68,7,sim,idle,6.786908781,6.786908943,0.000000162,84.0000
mixtral-dev68,7,sim,addnorm,6.786908943,6.787201711,0.000292768,140.0000
mixtral-dev68,7,sim,idle,6.787201711,6.787201872,0.000000162,84.0000
mixtral-dev68,7,sim,idle,6.787201872,6.787202034,0.000000162,84.0000
mixtral-dev68,7,sim,gate,6.787202034,6.787205352,0.000003318,280.0000
mixtral-dev68,7,sim,idle,6.787205352,6.791536911,0.004331559,84.0000
mixtral-dev68,7,sim,gate,6.791536911,6.791716041,0.000179130,280.0000
mixtral-dev68,7,sim,idle,6.791716041,6.791716203,0.000000162,84.0000
mixtral-dev68,7,sim,experts,6.791716203,6.810934692,0.019218489,700.0000
mixtral-dev68,7,sim,idle,6.810934692,6.812508414,0.001573722,84.0000
mixtral-dev68,7,sim,experts,6.812508414,6.832287273,0.019778859,700.0000
mixtral-dev68,7,sim,idle,6.832287273,6.846086533,0.013799260,84.0000
mixtral-dev68,7,sim,idle,6.846086533,6.846086695,0.000000162,84.0000
mixtral-dev68,7,sim,idle,6.846086695,6.846086857,0.000000162,84.0000
mixtral-dev68,7,sim,gate,6.846086857,6.846179455,0.000092598,280.0000
mixtral-dev68,7,sim,idle,6.846179455,6.846181939,0.000002484,84.0000
mixtral-dev68,7,sim,addnorm,6.846181939,6.846184025,0.000002086,140.0000
mixtral-dev68,7,sim,idle,6.846184025,6.846184187,0.000000162,84.0000
mixtral-dev68,7,sim,addnorm,6.846184187,6.846476955,0.000292768,140.0000
mixtral-dev68,7,sim,idle,6.846476955,6.846477116,0.000000162,84.0000
mixtral-dev68,7,sim,attention,6.846477116,6.871093048,0.024615932,700.0000
mixtral-dev68,7,sim,idle,6.871093048,6.877419018,0.006325970,84.0000
mixtral-dev68,7,sim,addnorm,6.877419018,6.877421107,0.000002089,140.0000
mixtral-dev68,7,sim,idle,6.877421107,6.877421268,0.000000162,84.0000
mixtral-dev68,7,sim,addnorm,6.877421268,6.877714036,0.000292768,140.0000
mixtral-dev68,7,sim,idle,6.877714036,6.877714198,0.000000162,84.0000
mixtral-dev68,7,sim,idle,6.877714198,6.877714359,0.000000162,84.0000
mixtral-dev68,7,sim,gate,6.877714359,6.877717678,0.000003318,280.0000
mixtral-dev68,7,sim,idle,6.877717678,6.882049237,0.004331559,84.0000
mixtral-dev68,7,sim,gate,6.882049237,6.882228367,0.000179130,280.0000
mixtral-dev68,7,sim,idle,6.882228367,6.882228528,0.000000162,84.0000
mixtral-dev68,7,sim,experts,6.882228528,6.901447017,0.019218489,700.0000
mixtral-dev68,7,sim,idle,6.901447017,6.903020740,0.001573722,84.0000
mixtral-dev68,7,sim,experts,6.903020740,6.922799599,0.019778859,700.0000
mixtral-dev68,7,sim,idle,6.922799599,6.936598859,0.013799260,84.0000
mixtral-dev68,7,sim,idle,6.936598859,6.936599021,0.000000162,84.0000
mixtral-dev68,7,sim,idle,6.936599021,6.936599182,0.000000162,84.0000
mixtral-dev68,7,sim,gate,6.936599182,6.936691781,0.000092598,280.0000
mixtral-dev68,7,sim,idle,6.936691781,6.936694265,0.000002484,84.0000
mixtral-dev68,7,sim,addnorm,6.936694265,6.936696351,0.000002086,140.0000
mixtral-dev68,7,sim,idle,6.936696351,6.936696512,0.000000162,84.0000
mixtral-dev68,7,sim,addnorm,6.936696512,6.936989280,0.000292768,140.0000
mixtral-dev68,7,sim,idle,6.936989280,6.936989442,0.000000162,84.0000
mixtral-dev68,7,sim,attention,6.936989442,6.961605374,0.024615932,700.0000
mixtral-dev68,7,sim,idle,6.961605374,7.045792332,0.084186958,84.0000
mixtral-dev68,8,sim,idle,7.045792332,7.121711582,0.075919250,84.0000
mixtral-dev68,8,sim,attention,7.121711582,7.134019548,0.012307966,700.0000
mixtral-dev68,8,sim,idle,7.134019548,7.134019709,0.000000162,84.0000
mixtral-dev68,8,sim,addnorm,7.134019709,7.134163914,0.000144205,140.0000
mixtral-dev68,8,sim,idle,7.134163914,7.134164076,0.000000162,84.0000
mixtral-dev68,8,sim,addnorm,7.134164076,7.134166616,0.000002540,140.0000
mixtral-dev68,8,sim,idle,7.134166616,7.134166778,0.000000162,84.0000
mixtral-dev68,8,sim,gate,7.134166778,7.134205200,0.000038422,280.0000
mixtral-dev68,8,sim,idle,7.134205200,7.134207684,0.000002484,84.0000
mixtral-dev68,8,sim,idle,7.134207684,7.134207846,0.000000162,84.0000
mixtral-dev68,8,sim,gate,7.134207846,7.134224950,0.000017104,280.0000
mixtral-dev68,8,sim,idle,7.134224950,7.137372504,0.003147554,84.0000
mixtral-dev68,8,sim,experts,7.137372504,7.148212504,0.010840001,700.0000
mixtral-dev68,8,sim,idle,7.148212504,7.153718124,0.005505620,84.0000
mixtral-dev68,8,sim,experts,7.153718124,7.163369512,0.009651388,700.0000
mixtral-dev68,8,sim,idle,7.163369512,7.164943234,0.001573722,84.0000
mixtral-dev68,8,sim,experts,7.164943234,7.178420412,0.013477177,700.0000
mixtral-dev68,8,sim,idle,7.178420412,7.197496780,0.019076368,84.0000
mixtral-dev68,8,sim,idle,7.197496780,7.197496942,0.000000162,84.0000
mixtral-dev68,8,sim,addnorm,7.197496942,7.197641146,0.000144205,140.0000
mixtral-dev68,8,sim,idle,7.197641146,7.197641308,0.000000162,84.0000
mixtral-dev68,8,sim,addnorm,7.197641308,7.197643846,0.000002538,140.0000
mixtral-dev68,8,sim,idle,7.197643846,7.197645772,0.000001927,84.0000
mixtral-dev68,8,sim,attention,7.197645772,7.209953738,0.012307966,700.0000
mixtral-dev68,8,sim,idle,7.209953738,7.209953900,0.000000162,84.0000
mixtral-dev68,8,sim,addnorm,7.209953900,7.210098105,0.000144205,140.0000
mixtral-dev68,8,sim,idle,7.210098105,7.210098266,0.000000162,84.0000
mixtral-dev68,8,sim,addnorm,7.210098266,7.210100807,0.000002540,140.0000
mixtral-dev68,8,sim,idle,7.210100807,7.210100969,0.000000162,84.0000
mixtral-dev68,8,sim,gate,7.210100969,7.210139391,0.000038422,280.0000
mixtral-dev68,8,sim,idle,7.210139391,7.210141875,0.000002484,84.0000
mixtral-dev68,8,sim,idle,7.210141875,7.210142037,0.000000162,84.0000
mixtral-dev68,8,sim,gate,7.210142037,7.210159141,0.000017104,280.0000
mixtral-dev68,8,sim,idle,7.210159141,7.213306695,0.003147554,84.0000
mixtral-dev68,8,sim,experts,7.213306695,7.224146695,0.010840001,700.0000
mixtral-dev68,8,sim,idle,7.224146695,7.229652315,0.005505620,84.0000
mixtral-dev68,8,sim,experts,7.229652315,7.239303703,0.009651388,700.0000
mixtral-dev68,8,sim,idle,7.239303703,7.240877425,0.001573722,84.0000
mixtral-dev68,8,sim,experts,7.240877425,7.254354603,0.013477177,700.0000
mixtral-dev68,8,sim,idle,7.254354603,7.273430971,0.019076368,84.0000
mixtral-dev68,8,sim,idle,7.273430971,7.273431132,0.000000162,84.0000
mixtral-dev68,8,sim,addnorm,7.273431132,7.273575337,0.000144205,140.0000
mixtral-dev68,8,sim,idle,7.273575337,7.273575499,0.000000162,84.0000
mixtral-dev68,8,sim,addnorm,7.273575499,7.273578036,0.000002538,140.0000
mixtral-dev68,8,sim,attention,7.273578036,7.285886002,0.012307966,700.0000
mixtral-dev68,8,sim,idle,7.285886002,7.285886164,0.000000162,84.0000
mixtral-dev68,8,sim,addnorm,7.285886164,7.286030369,0.000144205,140.0000
mixtral-dev68,8,sim,idle,7.286030369,7.286030530,0.000000162,84.0000
mixtral-dev68,8,sim,addnorm,7.286030530,7.286033071,0.000002540,140.0000
mixtral-dev68,8,sim,idle,7.286033071,7.286033233,0.000000162,84.0000
mixtral-dev68,8,sim,gate,7.286033233,7.286071655,0.000038422,280.0000
mixtral-dev68,8,sim,idle,7.286071655,7.286074139,0.000002484,84.0000
mixtral-dev68,8,sim,idle,7.286074139,7.286074301,0.000000162,84.0000
mixtral-dev68,8,sim,gate,7.286074301,7.286091405,0.000017104,280.0000
mixtral-dev68,8,sim,idle,7.286091405,7.289221855,0.003130450,84.0000
mixtral-dev68,8,sim,experts,7.289221855,7.300061855,0.010840001,700.0000
mixtral-dev68,8,sim,idle,7.300061855,7.305567475,0.005505620,84.0000
mixtral-dev68,8,sim,experts,7.305567475,7.315218863,0.009651388,700.0000
mixtral-dev68,8,sim,idle,7.315218863,7.316792585,0.001573722,84.0000
mixtral-dev68,8,sim,experts,7.316792585,7.330269763,0.013477177,700.0000
mixtral-dev68,8,sim,idle,7.330269763,7.349346131,0.019076368,84.0000
mixtral-dev68,8,sim,idle,7.349346131,7.349346292,0.000000162,84.0000
mixtral-dev68,8,sim,addnorm,7.349346292,7.349490497,0.000144205,140.0000
mixtral-dev68,8,sim,idle,7.349490497,7.349490659,0.000000162,84.0000
mixtral-dev68,8,sim,addnorm,7.349490659,7.349493196,0.000002538,140.0000
mixtral-dev68,8,sim,attention,7.349493196,7.361801162,0.012307966,700.0000
mixtral-dev68,8,sim,idle,7.361801162,7.361801324,0.000000162,84.0000
mixtral-dev68,8,sim,addnorm,7.361801324,7.361945529,0.000144205,140.0000
mixtral-dev68,8,sim,idle,7.361945529,7.361945690,0.000000162,84.0000
mixtral-dev68,8,sim,addnorm,7.361945690,7.361948231,0.000002540,140.0000
mixtral-dev68,8,sim,idle,7.361948231,7.361948393,0.000000162,84.0000
mixtral-dev68,8,sim,gate,7.361948393,7.361986815,0.000038422,280.0000
mixtral-dev68,8,sim,idle,7.361986815,7.361989299,0.000002484,84.0000
mixtral-dev68,8,sim,idle,7.361989299,7.361989461,0.000000162,84.0000
mixtral-dev68,8,sim,gate,7.361989461,7.362006565,0.000017104,280.0000
mixtral-dev68,8,sim,idle,7.362006565,7.365137015,0.003130450,84.0000
mixtral-dev68,8,sim,experts,7.365137015,7.375977015,0.010840001,700.0000
mixtral-dev68,8,sim,idle,7.375977015,7.381482635,0.005505620,84.0000
mixtral-dev68,8,sim,experts,7.381482635,7.391134023,0.009651388,700.0000
mixtral-dev68,8,sim,idle,7.391134023,7.392707745,0.001573722,84.0000
mixtral-dev68,8,sim,experts,7.392707745,7.406184923,0.013477177,700.0000
mixtral-dev68,8,sim,idle,7.406184923,7.425261291,0.019076368,84.0000
mixtral-dev68,8,sim,idle,7.425261291,7.425261452,0.000000162,84.0000
mixtral-dev68,8,sim,addnorm,7.425261452,7.425405657,0.000144205,140.0000
mixtral-dev68,8,sim,idle,7.425405657,7.425405819,0.000000162,84.0000
mixtral-dev68,8,sim,addnorm,7.425405819,7.425408356,0.000002538,140.0000
mixtral-dev68,8,sim,idle,7.425408356,7.566303847,0.140895491,84.0000
mixtral-dev68,8,sim,addnorm,7.566303847,7.566305936,0.000002089,140.0000
mixtral-dev68,8,sim,idle,7.566305936,7.566306098,0.000000162,84.0000
mixtral-dev68,8,sim,addnorm,7.566306098,7.566598866,0.000292768,140.0000
mixtral-dev68,8,sim,idle,7.566598866,7.566599027,0.000000162,84.0000
mixtral-dev68,8,sim,idle,7.566599027,7.566599189,0.000000162,84.0000
mixtral-dev68,8,sim,gate,7.566599189,7.566602507,0.000003318,280.0000
mixtral-dev68,8,sim,idle,7.566602507,7.570934066,0.004331559,84.0000
mixtral-dev68,8,sim,gate,7.570934066,7.571113196,0.000179130,280.0000
mixtral-dev68,8,sim,idle,7.571113196,7.571113358,0.000000162,84.0000
mixtral-dev68,8,sim,experts,7.571113358,7.590331847,0.019218489,700.0000
mixtral-dev68,8,sim,idle,7.590331847,7.591905569,0.001573722,84.0000
mixtral-dev68,8,sim,experts,7.591905569,7.611684428,0.019778859,700.0000
mixtral-dev68,8,sim,idle,7.611684428,7.625483688,0.013799260,84.0000
mixtral-dev68,8,sim,idle,7.625483688,7.625483850,0.000000162,84.0000
mixtral-dev68,8,sim,idle,7.625483850,7.625484012,0.000000162,84.0000
mixtral-dev68,8,sim,gate,7.625484012,7.625576610,0.000092598,280.0000
mixtral-dev68,8,sim,idle,7.625576610,7.625579094,0.000002484,84.0000
mixtral-dev68,8,sim,addnorm,7.625579094,7.625581180,0.000002086,140.0000
mixtral-dev68,8,sim,idle,7.625581180,7.625581342,0.000000162,84.0000
mixtral-dev68,8,sim,addnorm,7.625581342,7.625874110,0.000292768,140.0000
mixtral-dev68,8,sim,idle,7.625874110,7.625874271,0.000000162,84.0000
mixtral-dev68,8,sim,attention,7.625874271,7.650490203,0.024615932,700.0000
mixtral-dev68,8,sim,idle,7.650490203,7.673477766,0.022987563,84.0000
mixtral-dev68,8,sim,addnorm,7.673477766,7.673479855,0.000002089,140.0000
mixtral-dev68,8,sim,idle,7.673479855,7.673480016,0.000000162,84.0000
mixtral-dev68,8,sim,addnorm,7.673480016,7.673772784,0.000292768,140.0000
mixtral-dev68,8,sim,idle,7.673772784,7.673772946,0.000000162,84.0000
mixtral-dev68,8,sim,idle,7.673772946,7.673773108,0.000000162,84.0000
mixtral-dev68,8,sim,gate,7.673773108,7.673776426,0.000003318,280.0000
mixtral-dev68,8,sim,idle,7.673776426,7.678107985,0.004331559,84.0000
mixtral-dev68,8,sim,gate,7.678107985,7.678287115,0.000179130,280.0000
mixtral-dev68,8,sim,idle,7.678287115,7.678287276,0.000000162,84.0000
mixtral-dev68,8,sim,experts,7.678287276,7.697505766,0.019218489,700.0000
mixtral-dev68,8,sim,idle,7.697505766,7.699079488,0.001573722,84.0000
mixtral-dev68,8,sim,experts,7.699079488,7.718858347,0.019778859,700.0000
mixtral-dev68,8,sim,idle,7.718858347,7.732657607,0.013799260,84.0000
mixtral-dev68,8,sim,idle,7.732657607,7.732657769,0.000000162,84.0000
mixtral-dev68,8,sim,idle,7.732657769,7.732657930,0.000000162,84.0000
mixtral-dev68,8,sim,gate,7.732657930,7.732750529,0.000092598,280.0000
mixtral-dev68,8,sim,idle,7.732750529,7.732753013,0.000002484,84.0000
mixtral-dev68,8,sim,addnorm,7.732753013,7.732755099,0.000002086,140.0000
mixtral-dev68,8,sim,idle,7.732755099,7.732755261,0.000000162,84.0000
mixtral-dev68,8,sim,addnorm,7.732755261,7.733048029,0.000292768,140.0000
mixtral-dev68,8,sim,idle,7.733048029,7.733048190,0.000000162,84.0000
mixtral-dev68,8,sim,attention,7.733048190,7.757664122,0.024615932,700.0000
mixtral-dev68,8,sim,idle,7.757664122,7.793448454,0.035784332,84.0000
mixtral-dev68,8,sim,addnorm,7.793448454,7.793450543,0.000002089,140.0000
mixtral-dev68,8,sim,idle,7.793450543,7.793450704,0.000000162,84.0000
mixtral-dev68,8,sim,addnorm,7.793450704,7.793743472,0.000292768,140.0000
mixtral-dev68,8,sim,idle,7.793743472,7.793743634,0.000000162,84.0000
mixtral-dev68,8,sim,idle,7.793743634,7.793743796,0.000000162,84.0000
mixtral-dev68,8,sim,gate,7.793743796,7.793747114,0.000003318,280.0000
mixtral-dev68,8,sim,idle,7.793747114,7.798078673,0.004331559,84.0000
mixtral-dev68,8,sim,gate,7.798078673,7.798257803,0.000179130,280.0000
mixtral-dev68,8,sim,idle,7.798257803,7.798257964,0.000000162,84.0000
mixtral-dev68,8,sim,experts,7.798257964,7.817476454,0.019218489,700.0000
mixtral-dev68,8,sim,idle,7.817476454,7.819050176,0.001573722,84.0000
mixtral-dev68,8,sim,experts,7.819050176,7.838829035,0.019778859,700.0000
mixtral-dev68,8,sim,idle,7.838829035,7.852628295,0.013799260,84.0000
mixtral-dev68,8,sim,idle,7.852628295,7.852628457,0.000000162,84.0000
mixtral-dev68,8,sim,idle,7.852628457,7.852628618,0.000000162,84.0000
mixtral-dev68,8,sim,gate,7.852628618,7.852721217,0.000092598,280.0000
mixtral-dev68,8,sim,idle,7.852721217,7.852723701,0.000002484,84.0000
mixtral-dev68,8,sim,addnorm,7.852723701,7.852725787,0.000002086,140.0000
mixtral-dev68,8,sim,idle,7.852725787,7.852725949,0.000000162,84.0000
mixtral-dev68,8,sim,addnorm,7.852725949,7.853018717,0.000292768,140.0000
mixtral-dev68,8,sim,idle,7.853018717,7.853018878,0.000000162,84.0000
mixtral-dev68,8,sim,attention,7.853018878,7.877634810,0.024615932,700.0000
mixtral-dev68,8,sim,idle,7.877634810,7.883960780,0.006325970,84.0000
mixtral-dev68,8,sim,addnorm,7.883960780,7.883962868,0.000002089,140.0000
mixtral-dev68,8,sim,idle,7.883962868,7.883963030,0.000000162,84.0000
mixtral-dev68,8,sim,addnorm,7.883963030,7.884255798,0.000292768,140.0000
mixtral-dev68,8,sim,idle,7.884255798,7.884255960,0.000000162,84.0000
mixtral-dev68,8,sim,idle,7.884255960,7.884256121,0.000000162,84.0000
mixtral-dev68,8,sim,gate,7.884256121,7.884259440,0.000003318,280.0000
mixtral-dev68,8,sim,idle,7.884259440,7.888590999,0.004331559,84.0000
mixtral-dev68,8,sim,gate,7.888590999,7.888770128,0.000179130,280.0000
mixtral-dev68,8,sim,idle,7.888770128,7.888770290,0.000000162,84.0000
mixtral-dev68,8,sim,experts,7.888770290,7.907988779,0.019218489,700.0000
mixtral-dev68,8,sim,idle,7.907988779,7.909562501,0.001573722,84.0000
mixtral-dev68,8,sim,experts,7.909562501,7.929341360,0.019778859,700.0000
mixtral-dev68,8,sim,idle,7.929341360,7.943140621,0.013799260,84.0000
mixtral-dev68,8,sim,idle,7.943140621,7.943140782,0.000000162,84.0000
mixtral-dev68,8,sim,idle,7.943140782,7.943140944,0.000000162,84.0000
mixtral-dev68,8,sim,gate,7.943140944,7.943233542,0.000092598,280.0000
mixtral-dev68,8,sim,idle,7.943233542,7.943236026,0.000002484,84.0000
mixtral-dev68,8,sim,addnorm,7.943236026,7.943238112,0.000002086,140.0000
mixtral-dev68,8,sim,idle,7.943238112,7.943238274,0.000000162,84.0000
mixtral-dev68,8,sim,addnorm,7.943238274,7.943531042,0.000292768,140.0000
mixtral-dev68,8,sim,idle,7.943531042,7.943531204,0.000000162,84.0000
mixtral-dev68,8,sim,attention,7.943531204,7.968147136,0.024615932,700.0000
mixtral-dev68,8,sim,idle,7.968147136,8.052334094,0.084186958,84.0000
mixtral-dev68,9,sim,idle,8.052334094,8.128253343,0.075919250,84.0000
mixtral-dev68,9,sim,attention,8.128253343,8.140561309,0.012307966,700.0000
mixtral-dev68,9,sim,idle,8.140561309,8.140561471,0.000000162,84.0000
mixtral-dev68,9,sim,addnorm,8.140561471,8.140705676,0.000144205,140.0000
mixtral-dev68,9,sim,idle,8.140705676,8.140705837,0.000000162,84.0000
mixtral-dev68,9,sim,addnorm,8.140705837,8.140708378,0.000002540,140.0000
mixtral-dev68,9,sim,idle,8.140708378,8.140708539,0.000000162,84.0000
mixtral-dev68,9,sim,gate,8.140708539,8.140746962,0.000038422,280.0000
mixtral-dev68,9,sim,idle,8.140746962,8.140749446,0.000002484,84.0000
mixtral-dev68,9,sim,idle,8.140749446,8.140749607,0.000000162,84.0000
mixtral-dev68,9,sim,gate,8.140749607,8.140766711,0.000017104,280.0000
mixtral-dev68,9,sim,idle,8.140766711,8.143914265,0.003147554,84.0000
mixtral-dev68,9,sim,experts,8.143914265,8.154754266,0.010840001,700.0000
mixtral-dev68,9,sim,idle,8.154754266,8.160259886,0.005505620,84.0000
mixtral-dev68,9,sim,experts,8.160259886,8.169911274,0.009651388,700.0000
mixtral-dev68,9,sim,idle,8.169911274,8.171484996,0.001573722,84.0000
mixtral-dev68,9,sim,experts,8.171484996,8.184962173,0.013477177,700.0000
mixtral-dev68,9,sim,idle,8.184962173,8.204038542,0.019076368,84.0000
mixtral-dev68,9,sim,idle,8.204038542,8.204038703,0.000000162,84.0000
mixtral-dev68,9,sim,addnorm,8.204038703,8.204182908,0.000144205,140.0000
mixtral-dev68,9,sim,idle,8.204182908,8.204183070,0.000000162,84.0000
mixtral-dev68,9,sim,addnorm,8.204183070,8.204185607,0.000002538,140.0000
mixtral-dev68,9,sim,idle,8.204185607,8.204187534,0.000001927,84.0000
mixtral-dev68,9,sim,attention,8.204187534,8.216495500,0.012307966,700.0000
mixtral-dev68,9,sim,idle,8.216495500,8.216495662,0.000000162,84.0000
mixtral-dev68,9,sim,addnorm,8.216495662,8.216639867,0.000144205,140.0000
mixtral-dev68,9,sim,idle,8.216639867,8.216640028,0.000000162,84.0000
mixtral-dev68,9,sim,addnorm,8.216640028,8.216642569,0.000002540,140.0000
mixtral-dev68,9,sim,idle,8.216642569,8.216642730,0.000000162,84.0000
mixtral-dev68,9,sim,gate,8.216642730,8.216681153,0.000038422,280.0000
mixtral-dev68,9,sim,idle,8.216681153,8.216683637,0.000002484,84.0000
mixtral-dev68,9,sim,idle,8.216683637,8.216683798,0.000000162,84.0000
mixtral-dev68,9,sim,gate,8.216683798,8.216700902,0.000017104,280.0000
mixtral-dev68,9,sim,idle,8.216700902,8.219848456,0.003147554,84.0000
mixtral-dev68,9,sim,experts,8.219848456,8.230688457,0.010840001,700.0000
mixtral-dev68,9,sim,idle,8.230688457,8.236194077,0.005505620,84.0000
mixtral-dev68,9,sim,experts,8.236194077,8.245845465,0.009651388,700.0000
mixtral-dev68,9,sim,idle,8.245845465,8.247419187,0.001573722,84.0000
mixtral-dev68,9,sim,experts,8.247419187,8.260896364,0.013477177,700.0000
mixtral-dev68,9,sim,idle,8.260896364,8.279972733,0.019076368,84.0000
mixtral-dev68,9,sim,idle,8.279972733,8.279972894,0.000000162,84.0000
mixtral-dev68,9,sim,addnorm,8.279972894,8.280117099,0.000144205,140.0000
mixtral-dev68,9,sim,idle,8.280117099,8.280117261,0.000000162,84.0000
mixtral-dev68,9,sim,addnorm,8.280117261,8.280119798,0.000002538,140.0000
mixtral-dev68,9,sim,attention,8.280119798,8.292427764,0.012307966,700.0000
mixtral-dev68,9,sim,idle,8.292427764,8.292427926,0.000000162,84.0000
mixtral-dev68,9,sim,addnorm,8.292427926,8.292572131,0.000144205,140.0000
mixtral-dev68,9,sim,idle,8.292572131,8.292572292,0.000000162,84.0000
mixtral-dev68,9,sim,addnorm,8.292572292,8.292574833,0.000002540,140.0000
mixtral-dev68,9,sim,idle,8.292574833,8.292574994,0.000000162,84.0000
mixtral-dev68,9,sim,gate,8.292574994,8.292613417,0.000038422,280.0000
mixtral-dev68,9,sim,idle,8.292613417,8.292615901,0.000002484,84.0000
mixtral-dev68,9,sim,idle,8.292615901,8.292616062,0.000000162,84.0000
mixtral-dev68,9,sim,gate,8.292616062,8.292633166,0.000017104,280.0000
mixtral-dev68,9,sim,idle,8.292633166,8.295763616,0.003130450,84.0000
mixtral-dev68,9,sim,experts,8.295763616,8.306603617,0.010840001,700.0000
mixtral-dev68,9,sim,idle,8.306603617,8.312109237,0.005505620,84.0000
mixtral-dev68,9,sim,experts,8.312109237,8.321760625,0.009651388,700.0000
mixtral-dev68,9,sim,idle,8.321760625,8.323334347,0.001573722,84.0000
mixtral-dev68,9,sim,experts,8.323334347,8.336811524,0.013477177,700.0000
mixtral-dev68,9,sim,idle,8.336811524,8.355887893,0.019076368,84.0000
mixtral-dev68,9,sim,idle,8.355887893,8.355888054,0.000000162,84.0000
mixtral-dev68,9,sim,addnorm,8.355888054,8.356032259,0.000144205,140.0000
mixtral-dev68,9,sim,idle,8.356032259,8.356032421,0.000000162,84.0000
mixtral-dev68,9,sim,addnorm,8.356032421,8.356034958,0.000002538,140.0000
mixtral-dev68,9,sim,attention,8.356034958,8.368342924,0.012307966,700.0000
mixtral-dev68,9,sim,idle,8.368342924,8.368343086,0.000000162,84.0000
mixtral-dev68,9,sim,addnorm,8.368343086,8.368487291,0.000144205,140.0000
mixtral-dev68,9,sim,idle,8.368487291,8.368487452,0.000000162,84.0000
mixtral-dev68,9,sim,addnorm,8.368487452,8.368489993,0.000002540,140.0000
mixtral-dev68,9,sim,idle,8.368489993,8.368490154,0.000000162,84.0000
mixtral-dev68,9,sim,gate,8.368490154,8.368528577,0.000038422,280.0000
mixtral-dev68,9,sim,idle,8.368528577,8.368531061,0.000002484,84.0000
mixtral-dev68,9,sim,idle,8.368531061,8.368531222,0.000000162,84.0000
mixtral-dev68,9,sim,gate,8.368531222,8.368548326,0.000017104,280.0000
mixtral-dev68,9,sim,idle,8.368548326,8.371678776,0.003130450,84.0000
mixtral-dev68,9,sim,experts,8.371678776,8.382518777,0.010840001,700.0000
mixtral-dev68,9,sim,idle,8.382518777,8.388024397,0.005505620,84.0000
mixtral-dev68,9,sim,experts,8.388024397,8.397675785,0.009651388,700.0000
mixtral-dev68,9,sim,idle,8.397675785,8.399249507,0.001573722,84.0000
mixtral-dev68,9,sim,experts,8.399249507,8.412726684,0.013477177,700.0000
mixtral-dev68,9,sim,idle,8.412726684,8.431803053,0.019076368,84.0000
mixtral-dev68,9,sim,idle,8.431803053,8.431803214,0.000000162,84.0000
mixtral-dev68,9,sim,addnorm,8.431803214,8.431947419,0.000144205,140.0000
mixtral-dev68,9,sim,idle,8.431947419,8.431947581,0.000000162,84.0000
mixtral-dev68,9,sim,addnorm,8.431947581,8.431950118,0.000002538,140.0000
mixtral-dev68,9,sim,idle,8.431950118,8.572845609,0.140895491,84.0000
mixtral-dev68,9,sim,addnorm,8.572845609,8.572847698,0.000002089,140.0000
mixtral-dev68,9,sim,idle,8.572847698,8.572847859,0.000000162,84.0000
mixtral-dev68,9,sim,addnorm,8.572847859,8.573140627,0.000292768,140.0000
mixtral-dev68,9,sim,idle,8.573140627,8.573140789,0.000000162,84.0000
mixtral-dev68,9,sim,idle,8.573140789,8.573140951,0.000000162,84.0000
mixtral-dev68,9,sim,gate,8.573140951,8.573144269,0.000003318,280.0000
mixtral-dev68,9,sim,idle,8.573144269,8.577475828,0.004331559,84.0000
mixtral-dev68,9,sim,gate,8.577475828,8.577654958,0.000179130,280.0000
mixtral-dev68,9,sim,idle,8.577654958,8.577655119,0.000000162,84.0000
mixtral-dev68,9,sim,experts,8.577655119,8.596873609,0.019218489,700.0000
mixtral-dev68,9,sim,idle,8.596873609,8.598447331,0.001573722,84.0000
mixtral-dev68,9,sim,experts,8.598447331,8.618226190,0.019778859,700.0000
mixtral-dev68,9,sim,idle,8.618226190,8.632025450,0.013799260,84.0000
mixtral-dev68,9,sim,idle,8.632025450,8.632025612,0.000000162,84.0000
mixtral-dev68,9,sim,idle,8.632025612,8.632025773,0.000000162,84.0000
mixtral-dev68,9,sim,gate,8.632025773,8.632118372,0.000092598,280.0000
mixtral-dev68,9,sim,idle,8.632118372,8.632120856,0.000002484,84.0000
mixtral-dev68,9,sim,addnorm,8.632120856,8.632122942,0.000002086,140.0000
mixtral-dev68,9,sim,idle,8.632122942,8.632123104,0.000000162,84.0000
mixtral-dev68,9,sim,addnorm,8.632123104,8.632415872,0.000292768,140.0000
mixtral-dev68,9,sim,idle,8.632415872,8.632416033,0.000000162,84.0000
mixtral-dev68,9,sim,attention,8.632416033,8.657031965,0.024615932,700.0000
mixtral-dev68,9,sim,idle,8.657031965,8.680019528,0.022987563,84.0000
mixtral-dev68,9,sim,addnorm,8.680019528,8.680021616,0.000002089,140.0000
mixtral-dev68,9,sim,idle,8.680021616,8.680021778,0.000000162,84.0000
mixtral-dev68,9,sim,addnorm,8.680021778,8.680314546,0.000292768,140.0000
mixtral-dev68,9,sim,idle,8.680314546,8.680314708,0.000000162,84.0000
mixtral-dev68,9,sim,idle,8.680314708,8.680314869,0.000000162,84.0000
mixtral-dev68,9,sim,gate,8.680314869,8.680318188,0.000003318,280.0000
mixtral-dev68,9,sim,idle,8.680318188,8.684649747,0.004331559,84.0000
mixtral-dev68,9,sim,gate,8.684649747,8.684828876,0.000179130,280.0000
mixtral-dev68,9,sim,idle,8.684828876,8.684829038,0.000000162,84.0000
mixtral-dev68,9,sim,experts,8.684829038,8.704047527,0.019218489,700.0000
mixtral-dev68,9,sim,idle,8.704047527,8.705621249,0.001573722,84.0000
mixtral-dev68,9,sim,experts,8.705621249,8.725400108,0.019778859,700.0000
mixtral-dev68,9,sim,idle,8.725400108,8.739199369,0.013799260,84.0000
mixtral-dev68,9,sim,idle,8.739199369,8.739199530,0.000000162,84.0000
mixtral-dev68,9,sim,idle,8.739199530,8.739199692,0.000000162,84.0000
mixtral-dev68,9,sim,gate,8.739199692,8.739292290,0.000092598,280.0000
mixtral-dev68,9,sim,idle,8.739292290,8.739294775,0.000002484,84.0000
mixtral-dev68,9,sim,addnorm,8.739294775,8.739296861,0.000002086,140.0000
mixtral-dev68,9,sim,idle,8.739296861,8.739297022,0.000000162,84.0000
mixtral-dev68,9,sim,addnorm,8.739297022,8.739589790,0.000292768,140.0000
mixtral-dev68,9,sim,idle,8.739589790,8.739589952,0.000000162,84.0000
mixtral-dev68,9,sim,attention,8.739589952,8.764205884,0.024615932,700.0000
mixtral-dev68,9,sim,idle,8.764205884,8.799990216,0.035784332,84.0000
mixtral-dev68,9,sim,addnorm,8.799990216,8.799992304,0.000002089,140.0000
mixtral-dev68,9,sim,idle,8.799992304,8.799992466,0.000000162,84.0000
mixtral-dev68,9,sim,addnorm,8.799992466,8.800285234,0.000292768,140.0000
mixtral-dev68,9,sim,idle,8.800285234,8.800285396,0.000000162,84.0000
mixtral-dev68,9,sim,idle,8.800285396,8.800285557,0.000000162,84.0000
mixtral-dev68,9,sim,gate,8.800285557,8.800288876,0.000003318,280.0000
mixtral-dev68,9,sim,idle,8.800288876,8.804620435,0.004331559,84.0000
mixtral-dev68,9,sim,gate,8.804620435,8.804799564,0.000179130,280.0000
mixtral-dev68,9,sim,idle,8.804799564,8.804799726,0.000000162,84.0000
mixtral-dev68,9,sim,experts,8.804799726,8.824018215,0.019218489,700.0000
mixtral-dev68,9,sim,idle,8.824018215,8.825591937,0.001573722,84.0000
mixtral-dev68,9,sim,experts,8.825591937,8.845370796,0.019778859,700.0000
mixtral-dev68,9,sim,idle,8.845370796,8.859170057,0.013799260,84.0000
mixtral-dev68,9,sim,idle,8.859170057,8.859170218,0.000000162,84.0000
mixtral-dev68,9,sim,idle,8.859170218,8.859170380,0.000000162,84.0000
mixtral-dev68,9,sim,gate,8.859170380,8.859262978,0.000092598,280.0000
mixtral-dev68,9,sim,idle,8.859262978,8.859265463,0.000002484,84.0000
mixtral-dev68,9,sim,addnorm,8.859265463,8.859267549,0.000002086,140.0000
mixtral-dev68,9,sim,idle,8.859267549,8.859267710,0.000000162,84.0000
mixtral-dev68,9,sim,addnorm,8.859267710,8.859560478,0.000292768,140.0000
mixtral-dev68,9,sim,idle,8.859560478,8.859560640,0.000000162,84.0000
mixtral-dev68,9,sim,attention,8.859560640,8.884176572,0.024615932,700.0000
mixtral-dev68,9,sim,idle,8.884176572,8.890502541,0.006325970,84.0000
mixtral-dev68,9,sim,addnorm,8.890502541,8.890504630,0.000002089,140.0000
mixtral-dev68,9,sim,idle,8.890504630,8.890504792,0.000000162,84.0000
mixtral-dev68,9,sim,addnorm,8.890504792,8.890797560,0.000292768,140.0000
mixtral-dev68,9,sim,idle,8.890797560,8.890797721,0.000000162,84.0000
mixtral-dev68,9,sim,idle,8.890797721,8.890797883,0.000000162,84.0000
mixtral-dev68,9,sim,gate,8.890797883,8.890801201,0.000003318,280.0000
mixtral-dev68,9,sim,idle,8.890801201,8.895132760,0.004331559,84.0000
mixtral-dev68,9,sim,gate,8.895132760,8.895311890,0.000179130,280.0000
mixtral-dev68,9,sim,idle,8.895311890,8.895312052,0.000000162,84.0000
mixtral-dev68,9,sim,experts,8.895312052,8.914530541,0.019218489,700.0000
mixtral-dev68,9,sim,idle,8.914530541,8.916104263,0.001573722,84.0000
mixtral-dev68,9,sim,experts,8.916104263,8.935883122,0.019778859,700.0000
mixtral-dev68,9,sim,idle,8.935883122,8.949682382,0.013799260,84.0000
mixtral-dev68,9,sim,idle,8.949682382,8.949682544,0.000000162,84.0000
mixtral-dev68,9,sim,idle,8.949682544,8.949682706,0.000000162,84.0000
mixtral-dev68,9,sim,gate,8.949682706,8.949775304,0.000092598,280.0000
mixtral-dev68,9,sim,idle,8.949775304,8.949777788,0.000002484,84.0000
mixtral-dev68,9,sim,addnorm,8.949777788,8.949779874,0.000002086,140.0000
mixtral-dev68,9,sim,idle,8.949779874,8.949780036,0.000000162,84.0000
mixtral-dev68,9,sim,addnorm,8.949780036,8.950072804,0.000292768,140.0000
mixtral-dev68,9,sim,idle,8.950072804,8.950072965,0.000000162,84.0000
mixtral-dev68,9,sim,attention,8.950072965,8.974688897,0.024615932,700.0000
mixtral-dev68,9,sim,idle,8.974688897,9.058875855,0.084186958,84.0000
mixtral-dev68,10,sim,idle,9.058875855,9.134795105,0.075919250,84.0000
mixtral-dev68,10,sim,attention,9.134795105,9.147103071,0.012307966,700.0000
mixtral-dev68,10,sim,idle,9.147103071,9.147103233,0.000000162,84.0000
mixtral-dev68,10,sim,addnorm,9.147103233,9.147247437,0.000144205,140.0000
mixtral-dev68,10,sim,idle,9.147247437,9.147247599,0.000000162,84.0000
mixtral-dev68,10,sim,addnorm,9.147247599,9.147250139,0.000002540,140.0000
mixtral-dev68,10,sim,idle,9.147250139,9.147250301,0.000000162,84.0000
mixtral-dev68,10,sim,gate,9.147250301,9.147288723,0.000038422,280.0000
mixtral-dev68,10,sim,idle,9.147288723,9.147291208,0.000002484,84.0000
mixtral-dev68,10,sim,idle,9.147291208,9.147291369,0.000000162,84.0000
mixtral-dev68,10,sim,gate,9.147291369,9.147308473,0.000017104,280.0000
mixtral-dev68,10,sim,idle,9.147308473,9.150456027,0.003147554,84.0000
mixtral-dev68,10,sim,experts,9.150456027,9.161296028,0.010840001,700.0000
mixtral-dev68,10,sim,idle,9.161296028,9.166801647,0.005505620,84.0000
mixtral-dev68,10,sim,experts,9.166801647,9.176453036,0.009651388,700.0000
mixtral-dev68,10,sim,idle,9.176453036,9.178026758,0.001573722,84.0000
mixtral-dev68,10,sim,experts,9.178026758,9.191503935,0.013477177,700.0000
mixtral-dev68,10,sim,idle,9.191503935,9.210580303,0.019076368,84.0000
mixtral-dev68,10,sim,idle,9.210580303,9.210580465,0.000000162,84.0000
mixtral-dev68,10,sim,addnorm,9.210580465,9.210724670,0.000144205,140.0000
mixtral-dev68,10,sim,idle,9.210724670,9.210724831,0.000000162,84.0000
mixtral-dev68,10,sim,addnorm,9.210724831,9.210727369,0.000002538,140.0000
mixtral-dev68,10,sim,idle,9.210727369,9.210729296,0.000001927,84.0000
mixtral-dev68,10,sim,attention,9.210729296,9.223037262,0.012307966,700.0000
mixtral-dev68,10,sim,idle,9.223037262,9.223037423,0.000000162,84.0000
mixtral-dev68,10,sim,addnorm,9.223037423,9.223181628,0.000144205,140.0000
mixtral-dev68,10,sim,idle,9.223181628,9.223181790,0.000000162,84.0000
mixtral-dev68,10,sim,addnorm,9.223181790,9.223184330,0.000002540,140.0000
mixtral-dev68,10,sim,idle,9.223184330,9.223184492,0.000000162,84.0000
mixtral-dev68,10,sim,gate,9.223184492,9.223222914,0.000038422,280.0000
mixtral-dev68,10,sim,idle,9.223222914,9.223225398,0.000002484,84.0000
mixtral-dev68,10,sim,idle,9.223225398,9.223225560,0.000000162,84.0000
mixtral-dev68,10,sim,gate,9.223225560,9.223242664,0.000017104,280.0000
mixtral-dev68,10,sim,idle,9.223242664,9.226390218,0.003147554,84.0000
mixtral-dev68,10,sim,experts,9.226390218,9.237230218,0.010840001,700.0000
mixtral-dev68,10,sim,idle,9.237230218,9.242735838,0.005505620,84.0000
mixtral-dev68,10,sim,experts,9.242735838,9.252387227,0.009651388,700.0000
mixtral-dev68,10,sim,idle,9.252387227,9.253960949,0.001573722,84.0000
mixtral-dev68,10,sim,experts,9.253960949,9.267438126,0.013477177,700.0000
mixtral-dev68,10,sim,idle,9.267438126,9.286514494,0.019076368,84.0000
mixtral-dev68,10,sim,idle,9.286514494,9.286514656,0.000000162,84.0000
mixtral-dev68,10,sim,addnorm,9.286514656,9.286658861,0.000144205,140.0000
mixtral-dev68,10,sim,idle,9.286658861,9.286659022,0.000000162,84.0000
mixtral-dev68,10,sim,addnorm,9.286659022,9.286661560,0.000002538,140.0000
mixtral-dev68,10,sim,attention,9.286661560,9.298969526,0.012307966,700.0000
mixtral-dev68,10,sim,idle,9.298969526,9.298969687,0.000000162,84.0000
mixtral-dev68,10,sim,addnorm,9.298969687,9.299113892,0.000144205,140.0000
mixtral-dev68,10,sim,idle,9.299113892,9.299114054,0.000000162,84.0000
mixtral-dev68,10,sim,addnorm,9.299114054,9.299116594,0.000002540,140.0000
mixtral-dev68,10,sim,idle,9.299116594,9.299116756,0.000000162,84.0000
mixtral-dev68,10,sim,gate,9.299116756,9.299155178,0.000038422,280.0000
mixtral-dev68,10,sim,idle,9.299155178,9.299157662,0.000002484,84.0000
mixtral-dev68,10,sim,idle,9.299157662,9.299157824,0.000000162,84.0000
mixtral-dev68,10,sim,gate,9.299157824,9.299174928,0.000017104,280.0000
mixtral-dev68,10,sim,idle,9.299174928,9.302305378,0.003130450,84.0000
mixtral-dev68,10,sim,experts,9.302305378,9.313145378,0.010840001,700.0000
mixtral-dev68,10,sim,idle,9.313145378,9.318650998,0.005505620,84.0000
mixtral-dev68,10,sim,experts,9.318650998,9.328302387,0.009651388,700.0000
mixtral-dev68,10,sim,idle,9.328302387,9.329876109,0.001573722,84.0000
mixtral-dev68,10,sim,experts,9.329876109,9.343353286,0.013477177,700.0000
mixtral-dev68,10,sim,idle,9.343353286,9.362429654,0.019076368,84.0000
mixtral-dev68,10,sim,idle,9.362429654,9.362429816,0.000000162,84.0000
mixtral-dev68,10,sim,addnorm,9.362429816,9.362574021,0.000144205,140.0000
mixtral-dev68,10,sim,idle,9.362574021,9.362574182,0.000000162,84.0000
mixtral-dev68,10,sim,addnorm,9.362574182,9.362576720,0.000002538,140.0000
mixtral-dev68,10,sim,attention,9.362576720,9.374884686,0.012307966,700.0000
mixtral-dev68,10,sim,idle,9.374884686,9.374884847,0.000000162,84.0000
mixtral-dev68,10,sim,addnorm,9.374884847,9.375029052,0.000144205,140.0000
mixtral-dev68,10,sim,idle,9.375029052,9.375029214,0.000000162,84.0000
mixtral-dev68,10,sim,addnorm,9.375029214,9.375031754,0.000002540,140.0000
mixtral-dev68,10,sim,idle,9.375031754,9.375031916,0.000000162,84.0000
mixtral-dev68,10,sim,gate,9.375031916,9.375070338,0.000038422,280.0000
mixtral-dev68,10,sim,idle,9.375070338,9.375072822,0.000002484,84.0000
mixtral-dev68,10,sim,idle,9.375072822,9.375072984,0.000000162,84.0000
mixtral-dev68,10,sim,gate,9.375072984,9.375090088,0.000017104,280.0000
mixtral-dev68,10,sim,idle,9.375090088,9.378220538,0.003130450,84.0000
mixtral-dev68,10,sim,experts,9.378220538,9.389060538,0.010840001,700.0000
mixtral-dev68,10,sim,idle,9.389060538,9.394566158,0.005505620,84.0000
mixtral-dev68,10,sim,experts,9.394566158,9.404217547,0.009651388,700.0000
mixtral-dev68,10,sim,idle,9.404217547,9.405791269,0.001573722,84.0000
mixtral-dev68,10,sim,experts,9.405791269,9.419268446,0.013477177,700.0000
mixtral-dev68,10,sim,idle,9.419268446,9.438344814,0.019076368,84.0000
mixtral-dev68,10,sim,idle,9.438344814,9.438344976,0.000000162,84.0000
mixtral-dev68,10,sim,addnorm,9.438344976,9.438489181,0.000144205,140.0000
mixtral-dev68,10,sim,idle,9.438489181,9.438489342,0.000000162,84.0000
mixtral-dev68,10,sim,addnorm,9.438489342,9.438491880,0.000002538,140.0000
mixtral-dev68,10,sim,idle,9.438491880,9.579387371,0.140895491,84.0000
mixtral-dev68,10,sim,addnorm,9.579387371,9.579389459,0.000002089,140.0000
mixtral-dev68,10,sim,idle,9.579389459,9.579389621,0.000000162,84.0000
mixtral-dev68,10,sim,addnorm,9.579389621,9.579682389,0.000292768,140.0000
mixtral-dev68,10,sim,idle,9.579682389,9.579682551,0.000000162,84.0000
mixtral-dev68,10,sim,idle,9.579682551,9.579682712,0.000000162,84.0000
mixtral-dev68,10,sim,gate,9.579682712,9.579686031,0.000003318,280.0000
mixtral-dev68,10,sim,idle,9.579686031,9.584017590,0.004331559,84.0000
mixtral-dev68,10,sim,gate,9.584017590,9.584196719,0.000179130,280.0000
mixtral-dev68,10,sim,idle,9.584196719,9.584196881,0.000000162,84.0000
mixtral-dev68,10,sim,experts,9.584196881,9.603415370,0.019218489,700.0000
mixtral-dev68,10,sim,idle,9.603415370,9.604989092,0.001573722,84.0000
mixtral-dev68,10,sim,experts,9.604989092,9.624767951,0.019778859,700.0000
mixtral-dev68,10,sim,idle,9.624767951,9.638567212,0.013799260,84.0000
mixtral-dev68,10,sim,idle,9.638567212,9.638567373,0.000000162,84.0000
mixtral-dev68,10,sim,idle,9.638567373,9.638567535,0.000000162,84.0000
mixtral-dev68,10,sim,gate,9.638567535,9.638660133,0.000092598,280.0000
mixtral-dev68,10,sim,idle,9.638660133,9.638662618,0.000002484,84.0000
mixtral-dev68,10,sim,addnorm,9.638662618,9.638664704,0.000002086,140.0000
mixtral-dev68,10,sim,idle,9.638664704,9.638664865,0.000000162,84.0000
mixtral-dev68,10,sim,addnorm,9.638664865,9.638957633,0.000292768,140.0000
mixtral-dev68,10,sim,idle,9.638957633,9.638957795,0.000000162,84.0000
mixtral-dev68,10,sim,attention,9.638957795,9.663573727,0.024615932,700.0000
mixtral-dev68,10,sim,idle,9.663573727,9.686561290,0.022987563,84.0000
mixtral-dev68,10,sim,addnorm,9.686561290,9.686563378,0.000002089,140.0000
mixtral-dev68,10,sim,idle,9.686563378,9.686563540,0.000000162,84.0000
mixtral-dev68,10,sim,addnorm,9.686563540,9.686856308,0.000292768,140.0000
mixtral-dev68,10,sim,idle,9.686856308,9.686856469,0.000000162,84.0000
mixtral-dev68,10,sim,idle,9.686856469,9.686856631,0.000000162,84.0000
mixtral-dev68,10,sim,gate,9.686856631,9.686859949,0.000003318,280.0000
mixtral-dev68,10,sim,idle,9.686859949,9.691191509,0.004331559,84.0000
mixtral-dev68,10,sim,gate,9.691191509,9.691370638,0.000179130,280.0000
mixtral-dev68,10,sim,idle,9.691370638,9.691370800,0.000000162,84.0000
mixtral-dev68,10,sim,experts,9.691370800,9.710589289,0.019218489,700.0000
mixtral-dev68,10,sim,idle,9.710589289,9.712163011,0.001573722,84.0000
mixtral-dev68,10,sim,experts,9.712163011,9.731941870,0.019778859,700.0000
mixtral-dev68,10,sim,idle,9.731941870,9.745741131,0.013799260,84.0000
mixtral-dev68,10,sim,idle,9.745741131,9.745741292,0.000000162,84.0000
mixtral-dev68,10,sim,idle,9.745741292,9.745741454,0.000000162,84.0000
mixtral-dev68,10,sim,gate,9.745741454,9.745834052,0.000092598,280.0000
mixtral-dev68,10,sim,idle,9.745834052,9.745836536,0.000002484,84.0000
mixtral-dev68,10,sim,addnorm,9.745836536,9.745838622,0.000002086,140.0000
mixtral-dev68,10,sim,idle,9.745838622,9.745838784,0.000000162,84.0000
mixtral-dev68,10,sim,addnorm,9.745838784,9.746131552,0.000292768,140.0000
mixtral-dev68,10,sim,idle,9.746131552,9.746131714,0.000000162,84.0000
mixtral-dev68,10,sim,attention,9.746131714,9.770747645,0.024615932,700.0000
mixtral-dev68,10,sim,idle,9.770747645,9.806531978,0.035784332,84.0000
mixtral-dev68,10,sim,addnorm,9.806531978,9.806534066,0.000002089,140.0000
mixtral-dev68,10,sim,idle,9.806534066,9.806534228,0.000000162,84.0000
mixtral-dev68,10,sim,addnorm,9.806534228,9.806826996,0.000292768,140.0000
mixtral-dev68,10,sim,idle,9.806826996,9.806827157,0.000000162,84.0000
mixtral-dev68,10,sim,idle,9.806827157,9.806827319,0.000000162,84.0000
mixtral-dev68,10,sim,gate,9.806827319,9.806830637,0.000003318,280.0000
mixtral-dev68,10,sim,idle,9.806830637,9.811162197,0.004331559,84.0000
mixtral-dev68,10,sim,gate,9.811162197,9.811341326,0.000179130,280.0000
mixtral-dev68,10,sim,idle,9.811341326,9.811341488,0.000000162,84.0000
mixtral-dev68,10,sim,experts,9.811341488,9.830559977,0.019218489,700.0000
mixtral-dev68,10,sim,idle,9.830559977,9.832133699,0.001573722,84.0000
mixtral-dev68,10,sim,experts,9.832133699,9.851912558,0.019778859,700.0000
mixtral-dev68,10,sim,idle,9.851912558,9.865711818,0.013799260,84.0000
mixtral-dev68,10,sim,idle,9.865711818,9.865711980,0.000000162,84.0000
mixtral-dev68,10,sim,idle,9.865711980,9.865712142,0.000000162,84.0000
mixtral-dev68,10,sim,gate,9.865712142,9.865804740,0.000092598,280.0000
mixtral-dev68,10,sim,idle,9.865804740,9.865807224,0.000002484,84.0000
mixtral-dev68,10,sim,addnorm,9.865807224,9.865809310,0.000002086,140.0000
mixtral-dev68,10,sim,idle,9.865809310,9.865809472,0.000000162,84.0000
mixtral-dev68,10,sim,addnorm,9.865809472,9.866102240,0.000292768,140.0000
mixtral-dev68,10,sim,idle,9.866102240,9.866102402,0.000000162,84.0000
mixtral-dev68,10,sim,attention,9.866102402,9.890718333,0.024615932,700.0000
mixtral-dev68,10,sim,idle,9.890718333,9.897044303,0.006325970,84.0000
mixtral-dev68,10,sim,addnorm,9.897044303,9.897046392,0.000002089,140.0000
mixtral-dev68,10,sim,idle,9.897046392,9.897046553,0.000000162,84.0000
mixtral-dev68,10,sim,addnorm,9.897046553,9.897339321,0.000292768,140.0000
mixtral-dev68,10,sim,idle,9.897339321,9.897339483,0.000000162,84.0000
mixtral-dev68,10,sim,idle,9.897339483,9.897339644,0.000000162,84.0000
mixtral-dev68,10,sim,gate,9.897339644,9.897342963,0.000003318,280.0000
mixtral-dev68,10,sim,idle,9.897342963,9.901674522,0.004331559,84.0000
mixtral-dev68,10,sim,gate,9.901674522,9.901853652,0.000179130,280.0000
mixtral-dev68,10,sim,idle,9.901853652,9.901853813,0.000000162,84.0000
mixtral-dev68,10,sim,experts,9.901853813,9.921072303,0.019218489,700.0000
mixtral-dev68,10,sim,idle,9.921072303,9.922646025,0.001573722,84.0000
mixtral-dev68,10,sim,experts,9.922646025,9.942424884,0.019778859,700.0000
mixtral-dev68,10,sim,idle,9.942424884,9.956224144,0.013799260,84.0000
mixtral-dev68,10,sim,idle,9.956224144,9.956224306,0.000000162,84.0000
mixtral-dev68,10,sim,idle,9.956224306,9.956224467,0.000000162,84.0000
mixtral-dev68,10,sim,gate,9.956224467,9.956317066,0.000092598,280.0000
mixtral-dev68,10,sim,idle,9.956317066,9.956319550,0.000002484,84.0000
mixtral-dev68,10,sim,addnorm,9.956319550,9.956321636,0.000002086,140.0000
mixtral-dev68,10,sim,idle,9.956321636,9.956321797,0.000000162,84.0000
mixtral-dev68,10,sim,addnorm,9.956321797,9.956614565,0.000292768,140.0000
mixtral-dev68,10,sim,idle,9.956614565,9.956614727,0.000000162,84.0000
mixtral-dev68,10,sim,attention,9.956614727,9.981230659,0.024615932,700.0000
mixtral-dev68,10,sim,idle,9.981230659,10.065417617,0.084186958,84.0000
