iteration,round_id,layer,mb,info,ready_s,start_s,finish_s
1,0,0,0,GROUP_BY forward all2all,0.448365792,0.448365792,0.448756204
1,1,0,0,GROUP_BY forward all2all,0.448365792,0.448365792,0.448756204
1,2,0,0,AGGREGATE forward all2all,0.489809242,0.489809242,0.490199925
1,3,0,0,AGGREGATE forward all2all,0.489809242,0.489809242,0.490199925
1,4,0,0,GROUP_BY forward all2all,0.502862286,0.502862286,0.503252698
1,5,0,0,GROUP_BY forward all2all,0.502862286,0.502862286,0.503252698
1,6,0,0,AGGREGATE forward all2all,0.544305736,0.544305736,0.544696419
1,7,0,0,AGGREGATE forward all2all,0.544305736,0.544305736,0.544696419
1,8,0,0,GROUP_BY forward all2all,0.557339749,0.557339749,0.557730161
1,9,0,0,GROUP_BY forward all2all,0.557339749,0.557339749,0.557730161
1,10,0,0,AGGREGATE forward all2all,0.598783199,0.598783199,0.599173882
1,11,0,0,AGGREGATE forward all2all,0.598783199,0.598783199,0.599173882
1,12,0,0,GROUP_BY forward all2all,0.611817212,0.611817212,0.612207624
1,13,0,0,GROUP_BY forward all2all,0.611817212,0.611817212,0.612207624
1,14,0,0,AGGREGATE forward all2all,0.653260662,0.653260662,0.653651345
1,15,0,0,AGGREGATE forward all2all,0.653260662,0.653260662,0.653651345
1,16,0,0,GROUP_BY forward all2all,0.666311779,0.666311779,0.666702191
1,17,0,0,GROUP_BY forward all2all,0.666311779,0.666311779,0.666702191
1,18,0,0,AGGREGATE forward all2all,0.707755229,0.707755229,0.708145912
1,19,0,0,AGGREGATE forward all2all,0.707755229,0.707755229,0.708145912
1,20,0,0,GROUP_BY forward all2all,0.720808273,0.720808273,0.721198685
1,21,0,0,GROUP_BY forward all2all,0.720808273,0.720808273,0.721198685
1,22,0,0,AGGREGATE forward all2all,0.762251723,0.762251723,0.762642406
1,23,0,0,AGGREGATE forward all2all,0.762251723,0.762251723,0.762642406
1,24,0,0,GROUP_BY forward all2all,0.775285736,0.775285736,0.775676148
1,25,0,0,GROUP_BY forward all2all,0.775285736,0.775285736,0.775676148
1,26,0,0,AGGREGATE forward all2all,0.816729186,0.816729186,0.817119869
1,27,0,0,AGGREGATE forward all2all,0.816729186,0.816729186,0.817119869
1,28,0,0,GROUP_BY forward all2all,0.829763199,0.829763199,0.830153611
1,29,0,0,GROUP_BY forward all2all,0.829763199,0.829763199,0.830153611
1,30,0,0,AGGREGATE forward all2all,0.871206649,0.871206649,0.871597332
1,31,0,0,AGGREGATE forward all2all,0.871206649,0.871206649,0.871597332
1,32,0,0,GROUP_BY forward all2all,0.884257766,0.884257766,0.884648178
1,33,0,0,GROUP_BY forward all2all,0.884257766,0.884257766,0.884648178
1,34,0,0,AGGREGATE forward all2all,0.925701216,0.925701216,0.926091899
1,35,0,0,AGGREGATE forward all2all,0.925701216,0.925701216,0.926091899
1,36,0,0,GROUP_BY forward all2all,0.938754260,0.938754260,0.939144672
1,37,0,0,GROUP_BY forward all2all,0.938754260,0.938754260,0.939144672
1,38,0,0,AGGREGATE forward all2all,0.980197710,0.980197710,0.980588393
1,39,0,0,AGGREGATE forward all2all,0.980197710,0.980197710,0.980588393
1,40,0,0,GROUP_BY forward all2all,0.993231723,0.993231723,0.993622135
1,41,0,0,GROUP_BY forward all2all,0.993231723,0.993231723,0.993622135
1,42,0,0,AGGREGATE forward all2all,1.034675173,1.034675173,1.035065856
1,43,0,0,AGGREGATE forward all2all,1.034675173,1.034675173,1.035065856
1,44,0,0,GROUP_BY forward all2all,1.047709186,1.047709186,1.048099598
1,45,0,0,GROUP_BY forward all2all,1.047709186,1.047709186,1.048099598
1,46,0,0,AGGREGATE forward all2all,1.089152636,1.089152636,1.089543319
1,47,0,0,AGGREGATE forward all2all,1.089152636,1.089152636,1.089543319
1,48,0,0,GROUP_BY forward all2all,1.102203753,1.102203753,1.102594165
1,49,0,0,GROUP_BY forward all2all,1.102203753,1.102203753,1.102594165
1,50,0,0,AGGREGATE forward all2all,1.143647203,1.143647203,1.144037886
1,51,0,0,AGGREGATE forward all2all,1.143647203,1.143647203,1.144037886
1,52,0,0,GROUP_BY forward all2all,1.156700247,1.156700247,1.157090659
1,53,0,0,GROUP_BY forward all2all,1.156700247,1.156700247,1.157090659
1,54,0,0,AGGREGATE forward all2all,1.198143697,1.198143697,1.198534380
1,55,0,0,AGGREGATE forward all2all,1.198143697,1.198143697,1.198534380
1,56,0,0,GROUP_BY forward all2all,1.211177710,1.211177710,1.211568122
1,57,0,0,GROUP_BY forward all2all,1.211177710,1.211177710,1.211568122
1,58,0,0,AGGREGATE forward all2all,1.252621160,1.252621160,1.253011843
1,59,0,0,AGGREGATE forward all2all,1.252621160,1.252621160,1.253011843
1,60,0,0,GROUP_BY forward all2all,1.265655173,1.265655173,1.266045585
1,61,0,0,GROUP_BY forward all2all,1.265655173,1.265655173,1.266045585
1,62,0,0,AGGREGATE forward all2all,1.307098623,1.307098623,1.307489306
1,63,0,0,AGGREGATE forward all2all,1.307098623,1.307098623,1.307489306
1,64,0,0,GROUP_BY forward all2all,1.320149740,1.320149740,1.320540152
1,65,0,0,GROUP_BY forward all2all,1.320149740,1.320149740,1.320540152
1,66,0,0,AGGREGATE forward all2all,1.361593190,1.361593190,1.361983873
1,67,0,0,AGGREGATE forward all2all,1.361593190,1.361593190,1.361983873
1,68,0,0,GROUP_BY forward all2all,1.374646234,1.374646234,1.375036646
1,69,0,0,GROUP_BY forward all2all,1.374646234,1.374646234,1.375036646
1,70,0,0,AGGREGATE forward all2all,1.416089684,1.416089684,1.416480367
1,71,0,0,AGGREGATE forward all2all,1.416089684,1.416089684,1.416480367
1,72,0,0,GROUP_BY forward all2all,1.429123697,1.429123697,1.429514109
1,73,0,0,GROUP_BY forward all2all,1.429123697,1.429123697,1.429514109
1,74,0,0,AGGREGATE forward all2all,1.470567147,1.470567147,1.470957830
1,75,0,0,AGGREGATE forward all2all,1.470567147,1.470567147,1.470957830
1,76,0,0,GROUP_BY forward all2all,1.483601160,1.483601160,1.483991572
1,77,0,0,GROUP_BY forward all2all,1.483601160,1.483601160,1.483991572
1,78,0,0,AGGREGATE forward all2all,1.525044610,1.525044610,1.525435293
1,79,0,0,AGGREGATE forward all2all,1.525044610,1.525044610,1.525435293
1,80,0,0,GROUP_BY forward all2all,1.538095727,1.538095727,1.538486139
1,81,0,0,GROUP_BY forward all2all,1.538095727,1.538095727,1.538486139
1,82,0,0,AGGREGATE forward all2all,1.579539177,1.579539177,1.579929860
1,83,0,0,AGGREGATE forward all2all,1.579539177,1.579539177,1.579929860
1,84,0,0,GROUP_BY forward all2all,1.592592221,1.592592221,1.592982633
1,85,0,0,GROUP_BY forward all2all,1.592592221,1.592592221,1.592982633
1,86,0,0,AGGREGATE forward all2all,1.634035671,1.634035671,1.634426354
1,87,0,0,AGGREGATE forward all2all,1.634035671,1.634035671,1.634426354
1,88,0,0,GROUP_BY forward all2all,1.647069684,1.647069684,1.647460096
1,89,0,0,GROUP_BY forward all2all,1.647069684,1.647069684,1.647460096
1,90,0,0,AGGREGATE forward all2all,1.688513134,1.688513134,1.688903817
1,91,0,0,AGGREGATE forward all2all,1.688513134,1.688513134,1.688903817
1,92,0,0,GROUP_BY forward all2all,1.701547147,1.701547147,1.701937559
1,93,0,0,GROUP_BY forward all2all,1.701547147,1.701547147,1.701937559
1,94,0,0,AGGREGATE forward all2all,1.742990597,1.742990597,1.743381280
1,95,0,0,AGGREGATE forward all2all,1.742990597,1.742990597,1.743381280
1,96,0,0,GROUP_BY forward all2all,1.756041714,1.756041714,1.756432126
1,97,0,0,GROUP_BY forward all2all,1.756041714,1.756041714,1.756432126
1,98,0,0,AGGREGATE forward all2all,1.797485164,1.797485164,1.797875847
1,99,0,0,AGGREGATE forward all2all,1.797485164,1.797485164,1.797875847
1,100,0,0,GROUP_BY forward all2all,1.810538208,1.810538208,1.810928620
1,101,0,0,GROUP_BY forward all2all,1.810538208,1.810538208,1.810928620
1,102,0,0,AGGREGATE forward all2all,1.851981658,1.851981658,1.852372341
1,103,0,0,AGGREGATE forward all2all,1.851981658,1.851981658,1.852372341
1,104,0,0,GROUP_BY forward all2all,1.865015671,1.865015671,1.865406083
1,105,0,0,GROUP_BY forward all2all,1.865015671,1.865015671,1.865406083
1,106,0,0,AGGREGATE forward all2all,1.906459121,1.906459121,1.906849804
1,107,0,0,AGGREGATE forward all2all,1.906459121,1.906459121,1.906849804
1,108,0,0,GROUP_BY forward all2all,1.919493134,1.919493134,1.919883546
1,109,0,0,GROUP_BY forward all2all,1.919493134,1.919493134,1.919883546
1,110,0,0,AGGREGATE forward all2all,1.960936584,1.960936584,1.961327267
1,111,0,0,AGGREGATE forward all2all,1.960936584,1.960936584,1.961327267
1,112,0,0,GROUP_BY forward all2all,1.973987701,1.973987701,1.974378113
1,113,0,0,GROUP_BY forward all2all,1.973987701,1.973987701,1.974378113
1,114,0,0,AGGREGATE forward all2all,2.015431151,2.015431151,2.015821834
1,115,0,0,AGGREGATE forward all2all,2.015431151,2.015431151,2.015821834
1,116,0,0,GROUP_BY forward all2all,2.028484195,2.028484195,2.028874607
1,117,0,0,GROUP_BY forward all2all,2.028484195,2.028484195,2.028874607
1,118,0,0,AGGREGATE forward all2all,2.069927645,2.069927645,2.070318328
1,119,0,0,AGGREGATE forward all2all,2.069927645,2.069927645,2.070318328
1,120,0,0,GROUP_BY forward all2all,2.082961658,2.082961658,2.083352070
1,121,0,0,GROUP_BY forward all2all,2.082961658,2.082961658,2.083352070
1,122,0,0,AGGREGATE forward all2all,2.124405108,2.124405108,2.124795791
1,123,0,0,AGGREGATE forward all2all,2.124405108,2.124405108,2.124795791
1,124,0,0,GROUP_BY forward all2all,2.137439121,2.137439121,2.137829533
1,125,0,0,GROUP_BY forward all2all,2.137439121,2.137439121,2.137829533
1,126,0,0,AGGREGATE forward all2all,2.178882571,2.178882571,2.179273254
1,127,0,0,AGGREGATE forward all2all,2.178882571,2.178882571,2.179273254
1,128,0,0,AGGREGATE backward all2all,3.259748526,3.259748526,3.260173023
1,129,0,0,AGGREGATE backward all2all,3.259771428,3.259771428,3.260195922
1,130,0,0,GROUP_BY backward all2all,3.306429187,3.306429187,3.306837161
1,131,0,0,GROUP_BY backward all2all,3.306452086,3.306452086,3.306856798
1,132,0,0,AGGREGATE backward all2all,3.332135591,3.332135591,3.332560088
1,133,0,0,AGGREGATE backward all2all,3.332158493,3.332158493,3.332582987
1,134,0,0,GROUP_BY backward all2all,3.378816252,3.378816252,3.379224226
1,135,0,0,GROUP_BY backward all2all,3.378839151,3.378839151,3.379243863
1,136,0,0,AGGREGATE backward all2all,3.404522656,3.404522656,3.404947153
1,137,0,0,AGGREGATE backward all2all,3.404545558,3.404545558,3.404970052
1,138,0,0,GROUP_BY backward all2all,3.451203317,3.451203317,3.451611291
1,139,0,0,GROUP_BY backward all2all,3.451226216,3.451226216,3.451630928
1,140,0,0,AGGREGATE backward all2all,3.476909721,3.476909721,3.477334218
1,141,0,0,AGGREGATE backward all2all,3.476932623,3.476932623,3.477357117
1,142,0,0,GROUP_BY backward all2all,3.523590382,3.523590382,3.523998356
1,143,0,0,GROUP_BY backward all2all,3.523613281,3.523613281,3.524017993
1,144,0,0,AGGREGATE backward all2all,3.549296786,3.549296786,3.549721283
1,145,0,0,AGGREGATE backward all2all,3.549319688,3.549319688,3.549744182
1,146,0,0,GROUP_BY backward all2all,3.595977447,3.595977447,3.596385421
1,147,0,0,GROUP_BY backward all2all,3.596000346,3.596000346,3.596405058
1,148,0,0,AGGREGATE backward all2all,3.621683851,3.621683851,3.622108348
1,149,0,0,AGGREGATE backward all2all,3.621706753,3.621706753,3.622131247
1,150,0,0,GROUP_BY backward all2all,3.668364512,3.668364512,3.668772486
1,151,0,0,GROUP_BY backward all2all,3.668387411,3.668387411,3.668792123
1,152,0,0,AGGREGATE backward all2all,3.694070916,3.694070916,3.694495413
1,153,0,0,AGGREGATE backward all2all,3.694093818,3.694093818,3.694518312
1,154,0,0,GROUP_BY backward all2all,3.740751577,3.740751577,3.741159551
1,155,0,0,GROUP_BY backward all2all,3.740774476,3.740774476,3.741179188
1,156,0,0,AGGREGATE backward all2all,3.766457981,3.766457981,3.766882478
1,157,0,0,AGGREGATE backward all2all,3.766480883,3.766480883,3.766905377
1,158,0,0,GROUP_BY backward all2all,3.813138642,3.813138642,3.813546616
1,159,0,0,GROUP_BY backward all2all,3.813161541,3.813161541,3.813566253
1,160,0,0,AGGREGATE backward all2all,4.197296748,4.197296748,4.197721241
1,161,0,0,AGGREGATE backward all2all,4.197316861,4.197316861,4.197741355
1,162,0,0,GROUP_BY backward all2all,4.243977405,4.243977405,4.244384888
1,163,0,0,GROUP_BY backward all2all,4.243997519,4.243997519,4.244402105
1,164,0,0,AGGREGATE backward all2all,4.269686583,4.269686583,4.270111076
1,165,0,0,AGGREGATE backward all2all,4.269706696,4.269706696,4.270131190
1,166,0,0,GROUP_BY backward all2all,4.316367240,4.316367240,4.316774723
1,167,0,0,GROUP_BY backward all2all,4.316387354,4.316387354,4.316791940
1,168,0,0,AGGREGATE backward all2all,4.342076418,4.342076418,4.342500911
1,169,0,0,AGGREGATE backward all2all,4.342096531,4.342096531,4.342521025
1,170,0,0,GROUP_BY backward all2all,4.388757075,4.388757075,4.389164558
1,171,0,0,GROUP_BY backward all2all,4.388777189,4.388777189,4.389181775
1,172,0,0,AGGREGATE backward all2all,4.414466253,4.414466253,4.414890746
1,173,0,0,AGGREGATE backward all2all,4.414486366,4.414486366,4.414910860
1,174,0,0,GROUP_BY backward all2all,4.461146910,4.461146910,4.461554393
1,175,0,0,GROUP_BY backward all2all,4.461167024,4.461167024,4.461571610
1,176,0,0,AGGREGATE backward all2all,4.486856088,4.486856088,4.487280581
1,177,0,0,AGGREGATE backward all2all,4.486876201,4.486876201,4.487300695
1,178,0,0,GROUP_BY backward all2all,4.533536745,4.533536745,4.533944228
1,179,0,0,GROUP_BY backward all2all,4.533556859,4.533556859,4.533961445
1,180,0,0,AGGREGATE backward all2all,4.559245923,4.559245923,4.559670416
1,181,0,0,AGGREGATE backward all2all,4.559266036,4.559266036,4.559690530
1,182,0,0,GROUP_BY backward all2all,4.605926580,4.605926580,4.606334063
1,183,0,0,GROUP_BY backward all2all,4.605946694,4.605946694,4.606351280
1,184,0,0,AGGREGATE backward all2all,4.631635758,4.631635758,4.632060251
1,185,0,0,AGGREGATE backward all2all,4.631655871,4.631655871,4.632080365
1,186,0,0,GROUP_BY backward all2all,4.678316415,4.678316415,4.678723898
1,187,0,0,GROUP_BY backward all2all,4.678336529,4.678336529,4.678741115
1,188,0,0,AGGREGATE backward all2all,4.704025593,4.704025593,4.704450086
1,189,0,0,AGGREGATE backward all2all,4.704045706,4.704045706,4.704470200
1,190,0,0,GROUP_BY backward all2all,4.750706250,4.750706250,4.751113733
1,191,0,0,GROUP_BY backward all2all,4.750726364,4.750726364,4.751130950
1,192,0,0,AGGREGATE backward all2all,5.134925588,5.134925588,5.135350083
1,193,0,0,AGGREGATE backward all2all,5.134934906,5.134934906,5.135359404
1,194,0,0,GROUP_BY backward all2all,5.181606246,5.181606246,5.182011866
1,195,0,0,GROUP_BY backward all2all,5.181615568,5.181615568,5.182019489
1,196,0,0,AGGREGATE backward all2all,5.213637746,5.213637746,5.214062243
1,197,0,0,AGGREGATE backward all2all,5.213645117,5.213645117,5.214069610
1,198,0,0,GROUP_BY backward all2all,5.260318407,5.260318407,5.260723736
1,199,0,0,GROUP_BY backward all2all,5.260325774,5.260325774,5.260729654
1,200,0,0,AGGREGATE backward all2all,5.286025431,5.286025431,5.286449926
1,201,0,0,AGGREGATE backward all2all,5.286034749,5.286034749,5.286459247
1,202,0,0,GROUP_BY backward all2all,5.332706089,5.332706089,5.333111709
1,203,0,0,GROUP_BY backward all2all,5.332715411,5.332715411,5.333119332
1,204,0,0,AGGREGATE backward all2all,5.364737589,5.364737589,5.365162086
1,205,0,0,AGGREGATE backward all2all,5.364744960,5.364744960,5.365169453
1,206,0,0,GROUP_BY backward all2all,5.411418250,5.411418250,5.411823579
1,207,0,0,GROUP_BY backward all2all,5.411425617,5.411425617,5.411829497
1,208,0,0,AGGREGATE backward all2all,5.437125274,5.437125274,5.437549769
1,209,0,0,AGGREGATE backward all2all,5.437134592,5.437134592,5.437559090
1,210,0,0,GROUP_BY backward all2all,5.483805932,5.483805932,5.484211552
1,211,0,0,GROUP_BY backward all2all,5.483815254,5.483815254,5.484219175
1,212,0,0,AGGREGATE backward all2all,5.515837432,5.515837432,5.516261929
1,213,0,0,AGGREGATE backward all2all,5.515844803,5.515844803,5.516269296
1,214,0,0,GROUP_BY backward all2all,5.562518093,5.562518093,5.562923422
1,215,0,0,GROUP_BY backward all2all,5.562525460,5.562525460,5.562929340
1,216,0,0,AGGREGATE backward all2all,5.588225117,5.588225117,5.588649612
1,217,0,0,AGGREGATE backward all2all,5.588234435,5.588234435,5.588658933
1,218,0,0,GROUP_BY backward all2all,5.634905775,5.634905775,5.635311395
1,219,0,0,GROUP_BY backward all2all,5.634915097,5.634915097,5.635319018
1,220,0,0,AGGREGATE backward all2all,5.666937275,5.666937275,5.667361772
1,221,0,0,AGGREGATE backward all2all,5.666944646,5.666944646,5.667369139
1,222,0,0,GROUP_BY backward all2all,5.713617936,5.713617936,5.714023265
1,223,0,0,GROUP_BY backward all2all,5.713625303,5.713625303,5.714029183
1,224,0,0,AGGREGATE backward all2all,5.739324960,5.739324960,5.739749455
1,225,0,0,AGGREGATE backward all2all,5.739334278,5.739334278,5.739758776
1,226,0,0,GROUP_BY backward all2all,5.786005618,5.786005618,5.786411238
1,227,0,0,GROUP_BY backward all2all,5.786014940,5.786014940,5.786418861
1,228,0,0,AGGREGATE backward all2all,5.818037118,5.818037118,5.818461615
1,229,0,0,AGGREGATE backward all2all,5.818044489,5.818044489,5.818468982
1,230,0,0,GROUP_BY backward all2all,5.864717779,5.864717779,5.865123108
1,231,0,0,GROUP_BY backward all2all,5.864725146,5.864725146,5.865129026
1,232,0,0,AGGREGATE backward all2all,5.890424803,5.890424803,5.890849298
1,233,0,0,AGGREGATE backward all2all,5.890434121,5.890434121,5.890858619
1,234,0,0,GROUP_BY backward all2all,5.937105461,5.937105461,5.937511081
1,235,0,0,GROUP_BY backward all2all,5.937114783,5.937114783,5.937518704
1,236,0,0,AGGREGATE backward all2all,5.969136961,5.969136961,5.969561458
1,237,0,0,AGGREGATE backward all2all,5.969144332,5.969144332,5.969568825
1,238,0,0,GROUP_BY backward all2all,6.015817622,6.015817622,6.016222951
1,239,0,0,GROUP_BY backward all2all,6.015824989,6.015824989,6.016228869
1,240,0,0,AGGREGATE backward all2all,6.041524646,6.041524646,6.041949141
1,241,0,0,AGGREGATE backward all2all,6.041533964,6.041533964,6.041958462
1,242,0,0,GROUP_BY backward all2all,6.088205304,6.088205304,6.088610924
1,243,0,0,GROUP_BY backward all2all,6.088214626,6.088214626,6.088618547
1,244,0,0,AGGREGATE backward all2all,6.120236804,6.120236804,6.120661301
1,245,0,0,AGGREGATE backward all2all,6.120244175,6.120244175,6.120668668
1,246,0,0,GROUP_BY backward all2all,6.166917465,6.166917465,6.167322794
1,247,0,0,GROUP_BY backward all2all,6.166924832,6.166924832,6.167328712
1,248,0,0,AGGREGATE backward all2all,6.192624489,6.192624489,6.193048984
1,249,0,0,AGGREGATE backward all2all,6.192633807,6.192633807,6.193058305
1,250,0,0,GROUP_BY backward all2all,6.239305147,6.239305147,6.239710767
1,251,0,0,GROUP_BY backward all2all,6.239314469,6.239314469,6.239718390
1,252,0,0,AGGREGATE backward all2all,6.271336647,6.271336647,6.271761144
1,253,0,0,AGGREGATE backward all2all,6.271344018,6.271344018,6.271768511
1,254,0,0,GROUP_BY backward all2all,6.318017308,6.318017308,6.318422637
1,255,0,0,GROUP_BY backward all2all,6.318024675,6.318024675,6.318428555
2,256,0,0,GROUP_BY forward all2all,7.370665880,7.370665880,7.371056292
2,257,0,0,GROUP_BY forward all2all,7.370665880,7.370665880,7.371056292
2,258,0,0,AGGREGATE forward all2all,7.412109330,7.412109330,7.412500013
2,259,0,0,AGGREGATE forward all2all,7.412109330,7.412109330,7.412500013
2,260,0,0,GROUP_BY forward all2all,7.425162374,7.425162374,7.425552786
2,261,0,0,GROUP_BY forward all2all,7.425162374,7.425162374,7.425552786
2,262,0,0,AGGREGATE forward all2all,7.466605824,7.466605824,7.466996507
2,263,0,0,AGGREGATE forward all2all,7.466605824,7.466605824,7.466996507
2,264,0,0,GROUP_BY forward all2all,7.479639837,7.479639837,7.480030249
2,265,0,0,GROUP_BY forward all2all,7.479639837,7.479639837,7.480030249
2,266,0,0,AGGREGATE forward all2all,7.521083287,7.521083287,7.521473970
2,267,0,0,AGGREGATE forward all2all,7.521083287,7.521083287,7.521473970
2,268,0,0,GROUP_BY forward all2all,7.534117300,7.534117300,7.534507712
2,269,0,0,GROUP_BY forward all2all,7.534117300,7.534117300,7.534507712
2,270,0,0,AGGREGATE forward all2all,7.575560750,7.575560750,7.575951433
2,271,0,0,AGGREGATE forward all2all,7.575560750,7.575560750,7.575951433
2,272,0,0,GROUP_BY forward all2all,7.588611867,7.588611867,7.589002279
2,273,0,0,GROUP_BY forward all2all,7.588611867,7.588611867,7.589002279
2,274,0,0,AGGREGATE forward all2all,7.630055317,7.630055317,7.630446000
2,275,0,0,AGGREGATE forward all2all,7.630055317,7.630055317,7.630446000
2,276,0,0,GROUP_BY forward all2all,7.643108361,7.643108361,7.643498773
2,277,0,0,GROUP_BY forward all2all,7.643108361,7.643108361,7.643498773
2,278,0,0,AGGREGATE forward all2all,7.684551811,7.684551811,7.684942494
2,279,0,0,AGGREGATE forward all2all,7.684551811,7.684551811,7.684942494
2,280,0,0,GROUP_BY forward all2all,7.697585824,7.697585824,7.697976236
2,281,0,0,GROUP_BY forward all2all,7.697585824,7.697585824,7.697976236
2,282,0,0,AGGREGATE forward all2all,7.739029274,7.739029274,7.739419957
2,283,0,0,AGGREGATE forward all2all,7.739029274,7.739029274,7.739419957
2,284,0,0,GROUP_BY forward all2all,7.752063287,7.752063287,7.752453699
2,285,0,0,GROUP_BY forward all2all,7.752063287,7.752063287,7.752453699
2,286,0,0,AGGREGATE forward all2all,7.793506737,7.793506737,7.793897420
2,287,0,0,AGGREGATE forward all2all,7.793506737,7.793506737,7.793897420
2,288,0,0,GROUP_BY forward all2all,7.806557854,7.806557854,7.806948266
2,289,0,0,GROUP_BY forward all2all,7.806557854,7.806557854,7.806948266
2,290,0,0,AGGREGATE forward all2all,7.848001304,7.848001304,7.848391987
2,291,0,0,AGGREGATE forward all2all,7.848001304,7.848001304,7.848391987
2,292,0,0,GROUP_BY forward all2all,7.861054348,7.861054348,7.861444760
2,293,0,0,GROUP_BY forward all2all,7.861054348,7.861054348,7.861444760
2,294,0,0,AGGREGATE forward all2all,7.902497798,7.902497798,7.902888481
2,295,0,0,AGGREGATE forward all2all,7.902497798,7.902497798,7.902888481
2,296,0,0,GROUP_BY forward all2all,7.915531811,7.915531811,7.915922223
2,297,0,0,GROUP_BY forward all2all,7.915531811,7.915531811,7.915922223
2,298,0,0,AGGREGATE forward all2all,7.956975261,7.956975261,7.957365944
2,299,0,0,AGGREGATE forward all2all,7.956975261,7.956975261,7.957365944
2,300,0,0,GROUP_BY forward all2all,7.970009274,7.970009274,7.970399686
2,301,0,0,GROUP_BY forward all2all,7.970009274,7.970009274,7.970399686
2,302,0,0,AGGREGATE forward all2all,8.011452724,8.011452724,8.011843407
2,303,0,0,AGGREGATE forward all2all,8.011452724,8.011452724,8.011843407
2,304,0,0,GROUP_BY forward all2all,8.024503841,8.024503841,8.024894253
2,305,0,0,GROUP_BY forward all2all,8.024503841,8.024503841,8.024894253
2,306,0,0,AGGREGATE forward all2all,8.065947291,8.065947291,8.066337974
2,307,0,0,AGGREGATE forward all2all,8.065947291,8.065947291,8.066337974
2,308,0,0,GROUP_BY forward all2all,8.079000335,8.079000335,8.079390747
2,309,0,0,GROUP_BY forward all2all,8.079000335,8.079000335,8.079390747
2,310,0,0,AGGREGATE forward all2all,8.120443785,8.120443785,8.120834468
2,311,0,0,AGGREGATE forward all2all,8.120443785,8.120443785,8.120834468
2,312,0,0,GROUP_BY forward all2all,8.133477798,8.133477798,8.133868210
2,313,0,0,GROUP_BY forward all2all,8.133477798,8.133477798,8.133868210
2,314,0,0,AGGREGATE forward all2all,8.174921248,8.174921248,8.175311931
2,315,0,0,AGGREGATE forward all2all,8.174921248,8.174921248,8.175311931
2,316,0,0,GROUP_BY forward all2all,8.187955261,8.187955261,8.188345673
2,317,0,0,GROUP_BY forward all2all,8.187955261,8.187955261,8.188345673
2,318,0,0,AGGREGATE forward all2all,8.229398711,8.229398711,8.229789394
2,319,0,0,AGGREGATE forward all2all,8.229398711,8.229398711,8.229789394
2,320,0,0,GROUP_BY forward all2all,8.242449828,8.242449828,8.242840240
2,321,0,0,GROUP_BY forward all2all,8.242449828,8.242449828,8.242840240
2,322,0,0,AGGREGATE forward all2all,8.283893278,8.283893278,8.284283961
2,323,0,0,AGGREGATE forward all2all,8.283893278,8.283893278,8.284283961
2,324,0,0,GROUP_BY forward all2all,8.296946322,8.296946322,8.297336734
2,325,0,0,GROUP_BY forward all2all,8.296946322,8.296946322,8.297336734
2,326,0,0,AGGREGATE forward all2all,8.338389772,8.338389772,8.338780455
2,327,0,0,AGGREGATE forward all2all,8.338389772,8.338389772,8.338780455
2,328,0,0,GROUP_BY forward all2all,8.351423785,8.351423785,8.351814197
2,329,0,0,GROUP_BY forward all2all,8.351423785,8.351423785,8.351814197
2,330,0,0,AGGREGATE forward all2all,8.392867235,8.392867235,8.393257918
2,331,0,0,AGGREGATE forward all2all,8.392867235,8.392867235,8.393257918
2,332,0,0,GROUP_BY forward all2all,8.405901248,8.405901248,8.406291660
2,333,0,0,GROUP_BY forward all2all,8.405901248,8.405901248,8.406291660
2,334,0,0,AGGREGATE forward all2all,8.447344698,8.447344698,8.447735381
2,335,0,0,AGGREGATE forward all2all,8.447344698,8.447344698,8.447735381
2,336,0,0,GROUP_BY forward all2all,8.460395815,8.460395815,8.460786227
2,337,0,0,GROUP_BY forward all2all,8.460395815,8.460395815,8.460786227
2,338,0,0,AGGREGATE forward all2all,8.501839265,8.501839265,8.502229948
2,339,0,0,AGGREGATE forward all2all,8.501839265,8.501839265,8.502229948
2,340,0,0,GROUP_BY forward all2all,8.514892309,8.514892309,8.515282721
2,341,0,0,GROUP_BY forward all2all,8.514892309,8.514892309,8.515282721
2,342,0,0,AGGREGATE forward all2all,8.556335759,8.556335759,8.556726442
2,343,0,0,AGGREGATE forward all2all,8.556335759,8.556335759,8.556726442
2,344,0,0,GROUP_BY forward all2all,8.569369772,8.569369772,8.569760184
2,345,0,0,GROUP_BY forward all2all,8.569369772,8.569369772,8.569760184
2,346,0,0,AGGREGATE forward all2all,8.610813222,8.610813222,8.611203905
2,347,0,0,AGGREGATE forward all2all,8.610813222,8.610813222,8.611203905
2,348,0,0,GROUP_BY forward all2all,8.623847235,8.623847235,8.624237647
2,349,0,0,GROUP_BY forward all2all,8.623847235,8.623847235,8.624237647
2,350,0,0,AGGREGATE forward all2all,8.665290685,8.665290685,8.665681368
2,351,0,0,AGGREGATE forward all2all,8.665290685,8.665290685,8.665681368
2,352,0,0,GROUP_BY forward all2all,8.678341802,8.678341802,8.678732214
2,353,0,0,GROUP_BY forward all2all,8.678341802,8.678341802,8.678732214
2,354,0,0,AGGREGATE forward all2all,8.719785252,8.719785252,8.720175935
2,355,0,0,AGGREGATE forward all2all,8.719785252,8.719785252,8.720175935
2,356,0,0,GROUP_BY forward all2all,8.732838296,8.732838296,8.733228708
2,357,0,0,GROUP_BY forward all2all,8.732838296,8.732838296,8.733228708
2,358,0,0,AGGREGATE forward all2all,8.774281746,8.774281746,8.774672429
2,359,0,0,AGGREGATE forward all2all,8.774281746,8.774281746,8.774672429
2,360,0,0,GROUP_BY forward all2all,8.787315759,8.787315759,8.787706171
2,361,0,0,GROUP_BY forward all2all,8.787315759,8.787315759,8.787706171
2,362,0,0,AGGREGATE forward all2all,8.828759209,8.828759209,8.829149892
2,363,0,0,AGGREGATE forward all2all,8.828759209,8.828759209,8.829149892
2,364,0,0,GROUP_BY forward all2all,8.841793222,8.841793222,8.842183634
2,365,0,0,GROUP_BY forward all2all,8.841793222,8.841793222,8.842183634
2,366,0,0,AGGREGATE forward all2all,8.883236672,8.883236672,8.883627355
2,367,0,0,AGGREGATE forward all2all,8.883236672,8.883236672,8.883627355
2,368,0,0,GROUP_BY forward all2all,8.896287789,8.896287789,8.896678201
2,369,0,0,GROUP_BY forward all2all,8.896287789,8.896287789,8.896678201
2,370,0,0,AGGREGATE forward all2all,8.937731239,8.937731239,8.938121922
2,371,0,0,AGGREGATE forward all2all,8.937731239,8.937731239,8.938121922
2,372,0,0,GROUP_BY forward all2all,8.950784283,8.950784283,8.951174695
2,373,0,0,GROUP_BY forward all2all,8.950784283,8.950784283,8.951174695
2,374,0,0,AGGREGATE forward all2all,8.992227733,8.992227733,8.992618416
2,375,0,0,AGGREGATE forward all2all,8.992227733,8.992227733,8.992618416
2,376,0,0,GROUP_BY forward all2all,9.005261746,9.005261746,9.005652158
2,377,0,0,GROUP_BY forward all2all,9.005261746,9.005261746,9.005652158
2,378,0,0,AGGREGATE forward all2all,9.046705196,9.046705196,9.047095879
2,379,0,0,AGGREGATE forward all2all,9.046705196,9.046705196,9.047095879
2,380,0,0,GROUP_BY forward all2all,9.059739209,9.059739209,9.060129621
2,381,0,0,GROUP_BY forward all2all,9.059739209,9.059739209,9.060129621
2,382,0,0,AGGREGATE forward all2all,9.101182659,9.101182659,9.101573342
2,383,0,0,AGGREGATE forward all2all,9.101182659,9.101182659,9.101573342
2,384,0,0,AGGREGATE backward all2all,10.182048614,10.182048614,10.182473111
2,385,0,0,AGGREGATE backward all2all,10.182071516,10.182071516,10.182496010
2,386,0,0,GROUP_BY backward all2all,10.228729275,10.228729275,10.229137249
2,387,0,0,GROUP_BY backward all2all,10.228752174,10.228752174,10.229156886
2,388,0,0,AGGREGATE backward all2all,10.254435679,10.254435679,10.254860176
2,389,0,0,AGGREGATE backward all2all,10.254458581,10.254458581,10.254883075
2,390,0,0,GROUP_BY backward all2all,10.301116340,10.301116340,10.301524314
2,391,0,0,GROUP_BY backward all2all,10.301139239,10.301139239,10.301543951
2,392,0,0,AGGREGATE backward all2all,10.326822744,10.326822744,10.327247241
2,393,0,0,AGGREGATE backward all2all,10.326845646,10.326845646,10.327270140
2,394,0,0,GROUP_BY backward all2all,10.373503405,10.373503405,10.373911379
2,395,0,0,GROUP_BY backward all2all,10.373526304,10.373526304,10.373931016
2,396,0,0,AGGREGATE backward all2all,10.399209809,10.399209809,10.399634306
2,397,0,0,AGGREGATE backward all2all,10.399232711,10.399232711,10.399657205
2,398,0,0,GROUP_BY backward all2all,10.445890470,10.445890470,10.446298444
2,399,0,0,GROUP_BY backward all2all,10.445913369,10.445913369,10.446318081
2,400,0,0,AGGREGATE backward all2all,10.471596874,10.471596874,10.472021371
2,401,0,0,AGGREGATE backward all2all,10.471619776,10.471619776,10.472044270
2,402,0,0,GROUP_BY backward all2all,10.518277535,10.518277535,10.518685509
2,403,0,0,GROUP_BY backward all2all,10.518300434,10.518300434,10.518705146
2,404,0,0,AGGREGATE backward all2all,10.543983939,10.543983939,10.544408436
2,405,0,0,AGGREGATE backward all2all,10.544006841,10.544006841,10.544431335
2,406,0,0,GROUP_BY backward all2all,10.590664600,10.590664600,10.591072574
2,407,0,0,GROUP_BY backward all2all,10.590687499,10.590687499,10.591092211
2,408,0,0,AGGREGATE backward all2all,10.616371004,10.616371004,10.616795501
2,409,0,0,AGGREGATE backward all2all,10.616393906,10.616393906,10.616818400
2,410,0,0,GROUP_BY backward all2all,10.663051665,10.663051665,10.663459639
2,411,0,0,GROUP_BY backward all2all,10.663074564,10.663074564,10.663479276
2,412,0,0,AGGREGATE backward all2all,10.688758069,10.688758069,10.689182566
2,413,0,0,AGGREGATE backward all2all,10.688780971,10.688780971,10.689205465
2,414,0,0,GROUP_BY backward all2all,10.735438730,10.735438730,10.735846704
2,415,0,0,GROUP_BY backward all2all,10.735461629,10.735461629,10.735866341
2,416,0,0,AGGREGATE backward all2all,11.119596836,11.119596836,11.120021329
2,417,0,0,AGGREGATE backward all2all,11.119616949,11.119616949,11.120041443
2,418,0,0,GROUP_BY backward all2all,11.166277493,11.166277493,11.166684976
2,419,0,0,GROUP_BY backward all2all,11.166297607,11.166297607,11.166702193
2,420,0,0,AGGREGATE backward all2all,11.191986671,11.191986671,11.192411164
2,421,0,0,AGGREGATE backward all2all,11.192006784,11.192006784,11.192431278
2,422,0,0,GROUP_BY backward all2all,11.238667328,11.238667328,11.239074811
2,423,0,0,GROUP_BY backward all2all,11.238687442,11.238687442,11.239092028
2,424,0,0,AGGREGATE backward all2all,11.264376506,11.264376506,11.264800999
2,425,0,0,AGGREGATE backward all2all,11.264396619,11.264396619,11.264821113
2,426,0,0,GROUP_BY backward all2all,11.311057163,11.311057163,11.311464646
2,427,0,0,GROUP_BY backward all2all,11.311077277,11.311077277,11.311481863
2,428,0,0,AGGREGATE backward all2all,11.336766341,11.336766341,11.337190834
2,429,0,0,AGGREGATE backward all2all,11.336786454,11.336786454,11.337210948
2,430,0,0,GROUP_BY backward all2all,11.383446998,11.383446998,11.383854481
2,431,0,0,GROUP_BY backward all2all,11.383467112,11.383467112,11.383871698
2,432,0,0,AGGREGATE backward all2all,11.409156176,11.409156176,11.409580669
2,433,0,0,AGGREGATE backward all2all,11.409176289,11.409176289,11.409600783
2,434,0,0,GROUP_BY backward all2all,11.455836833,11.455836833,11.456244316
2,435,0,0,GROUP_BY backward all2all,11.455856947,11.455856947,11.456261533
2,436,0,0,AGGREGATE backward all2all,11.481546011,11.481546011,11.481970504
2,437,0,0,AGGREGATE backward all2all,11.481566124,11.481566124,11.481990618
2,438,0,0,GROUP_BY backward all2all,11.528226668,11.528226668,11.528634151
2,439,0,0,GROUP_BY backward all2all,11.528246782,11.528246782,11.528651368
2,440,0,0,AGGREGATE backward all2all,11.553935846,11.553935846,11.554360339
2,441,0,0,AGGREGATE backward all2all,11.553955959,11.553955959,11.554380453
2,442,0,0,GROUP_BY backward all2all,11.600616503,11.600616503,11.601023986
2,443,0,0,GROUP_BY backward all2all,11.600636617,11.600636617,11.601041203
2,444,0,0,AGGREGATE backward all2all,11.626325681,11.626325681,11.626750174
2,445,0,0,AGGREGATE backward all2all,11.626345794,11.626345794,11.626770288
2,446,0,0,GROUP_BY backward all2all,11.673006338,11.673006338,11.673413821
2,447,0,0,GROUP_BY backward all2all,11.673026452,11.673026452,11.673431038
2,448,0,0,AGGREGATE backward all2all,12.057225676,12.057225676,12.057650171
2,449,0,0,AGGREGATE backward all2all,12.057234994,12.057234994,12.057659492
2,450,0,0,GROUP_BY backward all2all,12.103906334,12.103906334,12.104311954
2,451,0,0,GROUP_BY backward all2all,12.103915656,12.103915656,12.104319577
2,452,0,0,AGGREGATE backward all2all,12.135937834,12.135937834,12.136362331
2,453,0,0,AGGREGATE backward all2all,12.135945205,12.135945205,12.136369698
2,454,0,0,GROUP_BY backward all2all,12.182618495,12.182618495,12.183023824
2,455,0,0,GROUP_BY backward all2all,12.182625862,12.182625862,12.183029742
2,456,0,0,AGGREGATE backward all2all,12.208325519,12.208325519,12.208750014
2,457,0,0,AGGREGATE backward all2all,12.208334837,12.208334837,12.208759335
2,458,0,0,GROUP_BY backward all2all,12.255006177,12.255006177,12.255411797
2,459,0,0,GROUP_BY backward all2all,12.255015499,12.255015499,12.255419420
2,460,0,0,AGGREGATE backward all2all,12.287037677,12.287037677,12.287462174
2,461,0,0,AGGREGATE backward all2all,12.287045048,12.287045048,12.287469541
2,462,0,0,GROUP_BY backward all2all,12.333718338,12.333718338,12.334123667
2,463,0,0,GROUP_BY backward all2all,12.333725705,12.333725705,12.334129585
2,464,0,0,AGGREGATE backward all2all,12.359425362,12.359425362,12.359849857
2,465,0,0,AGGREGATE backward all2all,12.359434680,12.359434680,12.359859178
2,466,0,0,GROUP_BY backward all2all,12.406106020,12.406106020,12.406511640
2,467,0,0,GROUP_BY backward all2all,12.406115342,12.406115342,12.406519263
2,468,0,0,AGGREGATE backward all2all,12.438137520,12.438137520,12.438562017
2,469,0,0,AGGREGATE backward all2all,12.438144891,12.438144891,12.438569384
2,470,0,0,GROUP_BY backward all2all,12.484818181,12.484818181,12.485223510
2,471,0,0,GROUP_BY backward all2all,12.484825548,12.484825548,12.485229428
2,472,0,0,AGGREGATE backward all2all,12.510525205,12.510525205,12.510949700
2,473,0,0,AGGREGATE backward all2all,12.510534523,12.510534523,12.510959021
2,474,0,0,GROUP_BY backward all2all,12.557205863,12.557205863,12.557611483
2,475,0,0,GROUP_BY backward all2all,12.557215185,12.557215185,12.557619106
2,476,0,0,AGGREGATE backward all2all,12.589237363,12.589237363,12.589661860
2,477,0,0,AGGREGATE backward all2all,12.589244734,12.589244734,12.589669227
2,478,0,0,GROUP_BY backward all2all,12.635918024,12.635918024,12.636323353
2,479,0,0,GROUP_BY backward all2all,12.635925391,12.635925391,12.636329271
2,480,0,0,AGGREGATE backward all2all,12.661625048,12.661625048,12.662049543
2,481,0,0,AGGREGATE backward all2all,12.661634366,12.661634366,12.662058864
2,482,0,0,GROUP_BY backward all2all,12.708305706,12.708305706,12.708711326
2,483,0,0,GROUP_BY backward all2all,12.708315028,12.708315028,12.708718949
2,484,0,0,AGGREGATE backward all2all,12.740337206,12.740337206,12.740761703
2,485,0,0,AGGREGATE backward all2all,12.740344577,12.740344577,12.740769070
2,486,0,0,GROUP_BY backward all2all,12.787017867,12.787017867,12.787423196
2,487,0,0,GROUP_BY backward all2all,12.787025234,12.787025234,12.787429114
2,488,0,0,AGGREGATE backward all2all,12.812724891,12.812724891,12.813149386
2,489,0,0,AGGREGATE backward all2all,12.812734209,12.812734209,12.813158707
2,490,0,0,GROUP_BY backward all2all,12.859405549,12.859405549,12.859811169
2,491,0,0,GROUP_BY backward all2all,12.859414871,12.859414871,12.859818792
2,492,0,0,AGGREGATE backward all2all,12.891437049,12.891437049,12.891861546
2,493,0,0,AGGREGATE backward all2all,12.891444420,12.891444420,12.891868913
2,494,0,0,GROUP_BY backward all2all,12.938117710,12.938117710,12.938523039
2,495,0,0,GROUP_BY backward all2all,12.938125077,12.938125077,12.938528957
2,496,0,0,AGGREGATE backward all2all,12.963824734,12.963824734,12.964249229
2,497,0,0,AGGREGATE backward all2all,12.963834052,12.963834052,12.964258550
2,498,0,0,GROUP_BY backward all2all,13.010505392,13.010505392,13.010911012
2,499,0,0,GROUP_BY backward all2all,13.010514714,13.010514714,13.010918635
2,500,0,0,AGGREGATE backward all2all,13.042536892,13.042536892,13.042961389
2,501,0,0,AGGREGATE backward all2all,13.042544263,13.042544263,13.042968756
2,502,0,0,GROUP_BY backward all2all,13.089217553,13.089217553,13.089622882
2,503,0,0,GROUP_BY backward all2all,13.089224920,13.089224920,13.089628800
2,504,0,0,AGGREGATE backward all2all,13.114924577,13.114924577,13.115349072
2,505,0,0,AGGREGATE backward all2all,13.114933895,13.114933895,13.115358393
2,506,0,0,GROUP_BY backward all2all,13.161605235,13.161605235,13.162010855
2,507,0,0,GROUP_BY backward all2all,13.161614557,13.161614557,13.162018478
2,508,0,0,AGGREGATE backward all2all,13.193636735,13.193636735,13.194061232
2,509,0,0,AGGREGATE backward all2all,13.193644106,13.193644106,13.194068599
2,510,0,0,GROUP_BY backward all2all,13.240317396,13.240317396,13.240722725
2,511,0,0,GROUP_BY backward all2all,13.240324763,13.240324763,13.240728643
3,512,0,0,GROUP_BY forward all2all,14.292965968,14.292965968,14.293356380
3,513,0,0,GROUP_BY forward all2all,14.292965968,14.292965968,14.293356380
3,514,0,0,AGGREGATE forward all2all,14.334409418,14.334409418,14.334800101
3,515,0,0,AGGREGATE forward all2all,14.334409418,14.334409418,14.334800101
3,516,0,0,GROUP_BY forward all2all,14.347462462,14.347462462,14.347852874
3,517,0,0,GROUP_BY forward all2all,14.347462462,14.347462462,14.347852874
3,518,0,0,AGGREGATE forward all2all,14.388905912,14.388905912,14.389296595
3,519,0,0,AGGREGATE forward all2all,14.388905912,14.388905912,14.389296595
3,520,0,0,GROUP_BY forward all2all,14.401939925,14.401939925,14.402330337
3,521,0,0,GROUP_BY forward all2all,14.401939925,14.401939925,14.402330337
3,522,0,0,AGGREGATE forward all2all,14.443383375,14.443383375,14.443774058
3,523,0,0,AGGREGATE forward all2all,14.443383375,14.443383375,14.443774058
3,524,0,0,GROUP_BY forward all2all,14.456417388,14.456417388,14.456807800
3,525,0,0,GROUP_BY forward all2all,14.456417388,14.456417388,14.456807800
3,526,0,0,AGGREGATE forward all2all,14.497860838,14.497860838,14.498251521
3,527,0,0,AGGREGATE forward all2all,14.497860838,14.497860838,14.498251521
3,528,0,0,GROUP_BY forward all2all,14.510911955,14.510911955,14.511302367
3,529,0,0,GROUP_BY forward all2all,14.510911955,14.510911955,14.511302367
3,530,0,0,AGGREGATE forward all2all,14.552355405,14.552355405,14.552746088
3,531,0,0,AGGREGATE forward all2all,14.552355405,14.552355405,14.552746088
3,532,0,0,GROUP_BY forward all2all,14.565408449,14.565408449,14.565798861
3,533,0,0,GROUP_BY forward all2all,14.565408449,14.565408449,14.565798861
3,534,0,0,AGGREGATE forward all2all,14.606851899,14.606851899,14.607242582
3,535,0,0,AGGREGATE forward all2all,14.606851899,14.606851899,14.607242582
3,536,0,0,GROUP_BY forward all2all,14.619885912,14.619885912,14.620276324
3,537,0,0,GROUP_BY forward all2all,14.619885912,14.619885912,14.620276324
3,538,0,0,AGGREGATE forward all2all,14.661329362,14.661329362,14.661720045
3,539,0,0,AGGREGATE forward all2all,14.661329362,14.661329362,14.661720045
3,540,0,0,GROUP_BY forward all2all,14.674363375,14.674363375,14.674753787
3,541,0,0,GROUP_BY forward all2all,14.674363375,14.674363375,14.674753787
3,542,0,0,AGGREGATE forward all2all,14.715806825,14.715806825,14.716197508
3,543,0,0,AGGREGATE forward all2all,14.715806825,14.715806825,14.716197508
3,544,0,0,GROUP_BY forward all2all,14.728857942,14.728857942,14.729248354
3,545,0,0,GROUP_BY forward all2all,14.728857942,14.728857942,14.729248354
3,546,0,0,AGGREGATE forward all2all,14.770301392,14.770301392,14.770692075
3,547,0,0,AGGREGATE forward all2all,14.770301392,14.770301392,14.770692075
3,548,0,0,GROUP_BY forward all2all,14.783354436,14.783354436,14.783744848
3,549,0,0,GROUP_BY forward all2all,14.783354436,14.783354436,14.783744848
3,550,0,0,AGGREGATE forward all2all,14.824797886,14.824797886,14.825188569
3,551,0,0,AGGREGATE forward all2all,14.824797886,14.824797886,14.825188569
3,552,0,0,GROUP_BY forward all2all,14.837831899,14.837831899,14.838222311
3,553,0,0,GROUP_BY forward all2all,14.837831899,14.837831899,14.838222311
3,554,0,0,AGGREGATE forward all2all,14.879275349,14.879275349,14.879666032
3,555,0,0,AGGREGATE forward all2all,14.879275349,14.879275349,14.879666032
3,556,0,0,GROUP_BY forward all2all,14.892309362,14.892309362,14.892699774
3,557,0,0,GROUP_BY forward all2all,14.892309362,14.892309362,14.892699774
3,558,0,0,AGGREGATE forward all2all,14.933752812,14.933752812,14.934143495
3,559,0,0,AGGREGATE forward all2all,14.933752812,14.933752812,14.934143495
3,560,0,0,GROUP_BY forward all2all,14.946803929,14.946803929,14.947194341
3,561,0,0,GROUP_BY forward all2all,14.946803929,14.946803929,14.947194341
3,562,0,0,AGGREGATE forward all2all,14.988247379,14.988247379,14.988638062
3,563,0,0,AGGREGATE forward all2all,14.988247379,14.988247379,14.988638062
3,564,0,0,GROUP_BY forward all2all,15.001300423,15.001300423,15.001690835
3,565,0,0,GROUP_BY forward all2all,15.001300423,15.001300423,15.001690835
3,566,0,0,AGGREGATE forward all2all,15.042743873,15.042743873,15.043134556
3,567,0,0,AGGREGATE forward all2all,15.042743873,15.042743873,15.043134556
3,568,0,0,GROUP_BY forward all2all,15.055777886,15.055777886,15.056168298
3,569,0,0,GROUP_BY forward all2all,15.055777886,15.055777886,15.056168298
3,570,0,0,AGGREGATE forward all2all,15.097221336,15.097221336,15.097612019
3,571,0,0,AGGREGATE forward all2all,15.097221336,15.097221336,15.097612019
3,572,0,0,GROUP_BY forward all2all,15.110255349,15.110255349,15.110645761
3,573,0,0,GROUP_BY forward all2all,15.110255349,15.110255349,15.110645761
3,574,0,0,AGGREGATE forward all2all,15.151698799,15.151698799,15.152089482
3,575,0,0,AGGREGATE forward all2all,15.151698799,15.151698799,15.152089482
3,576,0,0,GROUP_BY forward all2all,15.164749916,15.164749916,15.165140328
3,577,0,0,GROUP_BY forward all2all,15.164749916,15.164749916,15.165140328
3,578,0,0,AGGREGATE forward all2all,15.206193366,15.206193366,15.206584049
3,579,0,0,AGGREGATE forward all2all,15.206193366,15.206193366,15.206584049
3,580,0,0,GROUP_BY forward all2all,15.219246410,15.219246410,15.219636822
3,581,0,0,GROUP_BY forward all2all,15.219246410,15.219246410,15.219636822
3,582,0,0,AGGREGATE forward all2all,15.260689860,15.260689860,15.261080543
3,583,0,0,AGGREGATE forward all2all,15.260689860,15.260689860,15.261080543
3,584,0,0,GROUP_BY forward all2all,15.273723873,15.273723873,15.274114285
3,585,0,0,GROUP_BY forward all2all,15.273723873,15.273723873,15.274114285
3,586,0,0,AGGREGATE forward all2all,15.315167323,15.315167323,15.315558006
3,587,0,0,AGGREGATE forward all2all,15.315167323,15.315167323,15.315558006
3,588,0,0,GROUP_BY forward all2all,15.328201336,15.328201336,15.328591748
3,589,0,0,GROUP_BY forward all2all,15.328201336,15.328201336,15.328591748
3,590,0,0,AGGREGATE forward all2all,15.369644786,15.369644786,15.370035469
3,591,0,0,AGGREGATE forward all2all,15.369644786,15.369644786,15.370035469
3,592,0,0,GROUP_BY forward all2all,15.382695903,15.382695903,15.383086315
3,593,0,0,GROUP_BY forward all2all,15.382695903,15.382695903,15.383086315
3,594,0,0,AGGREGATE forward all2all,15.424139353,15.424139353,15.424530036
3,595,0,0,AGGREGATE forward all2all,15.424139353,15.424139353,15.424530036
3,596,0,0,GROUP_BY forward all2all,15.437192397,15.437192397,15.437582809
3,597,0,0,GROUP_BY forward all2all,15.437192397,15.437192397,15.437582809
3,598,0,0,AGGREGATE forward all2all,15.478635847,15.478635847,15.479026530
3,599,0,0,AGGREGATE forward all2all,15.478635847,15.478635847,15.479026530
3,600,0,0,GROUP_BY forward all2all,15.491669860,15.491669860,15.492060272
3,601,0,0,GROUP_BY forward all2all,15.491669860,15.491669860,15.492060272
3,602,0,0,AGGREGATE forward all2all,15.533113310,15.533113310,15.533503993
3,603,0,0,AGGREGATE forward all2all,15.533113310,15.533113310,15.533503993
3,604,0,0,GROUP_BY forward all2all,15.546147323,15.546147323,15.546537735
3,605,0,0,GROUP_BY forward all2all,15.546147323,15.546147323,15.546537735
3,606,0,0,AGGREGATE forward all2all,15.587590773,15.587590773,15.587981456
3,607,0,0,AGGREGATE forward all2all,15.587590773,15.587590773,15.587981456
3,608,0,0,GROUP_BY forward all2all,15.600641890,15.600641890,15.601032302
3,609,0,0,GROUP_BY forward all2all,15.600641890,15.600641890,15.601032302
3,610,0,0,AGGREGATE forward all2all,15.642085340,15.642085340,15.642476023
3,611,0,0,AGGREGATE forward all2all,15.642085340,15.642085340,15.642476023
3,612,0,0,GROUP_BY forward all2all,15.655138384,15.655138384,15.655528796
3,613,0,0,GROUP_BY forward all2all,15.655138384,15.655138384,15.655528796
3,614,0,0,AGGREGATE forward all2all,15.696581834,15.696581834,15.696972517
3,615,0,0,AGGREGATE forward all2all,15.696581834,15.696581834,15.696972517
3,616,0,0,GROUP_BY forward all2all,15.709615847,15.709615847,15.710006259
3,617,0,0,GROUP_BY forward all2all,15.709615847,15.709615847,15.710006259
3,618,0,0,AGGREGATE forward all2all,15.751059297,15.751059297,15.751449980
3,619,0,0,AGGREGATE forward all2all,15.751059297,15.751059297,15.751449980
3,620,0,0,GROUP_BY forward all2all,15.764093310,15.764093310,15.764483722
3,621,0,0,GROUP_BY forward all2all,15.764093310,15.764093310,15.764483722
3,622,0,0,AGGREGATE forward all2all,15.805536760,15.805536760,15.805927443
3,623,0,0,AGGREGATE forward all2all,15.805536760,15.805536760,15.805927443
3,624,0,0,GROUP_BY forward all2all,15.818587877,15.818587877,15.818978289
3,625,0,0,GROUP_BY forward all2all,15.818587877,15.818587877,15.818978289
3,626,0,0,AGGREGATE forward all2all,15.860031327,15.860031327,15.860422010
3,627,0,0,AGGREGATE forward all2all,15.860031327,15.860031327,15.860422010
3,628,0,0,GROUP_BY forward all2all,15.873084371,15.873084371,15.873474783
3,629,0,0,GROUP_BY forward all2all,15.873084371,15.873084371,15.873474783
3,630,0,0,AGGREGATE forward all2all,15.914527821,15.914527821,15.914918504
3,631,0,0,AGGREGATE forward all2all,15.914527821,15.914527821,15.914918504
3,632,0,0,GROUP_BY forward all2all,15.927561834,15.927561834,15.927952246
3,633,0,0,GROUP_BY forward all2all,15.927561834,15.927561834,15.927952246
3,634,0,0,AGGREGATE forward all2all,15.969005284,15.969005284,15.969395967
3,635,0,0,AGGREGATE forward all2all,15.969005284,15.969005284,15.969395967
3,636,0,0,GROUP_BY forward all2all,15.982039297,15.982039297,15.982429709
3,637,0,0,GROUP_BY forward all2all,15.982039297,15.982039297,15.982429709
3,638,0,0,AGGREGATE forward all2all,16.023482747,16.023482747,16.023873430
3,639,0,0,AGGREGATE forward all2all,16.023482747,16.023482747,16.023873430
3,640,0,0,AGGREGATE backward all2all,17.104348702,17.104348702,17.104773199
3,641,0,0,AGGREGATE backward all2all,17.104371604,17.104371604,17.104796098
3,642,0,0,GROUP_BY backward all2all,17.151029363,17.151029363,17.151437337
3,643,0,0,GROUP_BY backward all2all,17.151052262,17.151052262,17.151456974
3,644,0,0,AGGREGATE backward all2all,17.176735767,17.176735767,17.177160264
3,645,0,0,AGGREGATE backward all2all,17.176758669,17.176758669,17.177183163
3,646,0,0,GROUP_BY backward all2all,17.223416428,17.223416428,17.223824402
3,647,0,0,GROUP_BY backward all2all,17.223439327,17.223439327,17.223844039
3,648,0,0,AGGREGATE backward all2all,17.249122832,17.249122832,17.249547329
3,649,0,0,AGGREGATE backward all2all,17.249145734,17.249145734,17.249570228
3,650,0,0,GROUP_BY backward all2all,17.295803493,17.295803493,17.296211467
3,651,0,0,GROUP_BY backward all2all,17.295826392,17.295826392,17.296231104
3,652,0,0,AGGREGATE backward all2all,17.321509897,17.321509897,17.321934394
3,653,0,0,AGGREGATE backward all2all,17.321532799,17.321532799,17.321957293
3,654,0,0,GROUP_BY backward all2all,17.368190558,17.368190558,17.368598532
3,655,0,0,GROUP_BY backward all2all,17.368213457,17.368213457,17.368618169
3,656,0,0,AGGREGATE backward all2all,17.393896962,17.393896962,17.394321459
3,657,0,0,AGGREGATE backward all2all,17.393919864,17.393919864,17.394344358
3,658,0,0,GROUP_BY backward all2all,17.440577623,17.440577623,17.440985597
3,659,0,0,GROUP_BY backward all2all,17.440600522,17.440600522,17.441005234
3,660,0,0,AGGREGATE backward all2all,17.466284027,17.466284027,17.466708524
3,661,0,0,AGGREGATE backward all2all,17.466306929,17.466306929,17.466731423
3,662,0,0,GROUP_BY backward all2all,17.512964688,17.512964688,17.513372662
3,663,0,0,GROUP_BY backward all2all,17.512987587,17.512987587,17.513392299
3,664,0,0,AGGREGATE backward all2all,17.538671092,17.538671092,17.539095589
3,665,0,0,AGGREGATE backward all2all,17.538693994,17.538693994,17.539118488
3,666,0,0,GROUP_BY backward all2all,17.585351753,17.585351753,17.585759727
3,667,0,0,GROUP_BY backward all2all,17.585374652,17.585374652,17.585779364
3,668,0,0,AGGREGATE backward all2all,17.611058157,17.611058157,17.611482654
3,669,0,0,AGGREGATE backward all2all,17.611081059,17.611081059,17.611505553
3,670,0,0,GROUP_BY backward all2all,17.657738818,17.657738818,17.658146792
3,671,0,0,GROUP_BY backward all2all,17.657761717,17.657761717,17.658166429
3,672,0,0,AGGREGATE backward all2all,18.041896924,18.041896924,18.042321417
3,673,0,0,AGGREGATE backward all2all,18.041917037,18.041917037,18.042341531
3,674,0,0,GROUP_BY backward all2all,18.088577581,18.088577581,18.088985064
3,675,0,0,GROUP_BY backward all2all,18.088597695,18.088597695,18.089002281
3,676,0,0,AGGREGATE backward all2all,18.114286759,18.114286759,18.114711252
3,677,0,0,AGGREGATE backward all2all,18.114306872,18.114306872,18.114731366
3,678,0,0,GROUP_BY backward all2all,18.160967416,18.160967416,18.161374899
3,679,0,0,GROUP_BY backward all2all,18.160987530,18.160987530,18.161392116
3,680,0,0,AGGREGATE backward all2all,18.186676594,18.186676594,18.187101087
3,681,0,0,AGGREGATE backward all2all,18.186696707,18.186696707,18.187121201
3,682,0,0,GROUP_BY backward all2all,18.233357251,18.233357251,18.233764734
3,683,0,0,GROUP_BY backward all2all,18.233377365,18.233377365,18.233781951
3,684,0,0,AGGREGATE backward all2all,18.259066429,18.259066429,18.259490922
3,685,0,0,AGGREGATE backward all2all,18.259086542,18.259086542,18.259511036
3,686,0,0,GROUP_BY backward all2all,18.305747086,18.305747086,18.306154569
3,687,0,0,GROUP_BY backward all2all,18.305767200,18.305767200,18.306171786
3,688,0,0,AGGREGATE backward all2all,18.331456264,18.331456264,18.331880757
3,689,0,0,AGGREGATE backward all2all,18.331476377,18.331476377,18.331900871
3,690,0,0,GROUP_BY backward all2all,18.378136921,18.378136921,18.378544404
3,691,0,0,GROUP_BY backward all2all,18.378157035,18.378157035,18.378561621
3,692,0,0,AGGREGATE backward all2all,18.403846099,18.403846099,18.404270592
3,693,0,0,AGGREGATE backward all2all,18.403866212,18.403866212,18.404290706
3,694,0,0,GROUP_BY backward all2all,18.450526756,18.450526756,18.450934239
3,695,0,0,GROUP_BY backward all2all,18.450546870,18.450546870,18.450951456
3,696,0,0,AGGREGATE backward all2all,18.476235934,18.476235934,18.476660427
3,697,0,0,AGGREGATE backward all2all,18.476256047,18.476256047,18.476680541
3,698,0,0,GROUP_BY backward all2all,18.522916591,18.522916591,18.523324074
3,699,0,0,GROUP_BY backward all2all,18.522936705,18.522936705,18.523341291
3,700,0,0,AGGREGATE backward all2all,18.548625769,18.548625769,18.549050262
3,701,0,0,AGGREGATE backward all2all,18.548645882,18.548645882,18.549070376
3,702,0,0,GROUP_BY backward all2all,18.595306426,18.595306426,18.595713909
3,703,0,0,GROUP_BY backward all2all,18.595326540,18.595326540,18.595731126
3,704,0,0,AGGREGATE backward all2all,18.979525764,18.979525764,18.979950259
3,705,0,0,AGGREGATE backward all2all,18.979535082,18.979535082,18.979959580
3,706,0,0,GROUP_BY backward all2all,19.026206422,19.026206422,19.026612042
3,707,0,0,GROUP_BY backward all2all,19.026215744,19.026215744,19.026619665
3,708,0,0,AGGREGATE backward all2all,19.058237922,19.058237922,19.058662419
3,709,0,0,AGGREGATE backward all2all,19.058245293,19.058245293,19.058669786
3,710,0,0,GROUP_BY backward all2all,19.104918583,19.104918583,19.105323912
3,711,0,0,GROUP_BY backward all2all,19.104925950,19.104925950,19.105329830
3,712,0,0,AGGREGATE backward all2all,19.130625607,19.130625607,19.131050102
3,713,0,0,AGGREGATE backward all2all,19.130634925,19.130634925,19.131059423
3,714,0,0,GROUP_BY backward all2all,19.177306265,19.177306265,19.177711885
3,715,0,0,GROUP_BY backward all2all,19.177315587,19.177315587,19.177719508
3,716,0,0,AGGREGATE backward all2all,19.209337765,19.209337765,19.209762262
3,717,0,0,AGGREGATE backward all2all,19.209345136,19.209345136,19.209769629
3,718,0,0,GROUP_BY backward all2all,19.256018426,19.256018426,19.256423755
3,719,0,0,GROUP_BY backward all2all,19.256025793,19.256025793,19.256429673
3,720,0,0,AGGREGATE backward all2all,19.281725450,19.281725450,19.282149945
3,721,0,0,AGGREGATE backward all2all,19.281734768,19.281734768,19.282159266
3,722,0,0,GROUP_BY backward all2all,19.328406108,19.328406108,19.328811728
3,723,0,0,GROUP_BY backward all2all,19.328415430,19.328415430,19.328819351
3,724,0,0,AGGREGATE backward all2all,19.360437608,19.360437608,19.360862105
3,725,0,0,AGGREGATE backward all2all,19.360444979,19.360444979,19.360869472
3,726,0,0,GROUP_BY backward all2all,19.407118269,19.407118269,19.407523598
3,727,0,0,GROUP_BY backward all2all,19.407125636,19.407125636,19.407529516
3,728,0,0,AGGREGATE backward all2all,19.432825293,19.432825293,19.433249788
3,729,0,0,AGGREGATE backward all2all,19.432834611,19.432834611,19.433259109
3,730,0,0,GROUP_BY backward all2all,19.479505951,19.479505951,19.479911571
3,731,0,0,GROUP_BY backward all2all,19.479515273,19.479515273,19.479919194
3,732,0,0,AGGREGATE backward all2all,19.511537451,19.511537451,19.511961948
3,733,0,0,AGGREGATE backward all2all,19.511544822,19.511544822,19.511969315
3,734,0,0,GROUP_BY backward all2all,19.558218112,19.558218112,19.558623441
3,735,0,0,GROUP_BY backward all2all,19.558225479,19.558225479,19.558629359
3,736,0,0,AGGREGATE backward all2all,19.583925136,19.583925136,19.584349631
3,737,0,0,AGGREGATE backward all2all,19.583934454,19.583934454,19.584358952
3,738,0,0,GROUP_BY backward all2all,19.630605794,19.630605794,19.631011414
3,739,0,0,GROUP_BY backward all2all,19.630615116,19.630615116,19.631019037
3,740,0,0,AGGREGATE backward all2all,19.662637294,19.662637294,19.663061791
3,741,0,0,AGGREGATE backward all2all,19.662644665,19.662644665,19.663069158
3,742,0,0,GROUP_BY backward all2all,19.709317955,19.709317955,19.709723284
3,743,0,0,GROUP_BY backward all2all,19.709325322,19.709325322,19.709729202
3,744,0,0,AGGREGATE backward all2all,19.735024979,19.735024979,19.735449474
3,745,0,0,AGGREGATE backward all2all,19.735034297,19.735034297,19.735458795
3,746,0,0,GROUP_BY backward all2all,19.781705637,19.781705637,19.782111257
3,747,0,0,GROUP_BY backward all2all,19.781714959,19.781714959,19.782118880
3,748,0,0,AGGREGATE backward all2all,19.813737137,19.813737137,19.814161634
3,749,0,0,AGGREGATE backward all2all,19.813744508,19.813744508,19.814169001
3,750,0,0,GROUP_BY backward all2all,19.860417798,19.860417798,19.860823127
3,751,0,0,GROUP_BY backward all2all,19.860425165,19.860425165,19.860829045
3,752,0,0,AGGREGATE backward all2all,19.886124822,19.886124822,19.886549317
3,753,0,0,AGGREGATE backward all2all,19.886134140,19.886134140,19.886558638
3,754,0,0,GROUP_BY backward all2all,19.932805480,19.932805480,19.933211100
3,755,0,0,GROUP_BY backward all2all,19.932814802,19.932814802,19.933218723
3,756,0,0,AGGREGATE backward all2all,19.964836980,19.964836980,19.965261477
3,757,0,0,AGGREGATE backward all2all,19.964844351,19.964844351,19.965268844
3,758,0,0,GROUP_BY backward all2all,20.011517641,20.011517641,20.011922970
3,759,0,0,GROUP_BY backward all2all,20.011525008,20.011525008,20.011928888
3,760,0,0,AGGREGATE backward all2all,20.037224665,20.037224665,20.037649160
3,761,0,0,AGGREGATE backward all2all,20.037233983,20.037233983,20.037658481
3,762,0,0,GROUP_BY backward all2all,20.083905323,20.083905323,20.084310943
3,763,0,0,GROUP_BY backward all2all,20.083914645,20.083914645,20.084318566
3,764,0,0,AGGREGATE backward all2all,20.115936823,20.115936823,20.116361320
3,765,0,0,AGGREGATE backward all2all,20.115944194,20.115944194,20.116368687
3,766,0,0,GROUP_BY backward all2all,20.162617484,20.162617484,20.163022813
3,767,0,0,GROUP_BY backward all2all,20.162624851,20.162624851,20.163028731
4,768,0,0,GROUP_BY forward all2all,21.215266056,21.215266056,21.215656468
4,769,0,0,GROUP_BY forward all2all,21.215266056,21.215266056,21.215656468
4,770,0,0,AGGREGATE forward all2all,21.256709506,21.256709506,21.257100189
4,771,0,0,AGGREGATE forward all2all,21.256709506,21.256709506,21.257100189
4,772,0,0,GROUP_BY forward all2all,21.269762550,21.269762550,21.270152962
4,773,0,0,GROUP_BY forward all2all,21.269762550,21.269762550,21.270152962
4,774,0,0,AGGREGATE forward all2all,21.311206000,21.311206000,21.311596683
4,775,0,0,AGGREGATE forward all2all,21.311206000,21.311206000,21.311596683
4,776,0,0,GROUP_BY forward all2all,21.324240013,21.324240013,21.324630425
4,777,0,0,GROUP_BY forward all2all,21.324240013,21.324240013,21.324630425
4,778,0,0,AGGREGATE forward all2all,21.365683463,21.365683463,21.366074146
4,779,0,0,AGGREGATE forward all2all,21.365683463,21.365683463,21.366074146
4,780,0,0,GROUP_BY forward all2all,21.378717476,21.378717476,21.379107888
4,781,0,0,GROUP_BY forward all2all,21.378717476,21.378717476,21.379107888
4,782,0,0,AGGREGATE forward all2all,21.420160926,21.420160926,21.420551609
4,783,0,0,AGGREGATE forward all2all,21.420160926,21.420160926,21.420551609
4,784,0,0,GROUP_BY forward all2all,21.433212043,21.433212043,21.433602455
4,785,0,0,GROUP_BY forward all2all,21.433212043,21.433212043,21.433602455
4,786,0,0,AGGREGATE forward all2all,21.474655493,21.474655493,21.475046176
4,787,0,0,AGGREGATE forward all2all,21.474655493,21.474655493,21.475046176
4,788,0,0,GROUP_BY forward all2all,21.487708537,21.487708537,21.488098949
4,789,0,0,GROUP_BY forward all2all,21.487708537,21.487708537,21.488098949
4,790,0,0,AGGREGATE forward all2all,21.529151987,21.529151987,21.529542670
4,791,0,0,AGGREGATE forward all2all,21.529151987,21.529151987,21.529542670
4,792,0,0,GROUP_BY forward all2all,21.542186000,21.542186000,21.542576412
4,793,0,0,GROUP_BY forward all2all,21.542186000,21.542186000,21.542576412
4,794,0,0,AGGREGATE forward all2all,21.583629450,21.583629450,21.584020133
4,795,0,0,AGGREGATE forward all2all,21.583629450,21.583629450,21.584020133
4,796,0,0,GROUP_BY forward all2all,21.596663463,21.596663463,21.597053875
4,797,0,0,GROUP_BY forward all2all,21.596663463,21.596663463,21.597053875
4,798,0,0,AGGREGATE forward all2all,21.638106913,21.638106913,21.638497596
4,799,0,0,AGGREGATE forward all2all,21.638106913,21.638106913,21.638497596
4,800,0,0,GROUP_BY forward all2all,21.651158030,21.651158030,21.651548442
4,801,0,0,GROUP_BY forward all2all,21.651158030,21.651158030,21.651548442
4,802,0,0,AGGREGATE forward all2all,21.692601480,21.692601480,21.692992163
4,803,0,0,AGGREGATE forward all2all,21.692601480,21.692601480,21.692992163
4,804,0,0,GROUP_BY forward all2all,21.705654524,21.705654524,21.706044936
4,805,0,0,GROUP_BY forward all2all,21.705654524,21.705654524,21.706044936
4,806,0,0,AGGREGATE forward all2all,21.747097974,21.747097974,21.747488657
4,807,0,0,AGGREGATE forward all2all,21.747097974,21.747097974,21.747488657
4,808,0,0,GROUP_BY forward all2all,21.760131987,21.760131987,21.760522399
4,809,0,0,GROUP_BY forward all2all,21.760131987,21.760131987,21.760522399
4,810,0,0,AGGREGATE forward all2all,21.801575437,21.801575437,21.801966120
4,811,0,0,AGGREGATE forward all2all,21.801575437,21.801575437,21.801966120
4,812,0,0,GROUP_BY forward all2all,21.814609450,21.814609450,21.814999862
4,813,0,0,GROUP_BY forward all2all,21.814609450,21.814609450,21.814999862
4,814,0,0,AGGREGATE forward all2all,21.856052900,21.856052900,21.856443583
4,815,0,0,AGGREGATE forward all2all,21.856052900,21.856052900,21.856443583
4,816,0,0,GROUP_BY forward all2all,21.869104017,21.869104017,21.869494429
4,817,0,0,GROUP_BY forward all2all,21.869104017,21.869104017,21.869494429
4,818,0,0,AGGREGATE forward all2all,21.910547467,21.910547467,21.910938150
4,819,0,0,AGGREGATE forward all2all,21.910547467,21.910547467,21.910938150
4,820,0,0,GROUP_BY forward all2all,21.923600511,21.923600511,21.923990923
4,821,0,0,GROUP_BY forward all2all,21.923600511,21.923600511,21.923990923
4,822,0,0,AGGREGATE forward all2all,21.965043961,21.965043961,21.965434644
4,823,0,0,AGGREGATE forward all2all,21.965043961,21.965043961,21.965434644
4,824,0,0,GROUP_BY forward all2all,21.978077974,21.978077974,21.978468386
4,825,0,0,GROUP_BY forward all2all,21.978077974,21.978077974,21.978468386
4,826,0,0,AGGREGATE forward all2all,22.019521424,22.019521424,22.019912107
4,827,0,0,AGGREGATE forward all2all,22.019521424,22.019521424,22.019912107
4,828,0,0,GROUP_BY forward all2all,22.032555437,22.032555437,22.032945849
4,829,0,0,GROUP_BY forward all2all,22.032555437,22.032555437,22.032945849
4,830,0,0,AGGREGATE forward all2all,22.073998887,22.073998887,22.074389570
4,831,0,0,AGGREGATE forward all2all,22.073998887,22.073998887,22.074389570
4,832,0,0,GROUP_BY forward all2all,22.087050004,22.087050004,22.087440416
4,833,0,0,GROUP_BY forward all2all,22.087050004,22.087050004,22.087440416
4,834,0,0,AGGREGATE forward all2all,22.128493454,22.128493454,22.128884137
4,835,0,0,AGGREGATE forward all2all,22.128493454,22.128493454,22.128884137
4,836,0,0,GROUP_BY forward all2all,22.141546498,22.141546498,22.141936910
4,837,0,0,GROUP_BY forward all2all,22.141546498,22.141546498,22.141936910
4,838,0,0,AGGREGATE forward all2all,22.182989948,22.182989948,22.183380631
4,839,0,0,AGGREGATE forward all2all,22.182989948,22.182989948,22.183380631
4,840,0,0,GROUP_BY forward all2all,22.196023961,22.196023961,22.196414373
4,841,0,0,GROUP_BY forward all2all,22.196023961,22.196023961,22.196414373
4,842,0,0,AGGREGATE forward all2all,22.237467411,22.237467411,22.237858094
4,843,0,0,AGGREGATE forward all2all,22.237467411,22.237467411,22.237858094
4,844,0,0,GROUP_BY forward all2all,22.250501424,22.250501424,22.250891836
4,845,0,0,GROUP_BY forward all2all,22.250501424,22.250501424,22.250891836
4,846,0,0,AGGREGATE forward all2all,22.291944874,22.291944874,22.292335557
4,847,0,0,AGGREGATE forward all2all,22.291944874,22.291944874,22.292335557
4,848,0,0,GROUP_BY forward all2all,22.304995991,22.304995991,22.305386403
4,849,0,0,GROUP_BY forward all2all,22.304995991,22.304995991,22.305386403
4,850,0,0,AGGREGATE forward all2all,22.346439441,22.346439441,22.346830124
4,851,0,0,AGGREGATE forward all2all,22.346439441,22.346439441,22.346830124
4,852,0,0,GROUP_BY forward all2all,22.359492485,22.359492485,22.359882897
4,853,0,0,GROUP_BY forward all2all,22.359492485,22.359492485,22.359882897
4,854,0,0,AGGREGATE forward all2all,22.400935935,22.400935935,22.401326618
4,855,0,0,AGGREGATE forward all2all,22.400935935,22.400935935,22.401326618
4,856,0,0,GROUP_BY forward all2all,22.413969948,22.413969948,22.414360360
4,857,0,0,GROUP_BY forward all2all,22.413969948,22.413969948,22.414360360
4,858,0,0,AGGREGATE forward all2all,22.455413398,22.455413398,22.455804081
4,859,0,0,AGGREGATE forward all2all,22.455413398,22.455413398,22.455804081
4,860,0,0,GROUP_BY forward all2all,22.468447411,22.468447411,22.468837823
4,861,0,0,GROUP_BY forward all2all,22.468447411,22.468447411,22.468837823
4,862,0,0,AGGREGATE forward all2all,22.509890861,22.509890861,22.510281544
4,863,0,0,AGGREGATE forward all2all,22.509890861,22.509890861,22.510281544
4,864,0,0,GROUP_BY forward all2all,22.522941978,22.522941978,22.523332390
4,865,0,0,GROUP_BY forward all2all,22.522941978,22.522941978,22.523332390
4,866,0,0,AGGREGATE forward all2all,22.564385428,22.564385428,22.564776111
4,867,0,0,AGGREGATE forward all2all,22.564385428,22.564385428,22.564776111
4,868,0,0,GROUP_BY forward all2all,22.577438472,22.577438472,22.577828884
4,869,0,0,GROUP_BY forward all2all,22.577438472,22.577438472,22.577828884
4,870,0,0,AGGREGATE forward all2all,22.618881922,22.618881922,22.619272605
4,871,0,0,AGGREGATE forward all2all,22.618881922,22.618881922,22.619272605
4,872,0,0,GROUP_BY forward all2all,22.631915935,22.631915935,22.632306347
4,873,0,0,GROUP_BY forward all2all,22.631915935,22.631915935,22.632306347
4,874,0,0,AGGREGATE forward all2all,22.673359385,22.673359385,22.673750068
4,875,0,0,AGGREGATE forward all2all,22.673359385,22.673359385,22.673750068
4,876,0,0,GROUP_BY forward all2all,22.686393398,22.686393398,22.686783810
4,877,0,0,GROUP_BY forward all2all,22.686393398,22.686393398,22.686783810
4,878,0,0,AGGREGATE forward all2all,22.727836848,22.727836848,22.728227531
4,879,0,0,AGGREGATE forward all2all,22.727836848,22.727836848,22.728227531
4,880,0,0,GROUP_BY forward all2all,22.740887965,22.740887965,22.741278377
4,881,0,0,GROUP_BY forward all2all,22.740887965,22.740887965,22.741278377
4,882,0,0,AGGREGATE forward all2all,22.782331415,22.782331415,22.782722098
4,883,0,0,AGGREGATE forward all2all,22.782331415,22.782331415,22.782722098
4,884,0,0,GROUP_BY forward all2all,22.795384459,22.795384459,22.795774871
4,885,0,0,GROUP_BY forward all2all,22.795384459,22.795384459,22.795774871
4,886,0,0,AGGREGATE forward all2all,22.836827909,22.836827909,22.837218592
4,887,0,0,AGGREGATE forward all2all,22.836827909,22.836827909,22.837218592
4,888,0,0,GROUP_BY forward all2all,22.849861922,22.849861922,22.850252334
4,889,0,0,GROUP_BY forward all2all,22.849861922,22.849861922,22.850252334
4,890,0,0,AGGREGATE forward all2all,22.891305372,22.891305372,22.891696055
4,891,0,0,AGGREGATE forward all2all,22.891305372,22.891305372,22.891696055
4,892,0,0,GROUP_BY forward all2all,22.904339385,22.904339385,22.904729797
4,893,0,0,GROUP_BY forward all2all,22.904339385,22.904339385,22.904729797
4,894,0,0,AGGREGATE forward all2all,22.945782835,22.945782835,22.946173518
4,895,0,0,AGGREGATE forward all2all,22.945782835,22.945782835,22.946173518
4,896,0,0,AGGREGATE backward all2all,24.026648790,24.026648790,24.027073287
4,897,0,0,AGGREGATE backward all2all,24.026671692,24.026671692,24.027096186
4,898,0,0,GROUP_BY backward all2all,24.073329451,24.073329451,24.073737425
4,899,0,0,GROUP_BY backward all2all,24.073352350,24.073352350,24.073757062
4,900,0,0,AGGREGATE backward all2all,24.099035855,24.099035855,24.099460352
4,901,0,0,AGGREGATE backward all2all,24.099058757,24.099058757,24.099483251
4,902,0,0,GROUP_BY backward all2all,24.145716516,24.145716516,24.146124490
4,903,0,0,GROUP_BY backward all2all,24.145739415,24.145739415,24.146144127
4,904,0,0,AGGREGATE backward all2all,24.171422920,24.171422920,24.171847417
4,905,0,0,AGGREGATE backward all2all,24.171445822,24.171445822,24.171870316
4,906,0,0,GROUP_BY backward all2all,24.218103581,24.218103581,24.218511555
4,907,0,0,GROUP_BY backward all2all,24.218126480,24.218126480,24.218531192
4,908,0,0,AGGREGATE backward all2all,24.243809985,24.243809985,24.244234482
4,909,0,0,AGGREGATE backward all2all,24.243832887,24.243832887,24.244257381
4,910,0,0,GROUP_BY backward all2all,24.290490646,24.290490646,24.290898620
4,911,0,0,GROUP_BY backward all2all,24.290513545,24.290513545,24.290918257
4,912,0,0,AGGREGATE backward all2all,24.316197050,24.316197050,24.316621547
4,913,0,0,AGGREGATE backward all2all,24.316219952,24.316219952,24.316644446
4,914,0,0,GROUP_BY backward all2all,24.362877711,24.362877711,24.363285685
4,915,0,0,GROUP_BY backward all2all,24.362900610,24.362900610,24.363305322
4,916,0,0,AGGREGATE backward all2all,24.388584115,24.388584115,24.389008612
4,917,0,0,AGGREGATE backward all2all,24.388607017,24.388607017,24.389031511
4,918,0,0,GROUP_BY backward all2all,24.435264776,24.435264776,24.435672750
4,919,0,0,GROUP_BY backward all2all,24.435287675,24.435287675,24.435692387
4,920,0,0,AGGREGATE backward all2all,24.460971180,24.460971180,24.461395677
4,921,0,0,AGGREGATE backward all2all,24.460994082,24.460994082,24.461418576
4,922,0,0,GROUP_BY backward all2all,24.507651841,24.507651841,24.508059815
4,923,0,0,GROUP_BY backward all2all,24.507674740,24.507674740,24.508079452
4,924,0,0,AGGREGATE backward all2all,24.533358245,24.533358245,24.533782742
4,925,0,0,AGGREGATE backward all2all,24.533381147,24.533381147,24.533805641
4,926,0,0,GROUP_BY backward all2all,24.580038906,24.580038906,24.580446880
4,927,0,0,GROUP_BY backward all2all,24.580061805,24.580061805,24.580466517
4,928,0,0,AGGREGATE backward all2all,24.964197012,24.964197012,24.964621505
4,929,0,0,AGGREGATE backward all2all,24.964217125,24.964217125,24.964641619
4,930,0,0,GROUP_BY backward all2all,25.010877669,25.010877669,25.011285152
4,931,0,0,GROUP_BY backward all2all,25.010897783,25.010897783,25.011302369
4,932,0,0,AGGREGATE backward all2all,25.036586847,25.036586847,25.037011340
4,933,0,0,AGGREGATE backward all2all,25.036606960,25.036606960,25.037031454
4,934,0,0,GROUP_BY backward all2all,25.083267504,25.083267504,25.083674987
4,935,0,0,GROUP_BY backward all2all,25.083287618,25.083287618,25.083692204
4,936,0,0,AGGREGATE backward all2all,25.108976682,25.108976682,25.109401175
4,937,0,0,AGGREGATE backward all2all,25.108996795,25.108996795,25.109421289
4,938,0,0,GROUP_BY backward all2all,25.155657339,25.155657339,25.156064822
4,939,0,0,GROUP_BY backward all2all,25.155677453,25.155677453,25.156082039
4,940,0,0,AGGREGATE backward all2all,25.181366517,25.181366517,25.181791010
4,941,0,0,AGGREGATE backward all2all,25.181386630,25.181386630,25.181811124
4,942,0,0,GROUP_BY backward all2all,25.228047174,25.228047174,25.228454657
4,943,0,0,GROUP_BY backward all2all,25.228067288,25.228067288,25.228471874
4,944,0,0,AGGREGATE backward all2all,25.253756352,25.253756352,25.254180845
4,945,0,0,AGGREGATE backward all2all,25.253776465,25.253776465,25.254200959
4,946,0,0,GROUP_BY backward all2all,25.300437009,25.300437009,25.300844492
4,947,0,0,GROUP_BY backward all2all,25.300457123,25.300457123,25.300861709
4,948,0,0,AGGREGATE backward all2all,25.326146187,25.326146187,25.326570680
4,949,0,0,AGGREGATE backward all2all,25.326166300,25.326166300,25.326590794
4,950,0,0,GROUP_BY backward all2all,25.372826844,25.372826844,25.373234327
4,951,0,0,GROUP_BY backward all2all,25.372846958,25.372846958,25.373251544
4,952,0,0,AGGREGATE backward all2all,25.398536022,25.398536022,25.398960515
4,953,0,0,AGGREGATE backward all2all,25.398556135,25.398556135,25.398980629
4,954,0,0,GROUP_BY backward all2all,25.445216679,25.445216679,25.445624162
4,955,0,0,GROUP_BY backward all2all,25.445236793,25.445236793,25.445641379
4,956,0,0,AGGREGATE backward all2all,25.470925857,25.470925857,25.471350350
4,957,0,0,AGGREGATE backward all2all,25.470945970,25.470945970,25.471370464
4,958,0,0,GROUP_BY backward all2all,25.517606514,25.517606514,25.518013997
4,959,0,0,GROUP_BY backward all2all,25.517626628,25.517626628,25.518031214
4,960,0,0,AGGREGATE backward all2all,25.901825852,25.901825852,25.902250347
4,961,0,0,AGGREGATE backward all2all,25.901835170,25.901835170,25.902259668
4,962,0,0,GROUP_BY backward all2all,25.948506510,25.948506510,25.948912130
4,963,0,0,GROUP_BY backward all2all,25.948515832,25.948515832,25.948919753
4,964,0,0,AGGREGATE backward all2all,25.980538010,25.980538010,25.980962507
4,965,0,0,AGGREGATE backward all2all,25.980545381,25.980545381,25.980969874
4,966,0,0,GROUP_BY backward all2all,26.027218671,26.027218671,26.027624000
4,967,0,0,GROUP_BY backward all2all,26.027226038,26.027226038,26.027629918
4,968,0,0,AGGREGATE backward all2all,26.052925695,26.052925695,26.053350190
4,969,0,0,AGGREGATE backward all2all,26.052935013,26.052935013,26.053359511
4,970,0,0,GROUP_BY backward all2all,26.099606353,26.099606353,26.100011973
4,971,0,0,GROUP_BY backward all2all,26.099615675,26.099615675,26.100019596
4,972,0,0,AGGREGATE backward all2all,26.131637853,26.131637853,26.132062350
4,973,0,0,AGGREGATE backward all2all,26.131645224,26.131645224,26.132069717
4,974,0,0,GROUP_BY backward all2all,26.178318514,26.178318514,26.178723843
4,975,0,0,GROUP_BY backward all2all,26.178325881,26.178325881,26.178729761
4,976,0,0,AGGREGATE backward all2all,26.204025538,26.204025538,26.204450033
4,977,0,0,AGGREGATE backward all2all,26.204034856,26.204034856,26.204459354
4,978,0,0,GROUP_BY backward all2all,26.250706196,26.250706196,26.251111816
4,979,0,0,GROUP_BY backward all2all,26.250715518,26.250715518,26.251119439
4,980,0,0,AGGREGATE backward all2all,26.282737696,26.282737696,26.283162193
4,981,0,0,AGGREGATE backward all2all,26.282745067,26.282745067,26.283169560
4,982,0,0,GROUP_BY backward all2all,26.329418357,26.329418357,26.329823686
4,983,0,0,GROUP_BY backward all2all,26.329425724,26.329425724,26.329829604
4,984,0,0,AGGREGATE backward all2all,26.355125381,26.355125381,26.355549876
4,985,0,0,AGGREGATE backward all2all,26.355134699,26.355134699,26.355559197
4,986,0,0,GROUP_BY backward all2all,26.401806039,26.401806039,26.402211659
4,987,0,0,GROUP_BY backward all2all,26.401815361,26.401815361,26.402219282
4,988,0,0,AGGREGATE backward all2all,26.433837539,26.433837539,26.434262036
4,989,0,0,AGGREGATE backward all2all,26.433844910,26.433844910,26.434269403
4,990,0,0,GROUP_BY backward all2all,26.480518200,26.480518200,26.480923529
4,991,0,0,GROUP_BY backward all2all,26.480525567,26.480525567,26.480929447
4,992,0,0,AGGREGATE backward all2all,26.506225224,26.506225224,26.506649719
4,993,0,0,AGGREGATE backward all2all,26.506234542,26.506234542,26.506659040
4,994,0,0,GROUP_BY backward all2all,26.552905882,26.552905882,26.553311502
4,995,0,0,GROUP_BY backward all2all,26.552915204,26.552915204,26.553319125
4,996,0,0,AGGREGATE backward all2all,26.584937382,26.584937382,26.585361879
4,997,0,0,AGGREGATE backward all2all,26.584944753,26.584944753,26.585369246
4,998,0,0,GROUP_BY backward all2all,26.631618043,26.631618043,26.632023372
4,999,0,0,GROUP_BY backward all2all,26.631625410,26.631625410,26.632029290
4,1000,0,0,AGGREGATE backward all2all,26.657325067,26.657325067,26.657749562
4,1001,0,0,AGGREGATE backward all2all,26.657334385,26.657334385,26.657758883
4,1002,0,0,GROUP_BY backward all2all,26.704005725,26.704005725,26.704411345
4,1003,0,0,GROUP_BY backward all2all,26.704015047,26.704015047,26.704418968
4,1004,0,0,AGGREGATE backward all2all,26.736037225,26.736037225,26.736461722
4,1005,0,0,AGGREGATE backward all2all,26.736044596,26.736044596,26.736469089
4,1006,0,0,GROUP_BY backward all2all,26.782717886,26.782717886,26.783123215
4,1007,0,0,GROUP_BY backward all2all,26.782725253,26.782725253,26.783129133
4,1008,0,0,AGGREGATE backward all2all,26.808424910,26.808424910,26.808849405
4,1009,0,0,AGGREGATE backward all2all,26.808434228,26.808434228,26.808858726
4,1010,0,0,GROUP_BY backward all2all,26.855105568,26.855105568,26.855511188
4,1011,0,0,GROUP_BY backward all2all,26.855114890,26.855114890,26.855518811
4,1012,0,0,AGGREGATE backward all2all,26.887137068,26.887137068,26.887561565
4,1013,0,0,AGGREGATE backward all2all,26.887144439,26.887144439,26.887568932
4,1014,0,0,GROUP_BY backward all2all,26.933817729,26.933817729,26.934223058
4,1015,0,0,GROUP_BY backward all2all,26.933825096,26.933825096,26.934228976
4,1016,0,0,AGGREGATE backward all2all,26.959524753,26.959524753,26.959949248
4,1017,0,0,AGGREGATE backward all2all,26.959534071,26.959534071,26.959958569
4,1018,0,0,GROUP_BY backward all2all,27.006205411,27.006205411,27.006611031
4,1019,0,0,GROUP_BY backward all2all,27.006214733,27.006214733,27.006618654
4,1020,0,0,AGGREGATE backward all2all,27.038236911,27.038236911,27.038661408
4,1021,0,0,AGGREGATE backward all2all,27.038244282,27.038244282,27.038668775
4,1022,0,0,GROUP_BY backward all2all,27.084917572,27.084917572,27.085322901
4,1023,0,0,GROUP_BY backward all2all,27.084924939,27.084924939,27.085328819
5,1024,0,0,GROUP_BY forward all2all,28.137566144,28.137566144,28.137956556
5,1025,0,0,GROUP_BY forward all2all,28.137566144,28.137566144,28.137956556
5,1026,0,0,AGGREGATE forward all2all,28.179009594,28.179009594,28.179400277
5,1027,0,0,AGGREGATE forward all2all,28.179009594,28.179009594,28.179400277
5,1028,0,0,GROUP_BY forward all2all,28.192062638,28.192062638,28.192453050
5,1029,0,0,GROUP_BY forward all2all,28.192062638,28.192062638,28.192453050
5,1030,0,0,AGGREGATE forward all2all,28.233506088,28.233506088,28.233896771
5,1031,0,0,AGGREGATE forward all2all,28.233506088,28.233506088,28.233896771
5,1032,0,0,GROUP_BY forward all2all,28.246540101,28.246540101,28.246930513
5,1033,0,0,GROUP_BY forward all2all,28.246540101,28.246540101,28.246930513
5,1034,0,0,AGGREGATE forward all2all,28.287983551,28.287983551,28.288374234
5,1035,0,0,AGGREGATE forward all2all,28.287983551,28.287983551,28.288374234
5,1036,0,0,GROUP_BY forward all2all,28.301017564,28.301017564,28.301407976
5,1037,0,0,GROUP_BY forward all2all,28.301017564,28.301017564,28.301407976
5,1038,0,0,AGGREGATE forward all2all,28.342461014,28.342461014,28.342851697
5,1039,0,0,AGGREGATE forward all2all,28.342461014,28.342461014,28.342851697
5,1040,0,0,GROUP_BY forward all2all,28.355512131,28.355512131,28.355902543
5,1041,0,0,GROUP_BY forward all2all,28.355512131,28.355512131,28.355902543
5,1042,0,0,AGGREGATE forward all2all,28.396955581,28.396955581,28.397346264
5,1043,0,0,AGGREGATE forward all2all,28.396955581,28.396955581,28.397346264
5,1044,0,0,GROUP_BY forward all2all,28.410008625,28.410008625,28.410399037
5,1045,0,0,GROUP_BY forward all2all,28.410008625,28.410008625,28.410399037
5,1046,0,0,AGGREGATE forward all2all,28.451452075,28.451452075,28.451842758
5,1047,0,0,AGGREGATE forward all2all,28.451452075,28.451452075,28.451842758
5,1048,0,0,GROUP_BY forward all2all,28.464486088,28.464486088,28.464876500
5,1049,0,0,GROUP_BY forward all2all,28.464486088,28.464486088,28.464876500
5,1050,0,0,AGGREGATE forward all2all,28.505929538,28.505929538,28.506320221
5,1051,0,0,AGGREGATE forward all2all,28.505929538,28.505929538,28.506320221
5,1052,0,0,GROUP_BY forward all2all,28.518963551,28.518963551,28.519353963
5,1053,0,0,GROUP_BY forward all2all,28.518963551,28.518963551,28.519353963
5,1054,0,0,AGGREGATE forward all2all,28.560407001,28.560407001,28.560797684
5,1055,0,0,AGGREGATE forward all2all,28.560407001,28.560407001,28.560797684
5,1056,0,0,GROUP_BY forward all2all,28.573458118,28.573458118,28.573848530
5,1057,0,0,GROUP_BY forward all2all,28.573458118,28.573458118,28.573848530
5,1058,0,0,AGGREGATE forward all2all,28.614901568,28.614901568,28.615292251
5,1059,0,0,AGGREGATE forward all2all,28.614901568,28.614901568,28.615292251
5,1060,0,0,GROUP_BY forward all2all,28.627954612,28.627954612,28.628345024
5,1061,0,0,GROUP_BY forward all2all,28.627954612,28.627954612,28.628345024
5,1062,0,0,AGGREGATE forward all2all,28.669398062,28.669398062,28.669788745
5,1063,0,0,AGGREGATE forward all2all,28.669398062,28.669398062,28.669788745
5,1064,0,0,GROUP_BY forward all2all,28.682432075,28.682432075,28.682822487
5,1065,0,0,GROUP_BY forward all2all,28.682432075,28.682432075,28.682822487
5,1066,0,0,AGGREGATE forward all2all,28.723875525,28.723875525,28.724266208
5,1067,0,0,AGGREGATE forward all2all,28.723875525,28.723875525,28.724266208
5,1068,0,0,GROUP_BY forward all2all,28.736909538,28.736909538,28.737299950
5,1069,0,0,GROUP_BY forward all2all,28.736909538,28.736909538,28.737299950
5,1070,0,0,AGGREGATE forward all2all,28.778352988,28.778352988,28.778743671
5,1071,0,0,AGGREGATE forward all2all,28.778352988,28.778352988,28.778743671
5,1072,0,0,GROUP_BY forward all2all,28.791404105,28.791404105,28.791794517
5,1073,0,0,GROUP_BY forward all2all,28.791404105,28.791404105,28.791794517
5,1074,0,0,AGGREGATE forward all2all,28.832847555,28.832847555,28.833238238
5,1075,0,0,AGGREGATE forward all2all,28.832847555,28.832847555,28.833238238
5,1076,0,0,GROUP_BY forward all2all,28.845900599,28.845900599,28.846291011
5,1077,0,0,GROUP_BY forward all2all,28.845900599,28.845900599,28.846291011
5,1078,0,0,AGGREGATE forward all2all,28.887344049,28.887344049,28.887734732
5,1079,0,0,AGGREGATE forward all2all,28.887344049,28.887344049,28.887734732
5,1080,0,0,GROUP_BY forward all2all,28.900378062,28.900378062,28.900768474
5,1081,0,0,GROUP_BY forward all2all,28.900378062,28.900378062,28.900768474
5,1082,0,0,AGGREGATE forward all2all,28.941821512,28.941821512,28.942212195
5,1083,0,0,AGGREGATE forward all2all,28.941821512,28.941821512,28.942212195
5,1084,0,0,GROUP_BY forward all2all,28.954855525,28.954855525,28.955245937
5,1085,0,0,GROUP_BY forward all2all,28.954855525,28.954855525,28.955245937
5,1086,0,0,AGGREGATE forward all2all,28.996298975,28.996298975,28.996689658
5,1087,0,0,AGGREGATE forward all2all,28.996298975,28.996298975,28.996689658
5,1088,0,0,GROUP_BY forward all2all,29.009350092,29.009350092,29.009740504
5,1089,0,0,GROUP_BY forward all2all,29.009350092,29.009350092,29.009740504
5,1090,0,0,AGGREGATE forward all2all,29.050793542,29.050793542,29.051184225
5,1091,0,0,AGGREGATE forward all2all,29.050793542,29.050793542,29.051184225
5,1092,0,0,GROUP_BY forward all2all,29.063846586,29.063846586,29.064236998
5,1093,0,0,GROUP_BY forward all2all,29.063846586,29.063846586,29.064236998
5,1094,0,0,AGGREGATE forward all2all,29.105290036,29.105290036,29.105680719
5,1095,0,0,AGGREGATE forward all2all,29.105290036,29.105290036,29.105680719
5,1096,0,0,GROUP_BY forward all2all,29.118324049,29.118324049,29.118714461
5,1097,0,0,GROUP_BY forward all2all,29.118324049,29.118324049,29.118714461
5,1098,0,0,AGGREGATE forward all2all,29.159767499,29.159767499,29.160158182
5,1099,0,0,AGGREGATE forward all2all,29.159767499,29.159767499,29.160158182
5,1100,0,0,GROUP_BY forward all2all,29.172801512,29.172801512,29.173191924
5,1101,0,0,GROUP_BY forward all2all,29.172801512,29.172801512,29.173191924
5,1102,0,0,AGGREGATE forward all2all,29.214244962,29.214244962,29.214635645
5,1103,0,0,AGGREGATE forward all2all,29.214244962,29.214244962,29.214635645
5,1104,0,0,GROUP_BY forward all2all,29.227296079,29.227296079,29.227686491
5,1105,0,0,GROUP_BY forward all2all,29.227296079,29.227296079,29.227686491
5,1106,0,0,AGGREGATE forward all2all,29.268739529,29.268739529,29.269130212
5,1107,0,0,AGGREGATE forward all2all,29.268739529,29.268739529,29.269130212
5,1108,0,0,GROUP_BY forward all2all,29.281792573,29.281792573,29.282182985
5,1109,0,0,GROUP_BY forward all2all,29.281792573,29.281792573,29.282182985
5,1110,0,0,AGGREGATE forward all2all,29.323236023,29.323236023,29.323626706
5,1111,0,0,AGGREGATE forward all2all,29.323236023,29.323236023,29.323626706
5,1112,0,0,GROUP_BY forward all2all,29.336270036,29.336270036,29.336660448
5,1113,0,0,GROUP_BY forward all2all,29.336270036,29.336270036,29.336660448
5,1114,0,0,AGGREGATE forward all2all,29.377713486,29.377713486,29.378104169
5,1115,0,0,AGGREGATE forward all2all,29.377713486,29.377713486,29.378104169
5,1116,0,0,GROUP_BY forward all2all,29.390747499,29.390747499,29.391137911
5,1117,0,0,GROUP_BY forward all2all,29.390747499,29.390747499,29.391137911
5,1118,0,0,AGGREGATE forward all2all,29.432190949,29.432190949,29.432581632
5,1119,0,0,AGGREGATE forward all2all,29.432190949,29.432190949,29.432581632
5,1120,0,0,GROUP_BY forward all2all,29.445242066,29.445242066,29.445632478
5,1121,0,0,GROUP_BY forward all2all,29.445242066,29.445242066,29.445632478
5,1122,0,0,AGGREGATE forward all2all,29.486685516,29.486685516,29.487076199
5,1123,0,0,AGGREGATE forward all2all,29.486685516,29.486685516,29.487076199
5,1124,0,0,GROUP_BY forward all2all,29.499738560,29.499738560,29.500128972
5,1125,0,0,GROUP_BY forward all2all,29.499738560,29.499738560,29.500128972
5,1126,0,0,AGGREGATE forward all2all,29.541182010,29.541182010,29.541572693
5,1127,0,0,AGGREGATE forward all2all,29.541182010,29.541182010,29.541572693
5,1128,0,0,GROUP_BY forward all2all,29.554216023,29.554216023,29.554606435
5,1129,0,0,GROUP_BY forward all2all,29.554216023,29.554216023,29.554606435
5,1130,0,0,AGGREGATE forward all2all,29.595659473,29.595659473,29.596050156
5,1131,0,0,AGGREGATE forward all2all,29.595659473,29.595659473,29.596050156
5,1132,0,0,GROUP_BY forward all2all,29.608693486,29.608693486,29.609083898
5,1133,0,0,GROUP_BY forward all2all,29.608693486,29.608693486,29.609083898
5,1134,0,0,AGGREGATE forward all2all,29.650136936,29.650136936,29.650527619
5,1135,0,0,AGGREGATE forward all2all,29.650136936,29.650136936,29.650527619
5,1136,0,0,GROUP_BY forward all2all,29.663188053,29.663188053,29.663578465
5,1137,0,0,GROUP_BY forward all2all,29.663188053,29.663188053,29.663578465
5,1138,0,0,AGGREGATE forward all2all,29.704631503,29.704631503,29.705022186
5,1139,0,0,AGGREGATE forward all2all,29.704631503,29.704631503,29.705022186
5,1140,0,0,GROUP_BY forward all2all,29.717684547,29.717684547,29.718074959
5,1141,0,0,GROUP_BY forward all2all,29.717684547,29.717684547,29.718074959
5,1142,0,0,AGGREGATE forward all2all,29.759127997,29.759127997,29.759518680
5,1143,0,0,AGGREGATE forward all2all,29.759127997,29.759127997,29.759518680
5,1144,0,0,GROUP_BY forward all2all,29.772162010,29.772162010,29.772552422
5,1145,0,0,GROUP_BY forward all2all,29.772162010,29.772162010,29.772552422
5,1146,0,0,AGGREGATE forward all2all,29.813605460,29.813605460,29.813996143
5,1147,0,0,AGGREGATE forward all2all,29.813605460,29.813605460,29.813996143
5,1148,0,0,GROUP_BY forward all2all,29.826639473,29.826639473,29.827029885
5,1149,0,0,GROUP_BY forward all2all,29.826639473,29.826639473,29.827029885
5,1150,0,0,AGGREGATE forward all2all,29.868082923,29.868082923,29.868473606
5,1151,0,0,AGGREGATE forward all2all,29.868082923,29.868082923,29.868473606
5,1152,0,0,AGGREGATE backward all2all,30.948948878,30.948948878,30.949373375
5,1153,0,0,AGGREGATE backward all2all,30.948971780,30.948971780,30.949396274
5,1154,0,0,GROUP_BY backward all2all,30.995629539,30.995629539,30.996037513
5,1155,0,0,GROUP_BY backward all2all,30.995652438,30.995652438,30.996057150
5,1156,0,0,AGGREGATE backward all2all,31.021335943,31.021335943,31.021760440
5,1157,0,0,AGGREGATE backward all2all,31.021358845,31.021358845,31.021783339
5,1158,0,0,GROUP_BY backward all2all,31.068016604,31.068016604,31.068424578
5,1159,0,0,GROUP_BY backward all2all,31.068039503,31.068039503,31.068444215
5,1160,0,0,AGGREGATE backward all2all,31.093723008,31.093723008,31.094147505
5,1161,0,0,AGGREGATE backward all2all,31.093745910,31.093745910,31.094170404
5,1162,0,0,GROUP_BY backward all2all,31.140403669,31.140403669,31.140811643
5,1163,0,0,GROUP_BY backward all2all,31.140426568,31.140426568,31.140831280
5,1164,0,0,AGGREGATE backward all2all,31.166110073,31.166110073,31.166534570
5,1165,0,0,AGGREGATE backward all2all,31.166132975,31.166132975,31.166557469
5,1166,0,0,GROUP_BY backward all2all,31.212790734,31.212790734,31.213198708
5,1167,0,0,GROUP_BY backward all2all,31.212813633,31.212813633,31.213218345
5,1168,0,0,AGGREGATE backward all2all,31.238497138,31.238497138,31.238921635
5,1169,0,0,AGGREGATE backward all2all,31.238520040,31.238520040,31.238944534
5,1170,0,0,GROUP_BY backward all2all,31.285177799,31.285177799,31.285585773
5,1171,0,0,GROUP_BY backward all2all,31.285200698,31.285200698,31.285605410
5,1172,0,0,AGGREGATE backward all2all,31.310884203,31.310884203,31.311308700
5,1173,0,0,AGGREGATE backward all2all,31.310907105,31.310907105,31.311331599
5,1174,0,0,GROUP_BY backward all2all,31.357564864,31.357564864,31.357972838
5,1175,0,0,GROUP_BY backward all2all,31.357587763,31.357587763,31.357992475
5,1176,0,0,AGGREGATE backward all2all,31.383271268,31.383271268,31.383695765
5,1177,0,0,AGGREGATE backward all2all,31.383294170,31.383294170,31.383718664
5,1178,0,0,GROUP_BY backward all2all,31.429951929,31.429951929,31.430359903
5,1179,0,0,GROUP_BY backward all2all,31.429974828,31.429974828,31.430379540
5,1180,0,0,AGGREGATE backward all2all,31.455658333,31.455658333,31.456082830
5,1181,0,0,AGGREGATE backward all2all,31.455681235,31.455681235,31.456105729
5,1182,0,0,GROUP_BY backward all2all,31.502338994,31.502338994,31.502746968
5,1183,0,0,GROUP_BY backward all2all,31.502361893,31.502361893,31.502766605
5,1184,0,0,AGGREGATE backward all2all,31.886497100,31.886497100,31.886921593
5,1185,0,0,AGGREGATE backward all2all,31.886517213,31.886517213,31.886941707
5,1186,0,0,GROUP_BY backward all2all,31.933177757,31.933177757,31.933585240
5,1187,0,0,GROUP_BY backward all2all,31.933197871,31.933197871,31.933602457
5,1188,0,0,AGGREGATE backward all2all,31.958886935,31.958886935,31.959311428
5,1189,0,0,AGGREGATE backward all2all,31.958907048,31.958907048,31.959331542
5,1190,0,0,GROUP_BY backward all2all,32.005567592,32.005567592,32.005975075
5,1191,0,0,GROUP_BY backward all2all,32.005587706,32.005587706,32.005992292
5,1192,0,0,AGGREGATE backward all2all,32.031276770,32.031276770,32.031701263
5,1193,0,0,AGGREGATE backward all2all,32.031296883,32.031296883,32.031721377
5,1194,0,0,GROUP_BY backward all2all,32.077957427,32.077957427,32.078364910
5,1195,0,0,GROUP_BY backward all2all,32.077977541,32.077977541,32.078382127
5,1196,0,0,AGGREGATE backward all2all,32.103666605,32.103666605,32.104091098
5,1197,0,0,AGGREGATE backward all2all,32.103686718,32.103686718,32.104111212
5,1198,0,0,GROUP_BY backward all2all,32.150347262,32.150347262,32.150754745
5,1199,0,0,GROUP_BY backward all2all,32.150367376,32.150367376,32.150771962
5,1200,0,0,AGGREGATE backward all2all,32.176056440,32.176056440,32.176480933
5,1201,0,0,AGGREGATE backward all2all,32.176076553,32.176076553,32.176501047
5,1202,0,0,GROUP_BY backward all2all,32.222737097,32.222737097,32.223144580
5,1203,0,0,GROUP_BY backward all2all,32.222757211,32.222757211,32.223161797
5,1204,0,0,AGGREGATE backward all2all,32.248446275,32.248446275,32.248870768
5,1205,0,0,AGGREGATE backward all2all,32.248466388,32.248466388,32.248890882
5,1206,0,0,GROUP_BY backward all2all,32.295126932,32.295126932,32.295534415
5,1207,0,0,GROUP_BY backward all2all,32.295147046,32.295147046,32.295551632
5,1208,0,0,AGGREGATE backward all2all,32.320836110,32.320836110,32.321260603
5,1209,0,0,AGGREGATE backward all2all,32.320856223,32.320856223,32.321280717
5,1210,0,0,GROUP_BY backward all2all,32.367516767,32.367516767,32.367924250
5,1211,0,0,GROUP_BY backward all2all,32.367536881,32.367536881,32.367941467
5,1212,0,0,AGGREGATE backward all2all,32.393225945,32.393225945,32.393650438
5,1213,0,0,AGGREGATE backward all2all,32.393246058,32.393246058,32.393670552
5,1214,0,0,GROUP_BY backward all2all,32.439906602,32.439906602,32.440314085
5,1215,0,0,GROUP_BY backward all2all,32.439926716,32.439926716,32.440331302
5,1216,0,0,AGGREGATE backward all2all,32.824125940,32.824125940,32.824550435
5,1217,0,0,AGGREGATE backward all2all,32.824135258,32.824135258,32.824559756
5,1218,0,0,GROUP_BY backward all2all,32.870806598,32.870806598,32.871212218
5,1219,0,0,GROUP_BY backward all2all,32.870815920,32.870815920,32.871219841
5,1220,0,0,AGGREGATE backward all2all,32.902838098,32.902838098,32.903262595
5,1221,0,0,AGGREGATE backward all2all,32.902845469,32.902845469,32.903269962
5,1222,0,0,GROUP_BY backward all2all,32.949518759,32.949518759,32.949924088
5,1223,0,0,GROUP_BY backward all2all,32.949526126,32.949526126,32.949930006
5,1224,0,0,AGGREGATE backward all2all,32.975225783,32.975225783,32.975650278
5,1225,0,0,AGGREGATE backward all2all,32.975235101,32.975235101,32.975659599
5,1226,0,0,GROUP_BY backward all2all,33.021906441,33.021906441,33.022312061
5,1227,0,0,GROUP_BY backward all2all,33.021915763,33.021915763,33.022319684
5,1228,0,0,AGGREGATE backward all2all,33.053937941,33.053937941,33.054362438
5,1229,0,0,AGGREGATE backward all2all,33.053945312,33.053945312,33.054369805
5,1230,0,0,GROUP_BY backward all2all,33.100618602,33.100618602,33.101023931
5,1231,0,0,GROUP_BY backward all2all,33.100625969,33.100625969,33.101029849
5,1232,0,0,AGGREGATE backward all2all,33.126325626,33.126325626,33.126750121
5,1233,0,0,AGGREGATE backward all2all,33.126334944,33.126334944,33.126759442
5,1234,0,0,GROUP_BY backward all2all,33.173006284,33.173006284,33.173411904
5,1235,0,0,GROUP_BY backward all2all,33.173015606,33.173015606,33.173419527
5,1236,0,0,AGGREGATE backward all2all,33.205037784,33.205037784,33.205462281
5,1237,0,0,AGGREGATE backward all2all,33.205045155,33.205045155,33.205469648
5,1238,0,0,GROUP_BY backward all2all,33.251718445,33.251718445,33.252123774
5,1239,0,0,GROUP_BY backward all2all,33.251725812,33.251725812,33.252129692
5,1240,0,0,AGGREGATE backward all2all,33.277425469,33.277425469,33.277849964
5,1241,0,0,AGGREGATE backward all2all,33.277434787,33.277434787,33.277859285
5,1242,0,0,GROUP_BY backward all2all,33.324106127,33.324106127,33.324511747
5,1243,0,0,GROUP_BY backward all2all,33.324115449,33.324115449,33.324519370
5,1244,0,0,AGGREGATE backward all2all,33.356137627,33.356137627,33.356562124
5,1245,0,0,AGGREGATE backward all2all,33.356144998,33.356144998,33.356569491
5,1246,0,0,GROUP_BY backward all2all,33.402818288,33.402818288,33.403223617
5,1247,0,0,GROUP_BY backward all2all,33.402825655,33.402825655,33.403229535
5,1248,0,0,AGGREGATE backward all2all,33.428525312,33.428525312,33.428949807
5,1249,0,0,AGGREGATE backward all2all,33.428534630,33.428534630,33.428959128
5,1250,0,0,GROUP_BY backward all2all,33.475205970,33.475205970,33.475611590
5,1251,0,0,GROUP_BY backward all2all,33.475215292,33.475215292,33.475619213
5,1252,0,0,AGGREGATE backward all2all,33.507237470,33.507237470,33.507661967
5,1253,0,0,AGGREGATE backward all2all,33.507244841,33.507244841,33.507669334
5,1254,0,0,GROUP_BY backward all2all,33.553918131,33.553918131,33.554323460
5,1255,0,0,GROUP_BY backward all2all,33.553925498,33.553925498,33.554329378
5,1256,0,0,AGGREGATE backward all2all,33.579625155,33.579625155,33.580049650
5,1257,0,0,AGGREGATE backward all2all,33.579634473,33.579634473,33.580058971
5,1258,0,0,GROUP_BY backward all2all,33.626305813,33.626305813,33.626711433
5,1259,0,0,GROUP_BY backward all2all,33.626315135,33.626315135,33.626719056
5,1260,0,0,AGGREGATE backward all2all,33.658337313,33.658337313,33.658761810
5,1261,0,0,AGGREGATE backward all2all,33.658344684,33.658344684,33.658769177
5,1262,0,0,GROUP_BY backward all2all,33.705017974,33.705017974,33.705423303
5,1263,0,0,GROUP_BY backward all2all,33.705025341,33.705025341,33.705429221
5,1264,0,0,AGGREGATE backward all2all,33.730724998,33.730724998,33.731149493
5,1265,0,0,AGGREGATE backward all2all,33.730734316,33.730734316,33.731158814
5,1266,0,0,GROUP_BY backward all2all,33.777405656,33.777405656,33.777811276
5,1267,0,0,GROUP_BY backward all2all,33.777414978,33.777414978,33.777818899
5,1268,0,0,AGGREGATE backward all2all,33.809437156,33.809437156,33.809861653
5,1269,0,0,AGGREGATE backward all2all,33.809444527,33.809444527,33.809869020
5,1270,0,0,GROUP_BY backward all2all,33.856117817,33.856117817,33.856523146
5,1271,0,0,GROUP_BY backward all2all,33.856125184,33.856125184,33.856529064
5,1272,0,0,AGGREGATE backward all2all,33.881824841,33.881824841,33.882249336
5,1273,0,0,AGGREGATE backward all2all,33.881834159,33.881834159,33.882258657
5,1274,0,0,GROUP_BY backward all2all,33.928505499,33.928505499,33.928911119
5,1275,0,0,GROUP_BY backward all2all,33.928514821,33.928514821,33.928918742
5,1276,0,0,AGGREGATE backward all2all,33.960536999,33.960536999,33.960961496
5,1277,0,0,AGGREGATE backward all2all,33.960544370,33.960544370,33.960968863
5,1278,0,0,GROUP_BY backward all2all,34.007217660,34.007217660,34.007622989
5,1279,0,0,GROUP_BY backward all2all,34.007225027,34.007225027,34.007628907
6,1280,0,0,GROUP_BY forward all2all,35.059866232,35.059866232,35.060256644
6,1281,0,0,GROUP_BY forward all2all,35.059866232,35.059866232,35.060256644
6,1282,0,0,AGGREGATE forward all2all,35.101309682,35.101309682,35.101700365
6,1283,0,0,AGGREGATE forward all2all,35.101309682,35.101309682,35.101700365
6,1284,0,0,GROUP_BY forward all2all,35.114362726,35.114362726,35.114753138
6,1285,0,0,GROUP_BY forward all2all,35.114362726,35.114362726,35.114753138
6,1286,0,0,AGGREGATE forward all2all,35.155806176,35.155806176,35.156196859
6,1287,0,0,AGGREGATE forward all2all,35.155806176,35.155806176,35.156196859
6,1288,0,0,GROUP_BY forward all2all,35.168840189,35.168840189,35.169230601
6,1289,0,0,GROUP_BY forward all2all,35.168840189,35.168840189,35.169230601
6,1290,0,0,AGGREGATE forward all2all,35.210283639,35.210283639,35.210674322
6,1291,0,0,AGGREGATE forward all2all,35.210283639,35.210283639,35.210674322
6,1292,0,0,GROUP_BY forward all2all,35.223317652,35.223317652,35.223708064
6,1293,0,0,GROUP_BY forward all2all,35.223317652,35.223317652,35.223708064
6,1294,0,0,AGGREGATE forward all2all,35.264761102,35.264761102,35.265151785
6,1295,0,0,AGGREGATE forward all2all,35.264761102,35.264761102,35.265151785
6,1296,0,0,GROUP_BY forward all2all,35.277812219,35.277812219,35.278202631
6,1297,0,0,GROUP_BY forward all2all,35.277812219,35.277812219,35.278202631
6,1298,0,0,AGGREGATE forward all2all,35.319255669,35.319255669,35.319646352
6,1299,0,0,AGGREGATE forward all2all,35.319255669,35.319255669,35.319646352
6,1300,0,0,GROUP_BY forward all2all,35.332308713,35.332308713,35.332699125
6,1301,0,0,GROUP_BY forward all2all,35.332308713,35.332308713,35.332699125
6,1302,0,0,AGGREGATE forward all2all,35.373752163,35.373752163,35.374142846
6,1303,0,0,AGGREGATE forward all2all,35.373752163,35.373752163,35.374142846
6,1304,0,0,GROUP_BY forward all2all,35.386786176,35.386786176,35.387176588
6,1305,0,0,GROUP_BY forward all2all,35.386786176,35.386786176,35.387176588
6,1306,0,0,AGGREGATE forward all2all,35.428229626,35.428229626,35.428620309
6,1307,0,0,AGGREGATE forward all2all,35.428229626,35.428229626,35.428620309
6,1308,0,0,GROUP_BY forward all2all,35.441263639,35.441263639,35.441654051
6,1309,0,0,GROUP_BY forward all2all,35.441263639,35.441263639,35.441654051
6,1310,0,0,AGGREGATE forward all2all,35.482707089,35.482707089,35.483097772
6,1311,0,0,AGGREGATE forward all2all,35.482707089,35.482707089,35.483097772
6,1312,0,0,GROUP_BY forward all2all,35.495758206,35.495758206,35.496148618
6,1313,0,0,GROUP_BY forward all2all,35.495758206,35.495758206,35.496148618
6,1314,0,0,AGGREGATE forward all2all,35.537201656,35.537201656,35.537592339
6,1315,0,0,AGGREGATE forward all2all,35.537201656,35.537201656,35.537592339
6,1316,0,0,GROUP_BY forward all2all,35.550254700,35.550254700,35.550645112
6,1317,0,0,GROUP_BY forward all2all,35.550254700,35.550254700,35.550645112
6,1318,0,0,AGGREGATE forward all2all,35.591698150,35.591698150,35.592088833
6,1319,0,0,AGGREGATE forward all2all,35.591698150,35.591698150,35.592088833
6,1320,0,0,GROUP_BY forward all2all,35.604732163,35.604732163,35.605122575
6,1321,0,0,GROUP_BY forward all2all,35.604732163,35.604732163,35.605122575
6,1322,0,0,AGGREGATE forward all2all,35.646175613,35.646175613,35.646566296
6,1323,0,0,AGGREGATE forward all2all,35.646175613,35.646175613,35.646566296
6,1324,0,0,GROUP_BY forward all2all,35.659209626,35.659209626,35.659600038
6,1325,0,0,GROUP_BY forward all2all,35.659209626,35.659209626,35.659600038
6,1326,0,0,AGGREGATE forward all2all,35.700653076,35.700653076,35.701043759
6,1327,0,0,AGGREGATE forward all2all,35.700653076,35.700653076,35.701043759
6,1328,0,0,GROUP_BY forward all2all,35.713704193,35.713704193,35.714094605
6,1329,0,0,GROUP_BY forward all2all,35.713704193,35.713704193,35.714094605
6,1330,0,0,AGGREGATE forward all2all,35.755147643,35.755147643,35.755538326
6,1331,0,0,AGGREGATE forward all2all,35.755147643,35.755147643,35.755538326
6,1332,0,0,GROUP_BY forward all2all,35.768200687,35.768200687,35.768591099
6,1333,0,0,GROUP_BY forward all2all,35.768200687,35.768200687,35.768591099
6,1334,0,0,AGGREGATE forward all2all,35.809644137,35.809644137,35.810034820
6,1335,0,0,AGGREGATE forward all2all,35.809644137,35.809644137,35.810034820
6,1336,0,0,GROUP_BY forward all2all,35.822678150,35.822678150,35.823068562
6,1337,0,0,GROUP_BY forward all2all,35.822678150,35.822678150,35.823068562
6,1338,0,0,AGGREGATE forward all2all,35.864121600,35.864121600,35.864512283
6,1339,0,0,AGGREGATE forward all2all,35.864121600,35.864121600,35.864512283
6,1340,0,0,GROUP_BY forward all2all,35.877155613,35.877155613,35.877546025
6,1341,0,0,GROUP_BY forward all2all,35.877155613,35.877155613,35.877546025
6,1342,0,0,AGGREGATE forward all2all,35.918599063,35.918599063,35.918989746
6,1343,0,0,AGGREGATE forward all2all,35.918599063,35.918599063,35.918989746
6,1344,0,0,GROUP_BY forward all2all,35.931650180,35.931650180,35.932040592
6,1345,0,0,GROUP_BY forward all2all,35.931650180,35.931650180,35.932040592
6,1346,0,0,AGGREGATE forward all2all,35.973093630,35.973093630,35.973484313
6,1347,0,0,AGGREGATE forward all2all,35.973093630,35.973093630,35.973484313
6,1348,0,0,GROUP_BY forward all2all,35.986146674,35.986146674,35.986537086
6,1349,0,0,GROUP_BY forward all2all,35.986146674,35.986146674,35.986537086
6,1350,0,0,AGGREGATE forward all2all,36.027590124,36.027590124,36.027980807
6,1351,0,0,AGGREGATE forward all2all,36.027590124,36.027590124,36.027980807
6,1352,0,0,GROUP_BY forward all2all,36.040624137,36.040624137,36.041014549
6,1353,0,0,GROUP_BY forward all2all,36.040624137,36.040624137,36.041014549
6,1354,0,0,AGGREGATE forward all2all,36.082067587,36.082067587,36.082458270
6,1355,0,0,AGGREGATE forward all2all,36.082067587,36.082067587,36.082458270
6,1356,0,0,GROUP_BY forward all2all,36.095101600,36.095101600,36.095492012
6,1357,0,0,GROUP_BY forward all2all,36.095101600,36.095101600,36.095492012
6,1358,0,0,AGGREGATE forward all2all,36.136545050,36.136545050,36.136935733
6,1359,0,0,AGGREGATE forward all2all,36.136545050,36.136545050,36.136935733
6,1360,0,0,GROUP_BY forward all2all,36.149596167,36.149596167,36.149986579
6,1361,0,0,GROUP_BY forward all2all,36.149596167,36.149596167,36.149986579
6,1362,0,0,AGGREGATE forward all2all,36.191039617,36.191039617,36.191430300
6,1363,0,0,AGGREGATE forward all2all,36.191039617,36.191039617,36.191430300
6,1364,0,0,GROUP_BY forward all2all,36.204092661,36.204092661,36.204483073
6,1365,0,0,GROUP_BY forward all2all,36.204092661,36.204092661,36.204483073
6,1366,0,0,AGGREGATE forward all2all,36.245536111,36.245536111,36.245926794
6,1367,0,0,AGGREGATE forward all2all,36.245536111,36.245536111,36.245926794
6,1368,0,0,GROUP_BY forward all2all,36.258570124,36.258570124,36.258960536
6,1369,0,0,GROUP_BY forward all2all,36.258570124,36.258570124,36.258960536
6,1370,0,0,AGGREGATE forward all2all,36.300013574,36.300013574,36.300404257
6,1371,0,0,AGGREGATE forward all2all,36.300013574,36.300013574,36.300404257
6,1372,0,0,GROUP_BY forward all2all,36.313047587,36.313047587,36.313437999
6,1373,0,0,GROUP_BY forward all2all,36.313047587,36.313047587,36.313437999
6,1374,0,0,AGGREGATE forward all2all,36.354491037,36.354491037,36.354881720
6,1375,0,0,AGGREGATE forward all2all,36.354491037,36.354491037,36.354881720
6,1376,0,0,GROUP_BY forward all2all,36.367542154,36.367542154,36.367932566
6,1377,0,0,GROUP_BY forward all2all,36.367542154,36.367542154,36.367932566
6,1378,0,0,AGGREGATE forward all2all,36.408985604,36.408985604,36.409376287
6,1379,0,0,AGGREGATE forward all2all,36.408985604,36.408985604,36.409376287
6,1380,0,0,GROUP_BY forward all2all,36.422038648,36.422038648,36.422429060
6,1381,0,0,GROUP_BY forward all2all,36.422038648,36.422038648,36.422429060
6,1382,0,0,AGGREGATE forward all2all,36.463482098,36.463482098,36.463872781
6,1383,0,0,AGGREGATE forward all2all,36.463482098,36.463482098,36.463872781
6,1384,0,0,GROUP_BY forward all2all,36.476516111,36.476516111,36.476906523
6,1385,0,0,GROUP_BY forward all2all,36.476516111,36.476516111,36.476906523
6,1386,0,0,AGGREGATE forward all2all,36.517959561,36.517959561,36.518350244
6,1387,0,0,AGGREGATE forward all2all,36.517959561,36.517959561,36.518350244
6,1388,0,0,GROUP_BY forward all2all,36.530993574,36.530993574,36.531383986
6,1389,0,0,GROUP_BY forward all2all,36.530993574,36.530993574,36.531383986
6,1390,0,0,AGGREGATE forward all2all,36.572437024,36.572437024,36.572827707
6,1391,0,0,AGGREGATE forward all2all,36.572437024,36.572437024,36.572827707
6,1392,0,0,GROUP_BY forward all2all,36.585488141,36.585488141,36.585878553
6,1393,0,0,GROUP_BY forward all2all,36.585488141,36.585488141,36.585878553
6,1394,0,0,AGGREGATE forward all2all,36.626931591,36.626931591,36.627322274
6,1395,0,0,AGGREGATE forward all2all,36.626931591,36.626931591,36.627322274
6,1396,0,0,GROUP_BY forward all2all,36.639984635,36.639984635,36.640375047
6,1397,0,0,GROUP_BY forward all2all,36.639984635,36.639984635,36.640375047
6,1398,0,0,AGGREGATE forward all2all,36.681428085,36.681428085,36.681818768
6,1399,0,0,AGGREGATE forward all2all,36.681428085,36.681428085,36.681818768
6,1400,0,0,GROUP_BY forward all2all,36.694462098,36.694462098,36.694852510
6,1401,0,0,GROUP_BY forward all2all,36.694462098,36.694462098,36.694852510
6,1402,0,0,AGGREGATE forward all2all,36.735905548,36.735905548,36.736296231
6,1403,0,0,AGGREGATE forward all2all,36.735905548,36.735905548,36.736296231
6,1404,0,0,GROUP_BY forward all2all,36.748939561,36.748939561,36.749329973
6,1405,0,0,GROUP_BY forward all2all,36.748939561,36.748939561,36.749329973
6,1406,0,0,AGGREGATE forward all2all,36.790383011,36.790383011,36.790773694
6,1407,0,0,AGGREGATE forward all2all,36.790383011,36.790383011,36.790773694
6,1408,0,0,AGGREGATE backward all2all,37.871248966,37.871248966,37.871673463
6,1409,0,0,AGGREGATE backward all2all,37.871271868,37.871271868,37.871696362
6,1410,0,0,GROUP_BY backward all2all,37.917929627,37.917929627,37.918337601
6,1411,0,0,GROUP_BY backward all2all,37.917952526,37.917952526,37.918357238
6,1412,0,0,AGGREGATE backward all2all,37.943636031,37.943636031,37.944060528
6,1413,0,0,AGGREGATE backward all2all,37.943658933,37.943658933,37.944083427
6,1414,0,0,GROUP_BY backward all2all,37.990316692,37.990316692,37.990724666
6,1415,0,0,GROUP_BY backward all2all,37.990339591,37.990339591,37.990744303
6,1416,0,0,AGGREGATE backward all2all,38.016023096,38.016023096,38.016447593
6,1417,0,0,AGGREGATE backward all2all,38.016045998,38.016045998,38.016470492
6,1418,0,0,GROUP_BY backward all2all,38.062703757,38.062703757,38.063111731
6,1419,0,0,GROUP_BY backward all2all,38.062726656,38.062726656,38.063131368
6,1420,0,0,AGGREGATE backward all2all,38.088410161,38.088410161,38.088834658
6,1421,0,0,AGGREGATE backward all2all,38.088433063,38.088433063,38.088857557
6,1422,0,0,GROUP_BY backward all2all,38.135090822,38.135090822,38.135498796
6,1423,0,0,GROUP_BY backward all2all,38.135113721,38.135113721,38.135518433
6,1424,0,0,AGGREGATE backward all2all,38.160797226,38.160797226,38.161221723
6,1425,0,0,AGGREGATE backward all2all,38.160820128,38.160820128,38.161244622
6,1426,0,0,GROUP_BY backward all2all,38.207477887,38.207477887,38.207885861
6,1427,0,0,GROUP_BY backward all2all,38.207500786,38.207500786,38.207905498
6,1428,0,0,AGGREGATE backward all2all,38.233184291,38.233184291,38.233608788
6,1429,0,0,AGGREGATE backward all2all,38.233207193,38.233207193,38.233631687
6,1430,0,0,GROUP_BY backward all2all,38.279864952,38.279864952,38.280272926
6,1431,0,0,GROUP_BY backward all2all,38.279887851,38.279887851,38.280292563
6,1432,0,0,AGGREGATE backward all2all,38.305571356,38.305571356,38.305995853
6,1433,0,0,AGGREGATE backward all2all,38.305594258,38.305594258,38.306018752
6,1434,0,0,GROUP_BY backward all2all,38.352252017,38.352252017,38.352659991
6,1435,0,0,GROUP_BY backward all2all,38.352274916,38.352274916,38.352679628
6,1436,0,0,AGGREGATE backward all2all,38.377958421,38.377958421,38.378382918
6,1437,0,0,AGGREGATE backward all2all,38.377981323,38.377981323,38.378405817
6,1438,0,0,GROUP_BY backward all2all,38.424639082,38.424639082,38.425047056
6,1439,0,0,GROUP_BY backward all2all,38.424661981,38.424661981,38.425066693
6,1440,0,0,AGGREGATE backward all2all,38.808797188,38.808797188,38.809221681
6,1441,0,0,AGGREGATE backward all2all,38.808817301,38.808817301,38.809241795
6,1442,0,0,GROUP_BY backward all2all,38.855477845,38.855477845,38.855885328
6,1443,0,0,GROUP_BY backward all2all,38.855497959,38.855497959,38.855902545
6,1444,0,0,AGGREGATE backward all2all,38.881187023,38.881187023,38.881611516
6,1445,0,0,AGGREGATE backward all2all,38.881207136,38.881207136,38.881631630
6,1446,0,0,GROUP_BY backward all2all,38.927867680,38.927867680,38.928275163
6,1447,0,0,GROUP_BY backward all2all,38.927887794,38.927887794,38.928292380
6,1448,0,0,AGGREGATE backward all2all,38.953576858,38.953576858,38.954001351
6,1449,0,0,AGGREGATE backward all2all,38.953596971,38.953596971,38.954021465
6,1450,0,0,GROUP_BY backward all2all,39.000257515,39.000257515,39.000664998
6,1451,0,0,GROUP_BY backward all2all,39.000277629,39.000277629,39.000682215
6,1452,0,0,AGGREGATE backward all2all,39.025966693,39.025966693,39.026391186
6,1453,0,0,AGGREGATE backward all2all,39.025986806,39.025986806,39.026411300
6,1454,0,0,GROUP_BY backward all2all,39.072647350,39.072647350,39.073054833
6,1455,0,0,GROUP_BY backward all2all,39.072667464,39.072667464,39.073072050
6,1456,0,0,AGGREGATE backward all2all,39.098356528,39.098356528,39.098781021
6,1457,0,0,AGGREGATE backward all2all,39.098376641,39.098376641,39.098801135
6,1458,0,0,GROUP_BY backward all2all,39.145037185,39.145037185,39.145444668
6,1459,0,0,GROUP_BY backward all2all,39.145057299,39.145057299,39.145461885
6,1460,0,0,AGGREGATE backward all2all,39.170746363,39.170746363,39.171170856
6,1461,0,0,AGGREGATE backward all2all,39.170766476,39.170766476,39.171190970
6,1462,0,0,GROUP_BY backward all2all,39.217427020,39.217427020,39.217834503
6,1463,0,0,GROUP_BY backward all2all,39.217447134,39.217447134,39.217851720
6,1464,0,0,AGGREGATE backward all2all,39.243136198,39.243136198,39.243560691
6,1465,0,0,AGGREGATE backward all2all,39.243156311,39.243156311,39.243580805
6,1466,0,0,GROUP_BY backward all2all,39.289816855,39.289816855,39.290224338
6,1467,0,0,GROUP_BY backward all2all,39.289836969,39.289836969,39.290241555
6,1468,0,0,AGGREGATE backward all2all,39.315526033,39.315526033,39.315950526
6,1469,0,0,AGGREGATE backward all2all,39.315546146,39.315546146,39.315970640
6,1470,0,0,GROUP_BY backward all2all,39.362206690,39.362206690,39.362614173
6,1471,0,0,GROUP_BY backward all2all,39.362226804,39.362226804,39.362631390
6,1472,0,0,AGGREGATE backward all2all,39.746426028,39.746426028,39.746850523
6,1473,0,0,AGGREGATE backward all2all,39.746435346,39.746435346,39.746859844
6,1474,0,0,GROUP_BY backward all2all,39.793106686,39.793106686,39.793512306
6,1475,0,0,GROUP_BY backward all2all,39.793116008,39.793116008,39.793519929
6,1476,0,0,AGGREGATE backward all2all,39.825138186,39.825138186,39.825562683
6,1477,0,0,AGGREGATE backward all2all,39.825145557,39.825145557,39.825570050
6,1478,0,0,GROUP_BY backward all2all,39.871818847,39.871818847,39.872224176
6,1479,0,0,GROUP_BY backward all2all,39.871826214,39.871826214,39.872230094
6,1480,0,0,AGGREGATE backward all2all,39.897525871,39.897525871,39.897950366
6,1481,0,0,AGGREGATE backward all2all,39.897535189,39.897535189,39.897959687
6,1482,0,0,GROUP_BY backward all2all,39.944206529,39.944206529,39.944612149
6,1483,0,0,GROUP_BY backward all2all,39.944215851,39.944215851,39.944619772
6,1484,0,0,AGGREGATE backward all2all,39.976238029,39.976238029,39.976662526
6,1485,0,0,AGGREGATE backward all2all,39.976245400,39.976245400,39.976669893
6,1486,0,0,GROUP_BY backward all2all,40.022918690,40.022918690,40.023324019
6,1487,0,0,GROUP_BY backward all2all,40.022926057,40.022926057,40.023329937
6,1488,0,0,AGGREGATE backward all2all,40.048625714,40.048625714,40.049050209
6,1489,0,0,AGGREGATE backward all2all,40.048635032,40.048635032,40.049059530
6,1490,0,0,GROUP_BY backward all2all,40.095306372,40.095306372,40.095711992
6,1491,0,0,GROUP_BY backward all2all,40.095315694,40.095315694,40.095719615
6,1492,0,0,AGGREGATE backward all2all,40.127337872,40.127337872,40.127762369
6,1493,0,0,AGGREGATE backward all2all,40.127345243,40.127345243,40.127769736
6,1494,0,0,GROUP_BY backward all2all,40.174018533,40.174018533,40.174423862
6,1495,0,0,GROUP_BY backward all2all,40.174025900,40.174025900,40.174429780
6,1496,0,0,AGGREGATE backward all2all,40.199725557,40.199725557,40.200150052
6,1497,0,0,AGGREGATE backward all2all,40.199734875,40.199734875,40.200159373
6,1498,0,0,GROUP_BY backward all2all,40.246406215,40.246406215,40.246811835
6,1499,0,0,GROUP_BY backward all2all,40.246415537,40.246415537,40.246819458
6,1500,0,0,AGGREGATE backward all2all,40.278437715,40.278437715,40.278862212
6,1501,0,0,AGGREGATE backward all2all,40.278445086,40.278445086,40.278869579
6,1502,0,0,GROUP_BY backward all2all,40.325118376,40.325118376,40.325523705
6,1503,0,0,GROUP_BY backward all2all,40.325125743,40.325125743,40.325529623
6,1504,0,0,AGGREGATE backward all2all,40.350825400,40.350825400,40.351249895
6,1505,0,0,AGGREGATE backward all2all,40.350834718,40.350834718,40.351259216
6,1506,0,0,GROUP_BY backward all2all,40.397506058,40.397506058,40.397911678
6,1507,0,0,GROUP_BY backward all2all,40.397515380,40.397515380,40.397919301
6,1508,0,0,AGGREGATE backward all2all,40.429537558,40.429537558,40.429962055
6,1509,0,0,AGGREGATE backward all2all,40.429544929,40.429544929,40.429969422
6,1510,0,0,GROUP_BY backward all2all,40.476218219,40.476218219,40.476623548
6,1511,0,0,GROUP_BY backward all2all,40.476225586,40.476225586,40.476629466
6,1512,0,0,AGGREGATE backward all2all,40.501925243,40.501925243,40.502349738
6,1513,0,0,AGGREGATE backward all2all,40.501934561,40.501934561,40.502359059
6,1514,0,0,GROUP_BY backward all2all,40.548605901,40.548605901,40.549011521
6,1515,0,0,GROUP_BY backward all2all,40.548615223,40.548615223,40.549019144
6,1516,0,0,AGGREGATE backward all2all,40.580637401,40.580637401,40.581061898
6,1517,0,0,AGGREGATE backward all2all,40.580644772,40.580644772,40.581069265
6,1518,0,0,GROUP_BY backward all2all,40.627318062,40.627318062,40.627723391
6,1519,0,0,GROUP_BY backward all2all,40.627325429,40.627325429,40.627729309
6,1520,0,0,AGGREGATE backward all2all,40.653025086,40.653025086,40.653449581
6,1521,0,0,AGGREGATE backward all2all,40.653034404,40.653034404,40.653458902
6,1522,0,0,GROUP_BY backward all2all,40.699705744,40.699705744,40.700111364
6,1523,0,0,GROUP_BY backward all2all,40.699715066,40.699715066,40.700118987
6,1524,0,0,AGGREGATE backward all2all,40.731737244,40.731737244,40.732161741
6,1525,0,0,AGGREGATE backward all2all,40.731744615,40.731744615,40.732169108
6,1526,0,0,GROUP_BY backward all2all,40.778417905,40.778417905,40.778823234
6,1527,0,0,GROUP_BY backward all2all,40.778425272,40.778425272,40.778829152
6,1528,0,0,AGGREGATE backward all2all,40.804124929,40.804124929,40.804549424
6,1529,0,0,AGGREGATE backward all2all,40.804134247,40.804134247,40.804558745
6,1530,0,0,GROUP_BY backward all2all,40.850805587,40.850805587,40.851211207
6,1531,0,0,GROUP_BY backward all2all,40.850814909,40.850814909,40.851218830
6,1532,0,0,AGGREGATE backward all2all,40.882837087,40.882837087,40.883261584
6,1533,0,0,AGGREGATE backward all2all,40.882844458,40.882844458,40.883268951
6,1534,0,0,GROUP_BY backward all2all,40.929517748,40.929517748,40.929923077
6,1535,0,0,GROUP_BY backward all2all,40.929525115,40.929525115,40.929928995
