model,iteration,direction,phase,start_s,end_s,duration_s,power_w
mixtral-dev112,1,sim,idle,0.000000000,0.102152902,0.102152902,84.0000
mixtral-dev112,1,sim,attention,0.102152902,0.114460868,0.012307966,700.0000
mixtral-dev112,1,sim,idle,0.114460868,0.114461025,0.000000157,84.0000
mixtral-dev112,1,sim,addnorm,0.114461025,0.114605230,0.000144205,140.0000
mixtral-dev112,1,sim,idle,0.114605230,0.114605386,0.000000157,84.0000
mixtral-dev112,1,sim,addnorm,0.114605386,0.114607927,0.000002540,140.0000
mixtral-dev112,1,sim,idle,0.114607927,0.114608084,0.000000157,84.0000
mixtral-dev112,1,sim,gate,0.114608084,0.114646506,0.000038422,280.0000
mixtral-dev112,1,sim,idle,0.114646506,0.114647662,0.000001156,84.0000
mixtral-dev112,1,sim,idle,0.114647662,0.114647819,0.000000157,84.0000
mixtral-dev112,1,sim,gate,0.114647819,0.114664923,0.000017104,280.0000
mixtral-dev112,1,sim,idle,0.114664923,0.114666745,0.000001822,84.0000
mixtral-dev112,1,sim,experts,0.114666745,0.125508360,0.010841615,700.0000
mixtral-dev112,1,sim,idle,0.125508360,0.126292455,0.000784095,84.0000
mixtral-dev112,1,sim,experts,0.126292455,0.135943988,0.009651533,700.0000
mixtral-dev112,1,sim,idle,0.135943988,0.136168686,0.000224698,84.0000
mixtral-dev112,1,sim,experts,0.136168686,0.149626369,0.013457682,700.0000
mixtral-dev112,1,sim,idle,0.149626369,0.174003091,0.024376722,84.0000
mixtral-dev112,1,sim,idle,0.174003091,0.174003248,0.000000157,84.0000
mixtral-dev112,1,sim,addnorm,0.174003248,0.174147453,0.000144205,140.0000
mixtral-dev112,1,sim,idle,0.174147453,0.174147610,0.000000157,84.0000
mixtral-dev112,1,sim,addnorm,0.174147610,0.174150147,0.000002538,140.0000
mixtral-dev112,1,sim,idle,0.174150147,0.197149046,0.022998899,84.0000
mixtral-dev112,1,sim,attention,0.197149046,0.209457012,0.012307966,700.0000
mixtral-dev112,1,sim,idle,0.209457012,0.209457169,0.000000157,84.0000
mixtral-dev112,1,sim,addnorm,0.209457169,0.209601373,0.000144205,140.0000
mixtral-dev112,1,sim,idle,0.209601373,0.209601530,0.000000157,84.0000
mixtral-dev112,1,sim,addnorm,0.209601530,0.209604071,0.000002540,140.0000
mixtral-dev112,1,sim,idle,0.209604071,0.209604228,0.000000157,84.0000
mixtral-dev112,1,sim,gate,0.209604228,0.209642650,0.000038422,280.0000
mixtral-dev112,1,sim,idle,0.209642650,0.209643806,0.000001156,84.0000
mixtral-dev112,1,sim,idle,0.209643806,0.209643963,0.000000157,84.0000
mixtral-dev112,1,sim,gate,0.209643963,0.209661067,0.000017104,280.0000
mixtral-dev112,1,sim,idle,0.209661067,0.209662889,0.000001822,84.0000
mixtral-dev112,1,sim,experts,0.209662889,0.220504504,0.010841615,700.0000
mixtral-dev112,1,sim,idle,0.220504504,0.221288599,0.000784095,84.0000
mixtral-dev112,1,sim,experts,0.221288599,0.230940132,0.009651533,700.0000
mixtral-dev112,1,sim,idle,0.230940132,0.231164830,0.000224698,84.0000
mixtral-dev112,1,sim,experts,0.231164830,0.244622513,0.013457682,700.0000
mixtral-dev112,1,sim,idle,0.244622513,0.273231941,0.028609428,84.0000
mixtral-dev112,1,sim,idle,0.273231941,0.273232097,0.000000157,84.0000
mixtral-dev112,1,sim,addnorm,0.273232097,0.273376302,0.000144205,140.0000
mixtral-dev112,1,sim,idle,0.273376302,0.273376459,0.000000157,84.0000
mixtral-dev112,1,sim,addnorm,0.273376459,0.273378997,0.000002538,140.0000
mixtral-dev112,1,sim,attention,0.273378997,0.285686963,0.012307966,700.0000
mixtral-dev112,1,sim,idle,0.285686963,0.285687119,0.000000157,84.0000
mixtral-dev112,1,sim,addnorm,0.285687119,0.285831324,0.000144205,140.0000
mixtral-dev112,1,sim,idle,0.285831324,0.285831481,0.000000157,84.0000
mixtral-dev112,1,sim,addnorm,0.285831481,0.285834021,0.000002540,140.0000
mixtral-dev112,1,sim,idle,0.285834021,0.285834178,0.000000157,84.0000
mixtral-dev112,1,sim,gate,0.285834178,0.285872601,0.000038422,280.0000
mixtral-dev112,1,sim,idle,0.285872601,0.285873757,0.000001156,84.0000
mixtral-dev112,1,sim,idle,0.285873757,0.285873914,0.000000157,84.0000
mixtral-dev112,1,sim,gate,0.285873914,0.285891018,0.000017104,280.0000
mixtral-dev112,1,sim,experts,0.285891018,0.296732633,0.010841615,700.0000
mixtral-dev112,1,sim,idle,0.296732633,0.297516728,0.000784095,84.0000
mixtral-dev112,1,sim,experts,0.297516728,0.307168261,0.009651533,700.0000
mixtral-dev112,1,sim,idle,0.307168261,0.307392959,0.000224698,84.0000
mixtral-dev112,1,sim,experts,0.307392959,0.320850641,0.013457682,700.0000
mixtral-dev112,1,sim,idle,0.320850641,0.342452364,0.021601723,84.0000
mixtral-dev112,1,sim,idle,0.342452364,0.342452521,0.000000157,84.0000
mixtral-dev112,1,sim,addnorm,0.342452521,0.342596726,0.000144205,140.0000
mixtral-dev112,1,sim,idle,0.342596726,0.342596883,0.000000157,84.0000
mixtral-dev112,1,sim,addnorm,0.342596883,0.342599420,0.000002538,140.0000
mixtral-dev112,1,sim,attention,0.342599420,0.354907386,0.012307966,700.0000
mixtral-dev112,1,sim,idle,0.354907386,0.354907543,0.000000157,84.0000
mixtral-dev112,1,sim,addnorm,0.354907543,0.355051748,0.000144205,140.0000
mixtral-dev112,1,sim,idle,0.355051748,0.355051905,0.000000157,84.0000
mixtral-dev112,1,sim,addnorm,0.355051905,0.355054445,0.000002540,140.0000
mixtral-dev112,1,sim,idle,0.355054445,0.355054602,0.000000157,84.0000
mixtral-dev112,1,sim,gate,0.355054602,0.355093024,0.000038422,280.0000
mixtral-dev112,1,sim,idle,0.355093024,0.355094181,0.000001156,84.0000
mixtral-dev112,1,sim,idle,0.355094181,0.355094337,0.000000157,84.0000
mixtral-dev112,1,sim,gate,0.355094337,0.355111441,0.000017104,280.0000
mixtral-dev112,1,sim,experts,0.355111441,0.365953057,0.010841615,700.0000
mixtral-dev112,1,sim,idle,0.365953057,0.366737151,0.000784095,84.0000
mixtral-dev112,1,sim,experts,0.366737151,0.376388684,0.009651533,700.0000
mixtral-dev112,1,sim,idle,0.376388684,0.376613383,0.000224698,84.0000
mixtral-dev112,1,sim,experts,0.376613383,0.390071065,0.013457682,700.0000
mixtral-dev112,1,sim,idle,0.390071065,0.434212045,0.044140980,84.0000
mixtral-dev112,1,sim,idle,0.434212045,0.434212202,0.000000157,84.0000
mixtral-dev112,1,sim,addnorm,0.434212202,0.434356407,0.000144205,140.0000
mixtral-dev112,1,sim,idle,0.434356407,0.434356563,0.000000157,84.0000
mixtral-dev112,1,sim,addnorm,0.434356563,0.434359101,0.000002538,140.0000
mixtral-dev112,1,sim,idle,0.434359101,0.545018016,0.110658915,84.0000
mixtral-dev112,1,sim,addnorm,0.545018016,0.545020104,0.000002089,140.0000
mixtral-dev112,1,sim,idle,0.545020104,0.545020261,0.000000157,84.0000
mixtral-dev112,1,sim,addnorm,0.545020261,0.545313029,0.000292768,140.0000
mixtral-dev112,1,sim,idle,0.545313029,0.545313186,0.000000157,84.0000
mixtral-dev112,1,sim,idle,0.545313186,0.545313343,0.000000157,84.0000
mixtral-dev112,1,sim,gate,0.545313343,0.545316661,0.000003318,280.0000
mixtral-dev112,1,sim,idle,0.545316661,0.562654962,0.017338301,84.0000
mixtral-dev112,1,sim,gate,0.562654962,0.562834009,0.000179046,280.0000
mixtral-dev112,1,sim,idle,0.562834009,0.562834165,0.000000157,84.0000
mixtral-dev112,1,sim,experts,0.562834165,0.582051600,0.019217435,700.0000
mixtral-dev112,1,sim,idle,0.582051600,0.582276298,0.000224698,84.0000
mixtral-dev112,1,sim,experts,0.582276298,0.602055706,0.019779408,700.0000
mixtral-dev112,1,sim,idle,0.602055706,0.602867993,0.000812287,84.0000
mixtral-dev112,1,sim,idle,0.602867993,0.602868150,0.000000157,84.0000
mixtral-dev112,1,sim,idle,0.602868150,0.602868307,0.000000157,84.0000
mixtral-dev112,1,sim,gate,0.602868307,0.602960905,0.000092598,280.0000
mixtral-dev112,1,sim,idle,0.602960905,0.602962062,0.000001156,84.0000
mixtral-dev112,1,sim,addnorm,0.602962062,0.602964148,0.000002086,140.0000
mixtral-dev112,1,sim,idle,0.602964148,0.602964305,0.000000157,84.0000
mixtral-dev112,1,sim,addnorm,0.602964305,0.603257073,0.000292768,140.0000
mixtral-dev112,1,sim,idle,0.603257073,0.603257229,0.000000157,84.0000
mixtral-dev112,1,sim,attention,0.603257229,0.627873161,0.024615932,700.0000
mixtral-dev112,1,sim,idle,0.627873161,0.683608945,0.055735784,84.0000
mixtral-dev112,1,sim,addnorm,0.683608945,0.683611034,0.000002089,140.0000
mixtral-dev112,1,sim,idle,0.683611034,0.683611191,0.000000157,84.0000
mixtral-dev112,1,sim,addnorm,0.683611191,0.683903959,0.000292768,140.0000
mixtral-dev112,1,sim,idle,0.683903959,0.683904116,0.000000157,84.0000
mixtral-dev112,1,sim,idle,0.683904116,0.683904273,0.000000157,84.0000
mixtral-dev112,1,sim,gate,0.683904273,0.683907591,0.000003318,280.0000
mixtral-dev112,1,sim,idle,0.683907591,0.705403945,0.021496354,84.0000
mixtral-dev112,1,sim,gate,0.705403945,0.705582992,0.000179046,280.0000
mixtral-dev112,1,sim,idle,0.705582992,0.705583148,0.000000157,84.0000
mixtral-dev112,1,sim,experts,0.705583148,0.724800583,0.019217435,700.0000
mixtral-dev112,1,sim,idle,0.724800583,0.725025281,0.000224698,84.0000
mixtral-dev112,1,sim,experts,0.725025281,0.744804689,0.019779408,700.0000
mixtral-dev112,1,sim,idle,0.744804689,0.745591377,0.000786688,84.0000
mixtral-dev112,1,sim,idle,0.745591377,0.745591534,0.000000157,84.0000
mixtral-dev112,1,sim,idle,0.745591534,0.745591691,0.000000157,84.0000
mixtral-dev112,1,sim,gate,0.745591691,0.745684289,0.000092598,280.0000
mixtral-dev112,1,sim,idle,0.745684289,0.745685446,0.000001156,84.0000
mixtral-dev112,1,sim,addnorm,0.745685446,0.745687532,0.000002086,140.0000
mixtral-dev112,1,sim,idle,0.745687532,0.745687688,0.000000157,84.0000
mixtral-dev112,1,sim,addnorm,0.745687688,0.745980456,0.000292768,140.0000
mixtral-dev112,1,sim,idle,0.745980456,0.745980613,0.000000157,84.0000
mixtral-dev112,1,sim,attention,0.745980613,0.770596545,0.024615932,700.0000
mixtral-dev112,1,sim,idle,0.770596545,0.796584074,0.025987529,84.0000
mixtral-dev112,1,sim,addnorm,0.796584074,0.796586163,0.000002089,140.0000
mixtral-dev112,1,sim,idle,0.796586163,0.796586319,0.000000157,84.0000
mixtral-dev112,1,sim,addnorm,0.796586319,0.796879087,0.000292768,140.0000
mixtral-dev112,1,sim,idle,0.796879087,0.796879244,0.000000157,84.0000
mixtral-dev112,1,sim,idle,0.796879244,0.796879401,0.000000157,84.0000
mixtral-dev112,1,sim,gate,0.796879401,0.796882719,0.000003318,280.0000
mixtral-dev112,1,sim,idle,0.796882719,0.818328579,0.021445860,84.0000
mixtral-dev112,1,sim,gate,0.818328579,0.818507625,0.000179046,280.0000
mixtral-dev112,1,sim,idle,0.818507625,0.818507782,0.000000157,84.0000
mixtral-dev112,1,sim,experts,0.818507782,0.837725217,0.019217435,700.0000
mixtral-dev112,1,sim,idle,0.837725217,0.837949915,0.000224698,84.0000
mixtral-dev112,1,sim,experts,0.837949915,0.857729323,0.019779408,700.0000
mixtral-dev112,1,sim,idle,0.857729323,0.858516011,0.000786688,84.0000
mixtral-dev112,1,sim,idle,0.858516011,0.858516168,0.000000157,84.0000
mixtral-dev112,1,sim,idle,0.858516168,0.858516325,0.000000157,84.0000
mixtral-dev112,1,sim,gate,0.858516325,0.858608923,0.000092598,280.0000
mixtral-dev112,1,sim,idle,0.858608923,0.858610080,0.000001156,84.0000
mixtral-dev112,1,sim,addnorm,0.858610080,0.858612166,0.000002086,140.0000
mixtral-dev112,1,sim,idle,0.858612166,0.858612322,0.000000157,84.0000
mixtral-dev112,1,sim,addnorm,0.858612322,0.858905090,0.000292768,140.0000
mixtral-dev112,1,sim,idle,0.858905090,0.858905247,0.000000157,84.0000
mixtral-dev112,1,sim,attention,0.858905247,0.883521179,0.024615932,700.0000
mixtral-dev112,1,sim,idle,0.883521179,0.888433810,0.004912631,84.0000
mixtral-dev112,1,sim,addnorm,0.888433810,0.888435899,0.000002089,140.0000
mixtral-dev112,1,sim,idle,0.888435899,0.888436056,0.000000157,84.0000
mixtral-dev112,1,sim,addnorm,0.888436056,0.888728824,0.000292768,140.0000
mixtral-dev112,1,sim,idle,0.888728824,0.888728980,0.000000157,84.0000
mixtral-dev112,1,sim,idle,0.888728980,0.888729137,0.000000157,84.0000
mixtral-dev112,1,sim,gate,0.888729137,0.888732456,0.000003318,280.0000
mixtral-dev112,1,sim,idle,0.888732456,0.913002982,0.024270526,84.0000
mixtral-dev112,1,sim,gate,0.913002982,0.913182028,0.000179046,280.0000
mixtral-dev112,1,sim,idle,0.913182028,0.913182185,0.000000157,84.0000
mixtral-dev112,1,sim,experts,0.913182185,0.932399620,0.019217435,700.0000
mixtral-dev112,1,sim,idle,0.932399620,0.932624318,0.000224698,84.0000
mixtral-dev112,1,sim,experts,0.932624318,0.952403726,0.019779408,700.0000
mixtral-dev112,1,sim,idle,0.952403726,0.953190414,0.000786688,84.0000
mixtral-dev112,1,sim,idle,0.953190414,0.953190571,0.000000157,84.0000
mixtral-dev112,1,sim,idle,0.953190571,0.953190728,0.000000157,84.0000
mixtral-dev112,1,sim,gate,0.953190728,0.953283326,0.000092598,280.0000
mixtral-dev112,1,sim,idle,0.953283326,0.953284482,0.000001156,84.0000
mixtral-dev112,1,sim,addnorm,0.953284482,0.953286568,0.000002086,140.0000
mixtral-dev112,1,sim,idle,0.953286568,0.953286725,0.000000157,84.0000
mixtral-dev112,1,sim,addnorm,0.953286725,0.953579493,0.000292768,140.0000
mixtral-dev112,1,sim,idle,0.953579493,0.953579650,0.000000157,84.0000
mixtral-dev112,1,sim,attention,0.953579650,0.978195582,0.024615932,700.0000
mixtral-dev112,1,sim,idle,0.978195582,1.103929461,0.125733879,84.0000
mixtral-dev112,2,sim,idle,1.103929461,1.206082363,0.102152902,84.0000
mixtral-dev112,2,sim,attention,1.206082363,1.218390329,0.012307966,700.0000
mixtral-dev112,2,sim,idle,1.218390329,1.218390486,0.000000157,84.0000
mixtral-dev112,2,sim,addnorm,1.218390486,1.218534690,0.000144205,140.0000
mixtral-dev112,2,sim,idle,1.218534690,1.218534847,0.000000157,84.0000
mixtral-dev112,2,sim,addnorm,1.218534847,1.218537388,0.000002540,140.0000
mixtral-dev112,2,sim,idle,1.218537388,1.218537544,0.000000157,84.0000
mixtral-dev112,2,sim,gate,1.218537544,1.218575967,0.000038422,280.0000
mixtral-dev112,2,sim,idle,1.218575967,1.218577123,0.000001156,84.0000
mixtral-dev112,2,sim,idle,1.218577123,1.218577280,0.000000157,84.0000
mixtral-dev112,2,sim,gate,1.218577280,1.218594384,0.000017104,280.0000
mixtral-dev112,2,sim,idle,1.218594384,1.218596206,0.000001822,84.0000
mixtral-dev112,2,sim,experts,1.218596206,1.229437821,0.010841615,700.0000
mixtral-dev112,2,sim,idle,1.229437821,1.230221916,0.000784095,84.0000
mixtral-dev112,2,sim,experts,1.230221916,1.239873449,0.009651533,700.0000
mixtral-dev112,2,sim,idle,1.239873449,1.240098147,0.000224698,84.0000
mixtral-dev112,2,sim,experts,1.240098147,1.253555830,0.013457682,700.0000
mixtral-dev112,2,sim,idle,1.253555830,1.277932552,0.024376722,84.0000
mixtral-dev112,2,sim,idle,1.277932552,1.277932709,0.000000157,84.0000
mixtral-dev112,2,sim,addnorm,1.277932709,1.278076913,0.000144205,140.0000
mixtral-dev112,2,sim,idle,1.278076913,1.278077070,0.000000157,84.0000
mixtral-dev112,2,sim,addnorm,1.278077070,1.278079608,0.000002538,140.0000
mixtral-dev112,2,sim,idle,1.278079608,1.301078507,0.022998899,84.0000
mixtral-dev112,2,sim,attention,1.301078507,1.313386473,0.012307966,700.0000
mixtral-dev112,2,sim,idle,1.313386473,1.313386629,0.000000157,84.0000
mixtral-dev112,2,sim,addnorm,1.313386629,1.313530834,0.000144205,140.0000
mixtral-dev112,2,sim,idle,1.313530834,1.313530991,0.000000157,84.0000
mixtral-dev112,2,sim,addnorm,1.313530991,1.313533531,0.000002540,140.0000
mixtral-dev112,2,sim,idle,1.313533531,1.313533688,0.000000157,84.0000
mixtral-dev112,2,sim,gate,1.313533688,1.313572111,0.000038422,280.0000
mixtral-dev112,2,sim,idle,1.313572111,1.313573267,0.000001156,84.0000
mixtral-dev112,2,sim,idle,1.313573267,1.313573424,0.000000157,84.0000
mixtral-dev112,2,sim,gate,1.313573424,1.313590528,0.000017104,280.0000
mixtral-dev112,2,sim,idle,1.313590528,1.313592350,0.000001822,84.0000
mixtral-dev112,2,sim,experts,1.313592350,1.324433965,0.010841615,700.0000
mixtral-dev112,2,sim,idle,1.324433965,1.325218060,0.000784095,84.0000
mixtral-dev112,2,sim,experts,1.325218060,1.334869592,0.009651533,700.0000
mixtral-dev112,2,sim,idle,1.334869592,1.335094291,0.000224698,84.0000
mixtral-dev112,2,sim,experts,1.335094291,1.348551973,0.013457682,700.0000
mixtral-dev112,2,sim,idle,1.348551973,1.377161401,0.028609428,84.0000
mixtral-dev112,2,sim,idle,1.377161401,1.377161558,0.000000157,84.0000
mixtral-dev112,2,sim,addnorm,1.377161558,1.377305763,0.000144205,140.0000
mixtral-dev112,2,sim,idle,1.377305763,1.377305920,0.000000157,84.0000
mixtral-dev112,2,sim,addnorm,1.377305920,1.377308457,0.000002538,140.0000
mixtral-dev112,2,sim,attention,1.377308457,1.389616423,0.012307966,700.0000
mixtral-dev112,2,sim,idle,1.389616423,1.389616580,0.000000157,84.0000
mixtral-dev112,2,sim,addnorm,1.389616580,1.389760785,0.000144205,140.0000
mixtral-dev112,2,sim,idle,1.389760785,1.389760942,0.000000157,84.0000
mixtral-dev112,2,sim,addnorm,1.389760942,1.389763482,0.000002540,140.0000
mixtral-dev112,2,sim,idle,1.389763482,1.389763639,0.000000157,84.0000
mixtral-dev112,2,sim,gate,1.389763639,1.389802061,0.000038422,280.0000
mixtral-dev112,2,sim,idle,1.389802061,1.389803218,0.000001156,84.0000
mixtral-dev112,2,sim,idle,1.389803218,1.389803374,0.000000157,84.0000
mixtral-dev112,2,sim,gate,1.389803374,1.389820478,0.000017104,280.0000
mixtral-dev112,2,sim,experts,1.389820478,1.400662094,0.010841615,700.0000
mixtral-dev112,2,sim,idle,1.400662094,1.401446189,0.000784095,84.0000
mixtral-dev112,2,sim,experts,1.401446189,1.411097721,0.009651533,700.0000
mixtral-dev112,2,sim,idle,1.411097721,1.411322420,0.000224698,84.0000
mixtral-dev112,2,sim,experts,1.411322420,1.424780102,0.013457682,700.0000
mixtral-dev112,2,sim,idle,1.424780102,1.446381825,0.021601723,84.0000
mixtral-dev112,2,sim,idle,1.446381825,1.446381982,0.000000157,84.0000
mixtral-dev112,2,sim,addnorm,1.446381982,1.446526187,0.000144205,140.0000
mixtral-dev112,2,sim,idle,1.446526187,1.446526343,0.000000157,84.0000
mixtral-dev112,2,sim,addnorm,1.446526343,1.446528881,0.000002538,140.0000
mixtral-dev112,2,sim,attention,1.446528881,1.458836847,0.012307966,700.0000
mixtral-dev112,2,sim,idle,1.458836847,1.458837004,0.000000157,84.0000
mixtral-dev112,2,sim,addnorm,1.458837004,1.458981208,0.000144205,140.0000
mixtral-dev112,2,sim,idle,1.458981208,1.458981365,0.000000157,84.0000
mixtral-dev112,2,sim,addnorm,1.458981365,1.458983906,0.000002540,140.0000
mixtral-dev112,2,sim,idle,1.458983906,1.458984063,0.000000157,84.0000
mixtral-dev112,2,sim,gate,1.458984063,1.459022485,0.000038422,280.0000
mixtral-dev112,2,sim,idle,1.459022485,1.459023641,0.000001156,84.0000
mixtral-dev112,2,sim,idle,1.459023641,1.459023798,0.000000157,84.0000
mixtral-dev112,2,sim,gate,1.459023798,1.459040902,0.000017104,280.0000
mixtral-dev112,2,sim,experts,1.459040902,1.469882517,0.010841615,700.0000
mixtral-dev112,2,sim,idle,1.469882517,1.470666612,0.000784095,84.0000
mixtral-dev112,2,sim,experts,1.470666612,1.480318145,0.009651533,700.0000
mixtral-dev112,2,sim,idle,1.480318145,1.480542843,0.000224698,84.0000
mixtral-dev112,2,sim,experts,1.480542843,1.494000526,0.013457682,700.0000
mixtral-dev112,2,sim,idle,1.494000526,1.538141506,0.044140980,84.0000
mixtral-dev112,2,sim,idle,1.538141506,1.538141663,0.000000157,84.0000
mixtral-dev112,2,sim,addnorm,1.538141663,1.538285867,0.000144205,140.0000
mixtral-dev112,2,sim,idle,1.538285867,1.538286024,0.000000157,84.0000
mixtral-dev112,2,sim,addnorm,1.538286024,1.538288562,0.000002538,140.0000
mixtral-dev112,2,sim,idle,1.538288562,1.648947476,0.110658915,84.0000
mixtral-dev112,2,sim,addnorm,1.648947476,1.648949565,0.000002089,140.0000
mixtral-dev112,2,sim,idle,1.648949565,1.648949722,0.000000157,84.0000
mixtral-dev112,2,sim,addnorm,1.648949722,1.649242490,0.000292768,140.0000
mixtral-dev112,2,sim,idle,1.649242490,1.649242647,0.000000157,84.0000
mixtral-dev112,2,sim,idle,1.649242647,1.649242803,0.000000157,84.0000
mixtral-dev112,2,sim,gate,1.649242803,1.649246122,0.000003318,280.0000
mixtral-dev112,2,sim,idle,1.649246122,1.666584423,0.017338301,84.0000
mixtral-dev112,2,sim,gate,1.666584423,1.666763469,0.000179046,280.0000
mixtral-dev112,2,sim,idle,1.666763469,1.666763626,0.000000157,84.0000
mixtral-dev112,2,sim,experts,1.666763626,1.685981061,0.019217435,700.0000
mixtral-dev112,2,sim,idle,1.685981061,1.686205759,0.000224698,84.0000
mixtral-dev112,2,sim,experts,1.686205759,1.705985167,0.019779408,700.0000
mixtral-dev112,2,sim,idle,1.705985167,1.706797454,0.000812287,84.0000
mixtral-dev112,2,sim,idle,1.706797454,1.706797611,0.000000157,84.0000
mixtral-dev112,2,sim,idle,1.706797611,1.706797768,0.000000157,84.0000
mixtral-dev112,2,sim,gate,1.706797768,1.706890366,0.000092598,280.0000
mixtral-dev112,2,sim,idle,1.706890366,1.706891522,0.000001156,84.0000
mixtral-dev112,2,sim,addnorm,1.706891522,1.706893608,0.000002086,140.0000
mixtral-dev112,2,sim,idle,1.706893608,1.706893765,0.000000157,84.0000
mixtral-dev112,2,sim,addnorm,1.706893765,1.707186533,0.000292768,140.0000
mixtral-dev112,2,sim,idle,1.707186533,1.707186690,0.000000157,84.0000
mixtral-dev112,2,sim,attention,1.707186690,1.731802622,0.024615932,700.0000
mixtral-dev112,2,sim,idle,1.731802622,1.787538406,0.055735784,84.0000
mixtral-dev112,2,sim,addnorm,1.787538406,1.787540495,0.000002089,140.0000
mixtral-dev112,2,sim,idle,1.787540495,1.787540652,0.000000157,84.0000
mixtral-dev112,2,sim,addnorm,1.787540652,1.787833420,0.000292768,140.0000
mixtral-dev112,2,sim,idle,1.787833420,1.787833576,0.000000157,84.0000
mixtral-dev112,2,sim,idle,1.787833576,1.787833733,0.000000157,84.0000
mixtral-dev112,2,sim,gate,1.787833733,1.787837052,0.000003318,280.0000
mixtral-dev112,2,sim,idle,1.787837052,1.809333406,0.021496354,84.0000
mixtral-dev112,2,sim,gate,1.809333406,1.809512452,0.000179046,280.0000
mixtral-dev112,2,sim,idle,1.809512452,1.809512609,0.000000157,84.0000
mixtral-dev112,2,sim,experts,1.809512609,1.828730044,0.019217435,700.0000
mixtral-dev112,2,sim,idle,1.828730044,1.828954742,0.000224698,84.0000
mixtral-dev112,2,sim,experts,1.828954742,1.848734150,0.019779408,700.0000
mixtral-dev112,2,sim,idle,1.848734150,1.849520838,0.000786688,84.0000
mixtral-dev112,2,sim,idle,1.849520838,1.849520995,0.000000157,84.0000
mixtral-dev112,2,sim,idle,1.849520995,1.849521152,0.000000157,84.0000
mixtral-dev112,2,sim,gate,1.849521152,1.849613750,0.000092598,280.0000
mixtral-dev112,2,sim,idle,1.849613750,1.849614906,0.000001156,84.0000
mixtral-dev112,2,sim,addnorm,1.849614906,1.849616992,0.000002086,140.0000
mixtral-dev112,2,sim,idle,1.849616992,1.849617149,0.000000157,84.0000
mixtral-dev112,2,sim,addnorm,1.849617149,1.849909917,0.000292768,140.0000
mixtral-dev112,2,sim,idle,1.849909917,1.849910074,0.000000157,84.0000
mixtral-dev112,2,sim,attention,1.849910074,1.874526006,0.024615932,700.0000
mixtral-dev112,2,sim,idle,1.874526006,1.900513535,0.025987529,84.0000
mixtral-dev112,2,sim,addnorm,1.900513535,1.900515623,0.000002089,140.0000
mixtral-dev112,2,sim,idle,1.900515623,1.900515780,0.000000157,84.0000
mixtral-dev112,2,sim,addnorm,1.900515780,1.900808548,0.000292768,140.0000
mixtral-dev112,2,sim,idle,1.900808548,1.900808705,0.000000157,84.0000
mixtral-dev112,2,sim,idle,1.900808705,1.900808862,0.000000157,84.0000
mixtral-dev112,2,sim,gate,1.900808862,1.900812180,0.000003318,280.0000
mixtral-dev112,2,sim,idle,1.900812180,1.922258040,0.021445860,84.0000
mixtral-dev112,2,sim,gate,1.922258040,1.922437086,0.000179046,280.0000
mixtral-dev112,2,sim,idle,1.922437086,1.922437243,0.000000157,84.0000
mixtral-dev112,2,sim,experts,1.922437243,1.941654678,0.019217435,700.0000
mixtral-dev112,2,sim,idle,1.941654678,1.941879376,0.000224698,84.0000
mixtral-dev112,2,sim,experts,1.941879376,1.961658784,0.019779408,700.0000
mixtral-dev112,2,sim,idle,1.961658784,1.962445472,0.000786688,84.0000
mixtral-dev112,2,sim,idle,1.962445472,1.962445629,0.000000157,84.0000
mixtral-dev112,2,sim,idle,1.962445629,1.962445786,0.000000157,84.0000
mixtral-dev112,2,sim,gate,1.962445786,1.962538384,0.000092598,280.0000
mixtral-dev112,2,sim,idle,1.962538384,1.962539540,0.000001156,84.0000
mixtral-dev112,2,sim,addnorm,1.962539540,1.962541626,0.000002086,140.0000
mixtral-dev112,2,sim,idle,1.962541626,1.962541783,0.000000157,84.0000
mixtral-dev112,2,sim,addnorm,1.962541783,1.962834551,0.000292768,140.0000
mixtral-dev112,2,sim,idle,1.962834551,1.962834708,0.000000157,84.0000
mixtral-dev112,2,sim,attention,1.962834708,1.987450640,0.024615932,700.0000
mixtral-dev112,2,sim,idle,1.987450640,1.992363271,0.004912631,84.0000
mixtral-dev112,2,sim,addnorm,1.992363271,1.992365359,0.000002089,140.0000
mixtral-dev112,2,sim,idle,1.992365359,1.992365516,0.000000157,84.0000
mixtral-dev112,2,sim,addnorm,1.992365516,1.992658284,0.000292768,140.0000
mixtral-dev112,2,sim,idle,1.992658284,1.992658441,0.000000157,84.0000
mixtral-dev112,2,sim,idle,1.992658441,1.992658598,0.000000157,84.0000
mixtral-dev112,2,sim,gate,1.992658598,1.992661916,0.000003318,280.0000
mixtral-dev112,2,sim,idle,1.992661916,2.016932443,0.024270526,84.0000
mixtral-dev112,2,sim,gate,2.016932443,2.017111489,0.000179046,280.0000
mixtral-dev112,2,sim,idle,2.017111489,2.017111646,0.000000157,84.0000
mixtral-dev112,2,sim,experts,2.017111646,2.036329080,0.019217435,700.0000
mixtral-dev112,2,sim,idle,2.036329080,2.036553779,0.000224698,84.0000
mixtral-dev112,2,sim,experts,2.036553779,2.056333187,0.019779408,700.0000
mixtral-dev112,2,sim,idle,2.056333187,2.057119875,0.000786688,84.0000
mixtral-dev112,2,sim,idle,2.057119875,2.057120032,0.000000157,84.0000
mixtral-dev112,2,sim,idle,2.057120032,2.057120188,0.000000157,84.0000
mixtral-dev112,2,sim,gate,2.057120188,2.057212787,0.000092598,280.0000
mixtral-dev112,2,sim,idle,2.057212787,2.057213943,0.000001156,84.0000
mixtral-dev112,2,sim,addnorm,2.057213943,2.057216029,0.000002086,140.0000
mixtral-dev112,2,sim,idle,2.057216029,2.057216186,0.000000157,84.0000
mixtral-dev112,2,sim,addnorm,2.057216186,2.057508954,0.000292768,140.0000
mixtral-dev112,2,sim,idle,2.057508954,2.057509111,0.000000157,84.0000
mixtral-dev112,2,sim,attention,2.057509111,2.082125043,0.024615932,700.0000
mixtral-dev112,2,sim,idle,2.082125043,2.207858921,0.125733879,84.0000
mixtral-dev112,3,sim,idle,2.207858921,2.310011823,0.102152902,84.0000
mixtral-dev112,3,sim,attention,2.310011823,2.322319789,0.012307966,700.0000
mixtral-dev112,3,sim,idle,2.322319789,2.322319946,0.000000157,84.0000
mixtral-dev112,3,sim,addnorm,2.322319946,2.322464151,0.000144205,140.0000
mixtral-dev112,3,sim,idle,2.322464151,2.322464308,0.000000157,84.0000
mixtral-dev112,3,sim,addnorm,2.322464308,2.322466848,0.000002540,140.0000
mixtral-dev112,3,sim,idle,2.322466848,2.322467005,0.000000157,84.0000
mixtral-dev112,3,sim,gate,2.322467005,2.322505427,0.000038422,280.0000
mixtral-dev112,3,sim,idle,2.322505427,2.322506584,0.000001156,84.0000
mixtral-dev112,3,sim,idle,2.322506584,2.322506741,0.000000157,84.0000
mixtral-dev112,3,sim,gate,2.322506741,2.322523845,0.000017104,280.0000
mixtral-dev112,3,sim,idle,2.322523845,2.322525666,0.000001822,84.0000
mixtral-dev112,3,sim,experts,2.322525666,2.333367282,0.010841615,700.0000
mixtral-dev112,3,sim,idle,2.333367282,2.334151377,0.000784095,84.0000
mixtral-dev112,3,sim,experts,2.334151377,2.343802909,0.009651533,700.0000
mixtral-dev112,3,sim,idle,2.343802909,2.344027608,0.000224698,84.0000
mixtral-dev112,3,sim,experts,2.344027608,2.357485290,0.013457682,700.0000
mixtral-dev112,3,sim,idle,2.357485290,2.381862013,0.024376722,84.0000
mixtral-dev112,3,sim,idle,2.381862013,2.381862169,0.000000157,84.0000
mixtral-dev112,3,sim,addnorm,2.381862169,2.382006374,0.000144205,140.0000
mixtral-dev112,3,sim,idle,2.382006374,2.382006531,0.000000157,84.0000
mixtral-dev112,3,sim,addnorm,2.382006531,2.382009069,0.000002538,140.0000
mixtral-dev112,3,sim,idle,2.382009069,2.405007967,0.022998899,84.0000
mixtral-dev112,3,sim,attention,2.405007967,2.417315933,0.012307966,700.0000
mixtral-dev112,3,sim,idle,2.417315933,2.417316090,0.000000157,84.0000
mixtral-dev112,3,sim,addnorm,2.417316090,2.417460295,0.000144205,140.0000
mixtral-dev112,3,sim,idle,2.417460295,2.417460452,0.000000157,84.0000
mixtral-dev112,3,sim,addnorm,2.417460452,2.417462992,0.000002540,140.0000
mixtral-dev112,3,sim,idle,2.417462992,2.417463149,0.000000157,84.0000
mixtral-dev112,3,sim,gate,2.417463149,2.417501571,0.000038422,280.0000
mixtral-dev112,3,sim,idle,2.417501571,2.417502728,0.000001156,84.0000
mixtral-dev112,3,sim,idle,2.417502728,2.417502884,0.000000157,84.0000
mixtral-dev112,3,sim,gate,2.417502884,2.417519988,0.000017104,280.0000
mixtral-dev112,3,sim,idle,2.417519988,2.417521810,0.000001822,84.0000
mixtral-dev112,3,sim,experts,2.417521810,2.428363426,0.010841615,700.0000
mixtral-dev112,3,sim,idle,2.428363426,2.429147520,0.000784095,84.0000
mixtral-dev112,3,sim,experts,2.429147520,2.438799053,0.009651533,700.0000
mixtral-dev112,3,sim,idle,2.438799053,2.439023752,0.000224698,84.0000
mixtral-dev112,3,sim,experts,2.439023752,2.452481434,0.013457682,700.0000
mixtral-dev112,3,sim,idle,2.452481434,2.481090862,0.028609428,84.0000
mixtral-dev112,3,sim,idle,2.481090862,2.481091019,0.000000157,84.0000
mixtral-dev112,3,sim,addnorm,2.481091019,2.481235224,0.000144205,140.0000
mixtral-dev112,3,sim,idle,2.481235224,2.481235380,0.000000157,84.0000
mixtral-dev112,3,sim,addnorm,2.481235380,2.481237918,0.000002538,140.0000
mixtral-dev112,3,sim,attention,2.481237918,2.493545884,0.012307966,700.0000
mixtral-dev112,3,sim,idle,2.493545884,2.493546041,0.000000157,84.0000
mixtral-dev112,3,sim,addnorm,2.493546041,2.493690246,0.000144205,140.0000
mixtral-dev112,3,sim,idle,2.493690246,2.493690402,0.000000157,84.0000
mixtral-dev112,3,sim,addnorm,2.493690402,2.493692943,0.000002540,140.0000
mixtral-dev112,3,sim,idle,2.493692943,2.493693100,0.000000157,84.0000
mixtral-dev112,3,sim,gate,2.493693100,2.493731522,0.000038422,280.0000
mixtral-dev112,3,sim,idle,2.493731522,2.493732678,0.000001156,84.0000
mixtral-dev112,3,sim,idle,2.493732678,2.493732835,0.000000157,84.0000
mixtral-dev112,3,sim,gate,2.493732835,2.493749939,0.000017104,280.0000
mixtral-dev112,3,sim,experts,2.493749939,2.504591554,0.010841615,700.0000
mixtral-dev112,3,sim,idle,2.504591554,2.505375649,0.000784095,84.0000
mixtral-dev112,3,sim,experts,2.505375649,2.515027182,0.009651533,700.0000
mixtral-dev112,3,sim,idle,2.515027182,2.515251880,0.000224698,84.0000
mixtral-dev112,3,sim,experts,2.515251880,2.528709563,0.013457682,700.0000
mixtral-dev112,3,sim,idle,2.528709563,2.550311286,0.021601723,84.0000
mixtral-dev112,3,sim,idle,2.550311286,2.550311442,0.000000157,84.0000
mixtral-dev112,3,sim,addnorm,2.550311442,2.550455647,0.000144205,140.0000
mixtral-dev112,3,sim,idle,2.550455647,2.550455804,0.000000157,84.0000
mixtral-dev112,3,sim,addnorm,2.550455804,2.550458342,0.000002538,140.0000
mixtral-dev112,3,sim,attention,2.550458342,2.562766308,0.012307966,700.0000
mixtral-dev112,3,sim,idle,2.562766308,2.562766464,0.000000157,84.0000
mixtral-dev112,3,sim,addnorm,2.562766464,2.562910669,0.000144205,140.0000
mixtral-dev112,3,sim,idle,2.562910669,2.562910826,0.000000157,84.0000
mixtral-dev112,3,sim,addnorm,2.562910826,2.562913366,0.000002540,140.0000
mixtral-dev112,3,sim,idle,2.562913366,2.562913523,0.000000157,84.0000
mixtral-dev112,3,sim,gate,2.562913523,2.562951946,0.000038422,280.0000
mixtral-dev112,3,sim,idle,2.562951946,2.562953102,0.000001156,84.0000
mixtral-dev112,3,sim,idle,2.562953102,2.562953259,0.000000157,84.0000
mixtral-dev112,3,sim,gate,2.562953259,2.562970363,0.000017104,280.0000
mixtral-dev112,3,sim,experts,2.562970363,2.573811978,0.010841615,700.0000
mixtral-dev112,3,sim,idle,2.573811978,2.574596073,0.000784095,84.0000
mixtral-dev112,3,sim,experts,2.574596073,2.584247606,0.009651533,700.0000
mixtral-dev112,3,sim,idle,2.584247606,2.584472304,0.000224698,84.0000
mixtral-dev112,3,sim,experts,2.584472304,2.597929986,0.013457682,700.0000
mixtral-dev112,3,sim,idle,2.597929986,2.642070966,0.044140980,84.0000
mixtral-dev112,3,sim,idle,2.642070966,2.642071123,0.000000157,84.0000
mixtral-dev112,3,sim,addnorm,2.642071123,2.642215328,0.000144205,140.0000
mixtral-dev112,3,sim,idle,2.642215328,2.642215485,0.000000157,84.0000
mixtral-dev112,3,sim,addnorm,2.642215485,2.642218022,0.000002538,140.0000
mixtral-dev112,3,sim,idle,2.642218022,2.752876937,0.110658915,84.0000
mixtral-dev112,3,sim,addnorm,2.752876937,2.752879026,0.000002089,140.0000
mixtral-dev112,3,sim,idle,2.752879026,2.752879183,0.000000157,84.0000
mixtral-dev112,3,sim,addnorm,2.752879183,2.753171951,0.000292768,140.0000
mixtral-dev112,3,sim,idle,2.753171951,2.753172107,0.000000157,84.0000
mixtral-dev112,3,sim,idle,2.753172107,2.753172264,0.000000157,84.0000
mixtral-dev112,3,sim,gate,2.753172264,2.753175583,0.000003318,280.0000
mixtral-dev112,3,sim,idle,2.753175583,2.770513883,0.017338301,84.0000
mixtral-dev112,3,sim,gate,2.770513883,2.770692930,0.000179046,280.0000
mixtral-dev112,3,sim,idle,2.770692930,2.770693087,0.000000157,84.0000
mixtral-dev112,3,sim,experts,2.770693087,2.789910521,0.019217435,700.0000
mixtral-dev112,3,sim,idle,2.789910521,2.790135220,0.000224698,84.0000
mixtral-dev112,3,sim,experts,2.790135220,2.809914628,0.019779408,700.0000
mixtral-dev112,3,sim,idle,2.809914628,2.810726915,0.000812287,84.0000
mixtral-dev112,3,sim,idle,2.810726915,2.810727072,0.000000157,84.0000
mixtral-dev112,3,sim,idle,2.810727072,2.810727228,0.000000157,84.0000
mixtral-dev112,3,sim,gate,2.810727228,2.810819827,0.000092598,280.0000
mixtral-dev112,3,sim,idle,2.810819827,2.810820983,0.000001156,84.0000
mixtral-dev112,3,sim,addnorm,2.810820983,2.810823069,0.000002086,140.0000
mixtral-dev112,3,sim,idle,2.810823069,2.810823226,0.000000157,84.0000
mixtral-dev112,3,sim,addnorm,2.810823226,2.811115994,0.000292768,140.0000
mixtral-dev112,3,sim,idle,2.811115994,2.811116151,0.000000157,84.0000
mixtral-dev112,3,sim,attention,2.811116151,2.835732083,0.024615932,700.0000
mixtral-dev112,3,sim,idle,2.835732083,2.891467867,0.055735784,84.0000
mixtral-dev112,3,sim,addnorm,2.891467867,2.891469955,0.000002089,140.0000
mixtral-dev112,3,sim,idle,2.891469955,2.891470112,0.000000157,84.0000
mixtral-dev112,3,sim,addnorm,2.891470112,2.891762880,0.000292768,140.0000
mixtral-dev112,3,sim,idle,2.891762880,2.891763037,0.000000157,84.0000
mixtral-dev112,3,sim,idle,2.891763037,2.891763194,0.000000157,84.0000
mixtral-dev112,3,sim,gate,2.891763194,2.891766512,0.000003318,280.0000
mixtral-dev112,3,sim,idle,2.891766512,2.913262866,0.021496354,84.0000
mixtral-dev112,3,sim,gate,2.913262866,2.913441913,0.000179046,280.0000
mixtral-dev112,3,sim,idle,2.913441913,2.913442070,0.000000157,84.0000
mixtral-dev112,3,sim,experts,2.913442070,2.932659504,0.019217435,700.0000
mixtral-dev112,3,sim,idle,2.932659504,2.932884203,0.000224698,84.0000
mixtral-dev112,3,sim,experts,2.932884203,2.952663611,0.019779408,700.0000
mixtral-dev112,3,sim,idle,2.952663611,2.953450299,0.000786688,84.0000
mixtral-dev112,3,sim,idle,2.953450299,2.953450455,0.000000157,84.0000
mixtral-dev112,3,sim,idle,2.953450455,2.953450612,0.000000157,84.0000
mixtral-dev112,3,sim,gate,2.953450612,2.953543211,0.000092598,280.0000
mixtral-dev112,3,sim,idle,2.953543211,2.953544367,0.000001156,84.0000
mixtral-dev112,3,sim,addnorm,2.953544367,2.953546453,0.000002086,140.0000
mixtral-dev112,3,sim,idle,2.953546453,2.953546610,0.000000157,84.0000
mixtral-dev112,3,sim,addnorm,2.953546610,2.953839378,0.000292768,140.0000
mixtral-dev112,3,sim,idle,2.953839378,2.953839535,0.000000157,84.0000
mixtral-dev112,3,sim,attention,2.953839535,2.978455467,0.024615932,700.0000
mixtral-dev112,3,sim,idle,2.978455467,3.004442995,0.025987529,84.0000
mixtral-dev112,3,sim,addnorm,3.004442995,3.004445084,0.000002089,140.0000
mixtral-dev112,3,sim,idle,3.004445084,3.004445241,0.000000157,84.0000
mixtral-dev112,3,sim,addnorm,3.004445241,3.004738009,0.000292768,140.0000
mixtral-dev112,3,sim,idle,3.004738009,3.004738166,0.000000157,84.0000
mixtral-dev112,3,sim,idle,3.004738166,3.004738322,0.000000157,84.0000
mixtral-dev112,3,sim,gate,3.004738322,3.004741641,0.000003318,280.0000
mixtral-dev112,3,sim,idle,3.004741641,3.026187500,0.021445860,84.0000
mixtral-dev112,3,sim,gate,3.026187500,3.026366547,0.000179046,280.0000
mixtral-dev112,3,sim,idle,3.026366547,3.026366704,0.000000157,84.0000
mixtral-dev112,3,sim,experts,3.026366704,3.045584138,0.019217435,700.0000
mixtral-dev112,3,sim,idle,3.045584138,3.045808837,0.000224698,84.0000
mixtral-dev112,3,sim,experts,3.045808837,3.065588244,0.019779408,700.0000
mixtral-dev112,3,sim,idle,3.065588244,3.066374933,0.000786688,84.0000
mixtral-dev112,3,sim,idle,3.066374933,3.066375089,0.000000157,84.0000
mixtral-dev112,3,sim,idle,3.066375089,3.066375246,0.000000157,84.0000
mixtral-dev112,3,sim,gate,3.066375246,3.066467845,0.000092598,280.0000
mixtral-dev112,3,sim,idle,3.066467845,3.066469001,0.000001156,84.0000
mixtral-dev112,3,sim,addnorm,3.066469001,3.066471087,0.000002086,140.0000
mixtral-dev112,3,sim,idle,3.066471087,3.066471244,0.000000157,84.0000
mixtral-dev112,3,sim,addnorm,3.066471244,3.066764012,0.000292768,140.0000
mixtral-dev112,3,sim,idle,3.066764012,3.066764169,0.000000157,84.0000
mixtral-dev112,3,sim,attention,3.066764169,3.091380100,0.024615932,700.0000
mixtral-dev112,3,sim,idle,3.091380100,3.096292731,0.004912631,84.0000
mixtral-dev112,3,sim,addnorm,3.096292731,3.096294820,0.000002089,140.0000
mixtral-dev112,3,sim,idle,3.096294820,3.096294977,0.000000157,84.0000
mixtral-dev112,3,sim,addnorm,3.096294977,3.096587745,0.000292768,140.0000
mixtral-dev112,3,sim,idle,3.096587745,3.096587902,0.000000157,84.0000
mixtral-dev112,3,sim,idle,3.096587902,3.096588059,0.000000157,84.0000
mixtral-dev112,3,sim,gate,3.096588059,3.096591377,0.000003318,280.0000
mixtral-dev112,3,sim,idle,3.096591377,3.120861903,0.024270526,84.0000
mixtral-dev112,3,sim,gate,3.120861903,3.121040950,0.000179046,280.0000
mixtral-dev112,3,sim,idle,3.121040950,3.121041107,0.000000157,84.0000
mixtral-dev112,3,sim,experts,3.121041107,3.140258541,0.019217435,700.0000
mixtral-dev112,3,sim,idle,3.140258541,3.140483240,0.000224698,84.0000
mixtral-dev112,3,sim,experts,3.140483240,3.160262647,0.019779408,700.0000
mixtral-dev112,3,sim,idle,3.160262647,3.161049336,0.000786688,84.0000
mixtral-dev112,3,sim,idle,3.161049336,3.161049492,0.000000157,84.0000
mixtral-dev112,3,sim,idle,3.161049492,3.161049649,0.000000157,84.0000
mixtral-dev112,3,sim,gate,3.161049649,3.161142248,0.000092598,280.0000
mixtral-dev112,3,sim,idle,3.161142248,3.161143404,0.000001156,84.0000
mixtral-dev112,3,sim,addnorm,3.161143404,3.161145490,0.000002086,140.0000
mixtral-dev112,3,sim,idle,3.161145490,3.161145647,0.000000157,84.0000
mixtral-dev112,3,sim,addnorm,3.161145647,3.161438415,0.000292768,140.0000
mixtral-dev112,3,sim,idle,3.161438415,3.161438571,0.000000157,84.0000
mixtral-dev112,3,sim,attention,3.161438571,3.186054503,0.024615932,700.0000
mixtral-dev112,3,sim,idle,3.186054503,3.311788382,0.125733879,84.0000
mixtral-dev112,4,sim,idle,3.311788382,3.413941284,0.102152902,84.0000
mixtral-dev112,4,sim,attention,3.413941284,3.426249250,0.012307966,700.0000
mixtral-dev112,4,sim,idle,3.426249250,3.426249407,0.000000157,84.0000
mixtral-dev112,4,sim,addnorm,3.426249407,3.426393612,0.000144205,140.0000
mixtral-dev112,4,sim,idle,3.426393612,3.426393768,0.000000157,84.0000
mixtral-dev112,4,sim,addnorm,3.426393768,3.426396309,0.000002540,140.0000
mixtral-dev112,4,sim,idle,3.426396309,3.426396466,0.000000157,84.0000
mixtral-dev112,4,sim,gate,3.426396466,3.426434888,0.000038422,280.0000
mixtral-dev112,4,sim,idle,3.426434888,3.426436044,0.000001156,84.0000
mixtral-dev112,4,sim,idle,3.426436044,3.426436201,0.000000157,84.0000
mixtral-dev112,4,sim,gate,3.426436201,3.426453305,0.000017104,280.0000
mixtral-dev112,4,sim,idle,3.426453305,3.426455127,0.000001822,84.0000
mixtral-dev112,4,sim,experts,3.426455127,3.437296742,0.010841615,700.0000
mixtral-dev112,4,sim,idle,3.437296742,3.438080837,0.000784095,84.0000
mixtral-dev112,4,sim,experts,3.438080837,3.447732370,0.009651533,700.0000
mixtral-dev112,4,sim,idle,3.447732370,3.447957068,0.000224698,84.0000
mixtral-dev112,4,sim,experts,3.447957068,3.461414751,0.013457682,700.0000
mixtral-dev112,4,sim,idle,3.461414751,3.485791473,0.024376722,84.0000
mixtral-dev112,4,sim,idle,3.485791473,3.485791630,0.000000157,84.0000
mixtral-dev112,4,sim,addnorm,3.485791630,3.485935835,0.000144205,140.0000
mixtral-dev112,4,sim,idle,3.485935835,3.485935992,0.000000157,84.0000
mixtral-dev112,4,sim,addnorm,3.485935992,3.485938529,0.000002538,140.0000
mixtral-dev112,4,sim,idle,3.485938529,3.508937428,0.022998899,84.0000
mixtral-dev112,4,sim,attention,3.508937428,3.521245394,0.012307966,700.0000
mixtral-dev112,4,sim,idle,3.521245394,3.521245551,0.000000157,84.0000
mixtral-dev112,4,sim,addnorm,3.521245551,3.521389755,0.000144205,140.0000
mixtral-dev112,4,sim,idle,3.521389755,3.521389912,0.000000157,84.0000
mixtral-dev112,4,sim,addnorm,3.521389912,3.521392453,0.000002540,140.0000
mixtral-dev112,4,sim,idle,3.521392453,3.521392610,0.000000157,84.0000
mixtral-dev112,4,sim,gate,3.521392610,3.521431032,0.000038422,280.0000
mixtral-dev112,4,sim,idle,3.521431032,3.521432188,0.000001156,84.0000
mixtral-dev112,4,sim,idle,3.521432188,3.521432345,0.000000157,84.0000
mixtral-dev112,4,sim,gate,3.521432345,3.521449449,0.000017104,280.0000
mixtral-dev112,4,sim,idle,3.521449449,3.521451271,0.000001822,84.0000
mixtral-dev112,4,sim,experts,3.521451271,3.532292886,0.010841615,700.0000
mixtral-dev112,4,sim,idle,3.532292886,3.533076981,0.000784095,84.0000
mixtral-dev112,4,sim,experts,3.533076981,3.542728514,0.009651533,700.0000
mixtral-dev112,4,sim,idle,3.542728514,3.542953212,0.000224698,84.0000
mixtral-dev112,4,sim,experts,3.542953212,3.556410895,0.013457682,700.0000
mixtral-dev112,4,sim,idle,3.556410895,3.585020323,0.028609428,84.0000
mixtral-dev112,4,sim,idle,3.585020323,3.585020479,0.000000157,84.0000
mixtral-dev112,4,sim,addnorm,3.585020479,3.585164684,0.000144205,140.0000
mixtral-dev112,4,sim,idle,3.585164684,3.585164841,0.000000157,84.0000
mixtral-dev112,4,sim,addnorm,3.585164841,3.585167379,0.000002538,140.0000
mixtral-dev112,4,sim,attention,3.585167379,3.597475345,0.012307966,700.0000
mixtral-dev112,4,sim,idle,3.597475345,3.597475501,0.000000157,84.0000
mixtral-dev112,4,sim,addnorm,3.597475501,3.597619706,0.000144205,140.0000
mixtral-dev112,4,sim,idle,3.597619706,3.597619863,0.000000157,84.0000
mixtral-dev112,4,sim,addnorm,3.597619863,3.597622403,0.000002540,140.0000
mixtral-dev112,4,sim,idle,3.597622403,3.597622560,0.000000157,84.0000
mixtral-dev112,4,sim,gate,3.597622560,3.597660983,0.000038422,280.0000
mixtral-dev112,4,sim,idle,3.597660983,3.597662139,0.000001156,84.0000
mixtral-dev112,4,sim,idle,3.597662139,3.597662296,0.000000157,84.0000
mixtral-dev112,4,sim,gate,3.597662296,3.597679400,0.000017104,280.0000
mixtral-dev112,4,sim,experts,3.597679400,3.608521015,0.010841615,700.0000
mixtral-dev112,4,sim,idle,3.608521015,3.609305110,0.000784095,84.0000
mixtral-dev112,4,sim,experts,3.609305110,3.618956643,0.009651533,700.0000
mixtral-dev112,4,sim,idle,3.618956643,3.619181341,0.000224698,84.0000
mixtral-dev112,4,sim,experts,3.619181341,3.632639024,0.013457682,700.0000
mixtral-dev112,4,sim,idle,3.632639024,3.654240746,0.021601723,84.0000
mixtral-dev112,4,sim,idle,3.654240746,3.654240903,0.000000157,84.0000
mixtral-dev112,4,sim,addnorm,3.654240903,3.654385108,0.000144205,140.0000
mixtral-dev112,4,sim,idle,3.654385108,3.654385265,0.000000157,84.0000
mixtral-dev112,4,sim,addnorm,3.654385265,3.654387802,0.000002538,140.0000
mixtral-dev112,4,sim,attention,3.654387802,3.666695768,0.012307966,700.0000
mixtral-dev112,4,sim,idle,3.666695768,3.666695925,0.000000157,84.0000
mixtral-dev112,4,sim,addnorm,3.666695925,3.666840130,0.000144205,140.0000
mixtral-dev112,4,sim,idle,3.666840130,3.666840287,0.000000157,84.0000
mixtral-dev112,4,sim,addnorm,3.666840287,3.666842827,0.000002540,140.0000
mixtral-dev112,4,sim,idle,3.666842827,3.666842984,0.000000157,84.0000
mixtral-dev112,4,sim,gate,3.666842984,3.666881406,0.000038422,280.0000
mixtral-dev112,4,sim,idle,3.666881406,3.666882563,0.000001156,84.0000
mixtral-dev112,4,sim,idle,3.666882563,3.666882719,0.000000157,84.0000
mixtral-dev112,4,sim,gate,3.666882719,3.666899823,0.000017104,280.0000
mixtral-dev112,4,sim,experts,3.666899823,3.677741439,0.010841615,700.0000
mixtral-dev112,4,sim,idle,3.677741439,3.678525534,0.000784095,84.0000
mixtral-dev112,4,sim,experts,3.678525534,3.688177066,0.009651533,700.0000
mixtral-dev112,4,sim,idle,3.688177066,3.688401765,0.000224698,84.0000
mixtral-dev112,4,sim,experts,3.688401765,3.701859447,0.013457682,700.0000
mixtral-dev112,4,sim,idle,3.701859447,3.746000427,0.044140980,84.0000
mixtral-dev112,4,sim,idle,3.746000427,3.746000584,0.000000157,84.0000
mixtral-dev112,4,sim,addnorm,3.746000584,3.746144789,0.000144205,140.0000
mixtral-dev112,4,sim,idle,3.746144789,3.746144946,0.000000157,84.0000
mixtral-dev112,4,sim,addnorm,3.746144946,3.746147483,0.000002538,140.0000
mixtral-dev112,4,sim,idle,3.746147483,3.856806398,0.110658915,84.0000
mixtral-dev112,4,sim,addnorm,3.856806398,3.856808486,0.000002089,140.0000
mixtral-dev112,4,sim,idle,3.856808486,3.856808643,0.000000157,84.0000
mixtral-dev112,4,sim,addnorm,3.856808643,3.857101411,0.000292768,140.0000
mixtral-dev112,4,sim,idle,3.857101411,3.857101568,0.000000157,84.0000
mixtral-dev112,4,sim,idle,3.857101568,3.857101725,0.000000157,84.0000
mixtral-dev112,4,sim,gate,3.857101725,3.857105043,0.000003318,280.0000
mixtral-dev112,4,sim,idle,3.857105043,3.874443344,0.017338301,84.0000
mixtral-dev112,4,sim,gate,3.874443344,3.874622391,0.000179046,280.0000
mixtral-dev112,4,sim,idle,3.874622391,3.874622547,0.000000157,84.0000
mixtral-dev112,4,sim,experts,3.874622547,3.893839982,0.019217435,700.0000
mixtral-dev112,4,sim,idle,3.893839982,3.894064680,0.000224698,84.0000
mixtral-dev112,4,sim,experts,3.894064680,3.913844088,0.019779408,700.0000
mixtral-dev112,4,sim,idle,3.913844088,3.914656375,0.000812287,84.0000
mixtral-dev112,4,sim,idle,3.914656375,3.914656532,0.000000157,84.0000
mixtral-dev112,4,sim,idle,3.914656532,3.914656689,0.000000157,84.0000
mixtral-dev112,4,sim,gate,3.914656689,3.914749287,0.000092598,280.0000
mixtral-dev112,4,sim,idle,3.914749287,3.914750444,0.000001156,84.0000
mixtral-dev112,4,sim,addnorm,3.914750444,3.914752530,0.000002086,140.0000
mixtral-dev112,4,sim,idle,3.914752530,3.914752687,0.000000157,84.0000
mixtral-dev112,4,sim,addnorm,3.914752687,3.915045455,0.000292768,140.0000
mixtral-dev112,4,sim,idle,3.915045455,3.915045611,0.000000157,84.0000
mixtral-dev112,4,sim,attention,3.915045611,3.939661543,0.024615932,700.0000
mixtral-dev112,4,sim,idle,3.939661543,3.995397327,0.055735784,84.0000
mixtral-dev112,4,sim,addnorm,3.995397327,3.995399416,0.000002089,140.0000
mixtral-dev112,4,sim,idle,3.995399416,3.995399573,0.000000157,84.0000
mixtral-dev112,4,sim,addnorm,3.995399573,3.995692341,0.000292768,140.0000
mixtral-dev112,4,sim,idle,3.995692341,3.995692498,0.000000157,84.0000
mixtral-dev112,4,sim,idle,3.995692498,3.995692655,0.000000157,84.0000
mixtral-dev112,4,sim,gate,3.995692655,3.995695973,0.000003318,280.0000
mixtral-dev112,4,sim,idle,3.995695973,4.017192327,0.021496354,84.0000
mixtral-dev112,4,sim,gate,4.017192327,4.017371374,0.000179046,280.0000
mixtral-dev112,4,sim,idle,4.017371374,4.017371530,0.000000157,84.0000
mixtral-dev112,4,sim,experts,4.017371530,4.036588965,0.019217435,700.0000
mixtral-dev112,4,sim,idle,4.036588965,4.036813663,0.000224698,84.0000
mixtral-dev112,4,sim,experts,4.036813663,4.056593071,0.019779408,700.0000
mixtral-dev112,4,sim,idle,4.056593071,4.057379759,0.000786688,84.0000
mixtral-dev112,4,sim,idle,4.057379759,4.057379916,0.000000157,84.0000
mixtral-dev112,4,sim,idle,4.057379916,4.057380073,0.000000157,84.0000
mixtral-dev112,4,sim,gate,4.057380073,4.057472671,0.000092598,280.0000
mixtral-dev112,4,sim,idle,4.057472671,4.057473828,0.000001156,84.0000
mixtral-dev112,4,sim,addnorm,4.057473828,4.057475914,0.000002086,140.0000
mixtral-dev112,4,sim,idle,4.057475914,4.057476070,0.000000157,84.0000
mixtral-dev112,4,sim,addnorm,4.057476070,4.057768838,0.000292768,140.0000
mixtral-dev112,4,sim,idle,4.057768838,4.057768995,0.000000157,84.0000
mixtral-dev112,4,sim,attention,4.057768995,4.082384927,0.024615932,700.0000
mixtral-dev112,4,sim,idle,4.082384927,4.108372456,0.025987529,84.0000
mixtral-dev112,4,sim,addnorm,4.108372456,4.108374545,0.000002089,140.0000
mixtral-dev112,4,sim,idle,4.108374545,4.108374701,0.000000157,84.0000
mixtral-dev112,4,sim,addnorm,4.108374701,4.108667469,0.000292768,140.0000
mixtral-dev112,4,sim,idle,4.108667469,4.108667626,0.000000157,84.0000
mixtral-dev112,4,sim,idle,4.108667626,4.108667783,0.000000157,84.0000
mixtral-dev112,4,sim,gate,4.108667783,4.108671101,0.000003318,280.0000
mixtral-dev112,4,sim,idle,4.108671101,4.130116961,0.021445860,84.0000
mixtral-dev112,4,sim,gate,4.130116961,4.130296007,0.000179046,280.0000
mixtral-dev112,4,sim,idle,4.130296007,4.130296164,0.000000157,84.0000
mixtral-dev112,4,sim,experts,4.130296164,4.149513599,0.019217435,700.0000
mixtral-dev112,4,sim,idle,4.149513599,4.149738297,0.000224698,84.0000
mixtral-dev112,4,sim,experts,4.149738297,4.169517705,0.019779408,700.0000
mixtral-dev112,4,sim,idle,4.169517705,4.170304393,0.000786688,84.0000
mixtral-dev112,4,sim,idle,4.170304393,4.170304550,0.000000157,84.0000
mixtral-dev112,4,sim,idle,4.170304550,4.170304707,0.000000157,84.0000
mixtral-dev112,4,sim,gate,4.170304707,4.170397305,0.000092598,280.0000
mixtral-dev112,4,sim,idle,4.170397305,4.170398462,0.000001156,84.0000
mixtral-dev112,4,sim,addnorm,4.170398462,4.170400548,0.000002086,140.0000
mixtral-dev112,4,sim,idle,4.170400548,4.170400704,0.000000157,84.0000
mixtral-dev112,4,sim,addnorm,4.170400704,4.170693472,0.000292768,140.0000
mixtral-dev112,4,sim,idle,4.170693472,4.170693629,0.000000157,84.0000
mixtral-dev112,4,sim,attention,4.170693629,4.195309561,0.024615932,700.0000
mixtral-dev112,4,sim,idle,4.195309561,4.200222192,0.004912631,84.0000
mixtral-dev112,4,sim,addnorm,4.200222192,4.200224281,0.000002089,140.0000
mixtral-dev112,4,sim,idle,4.200224281,4.200224438,0.000000157,84.0000
mixtral-dev112,4,sim,addnorm,4.200224438,4.200517206,0.000292768,140.0000
mixtral-dev112,4,sim,idle,4.200517206,4.200517362,0.000000157,84.0000
mixtral-dev112,4,sim,idle,4.200517362,4.200517519,0.000000157,84.0000
mixtral-dev112,4,sim,gate,4.200517519,4.200520838,0.000003318,280.0000
mixtral-dev112,4,sim,idle,4.200520838,4.224791364,0.024270526,84.0000
mixtral-dev112,4,sim,gate,4.224791364,4.224970410,0.000179046,280.0000
mixtral-dev112,4,sim,idle,4.224970410,4.224970567,0.000000157,84.0000
mixtral-dev112,4,sim,experts,4.224970567,4.244188002,0.019217435,700.0000
mixtral-dev112,4,sim,idle,4.244188002,4.244412700,0.000224698,84.0000
mixtral-dev112,4,sim,experts,4.244412700,4.264192108,0.019779408,700.0000
mixtral-dev112,4,sim,idle,4.264192108,4.264978796,0.000786688,84.0000
mixtral-dev112,4,sim,idle,4.264978796,4.264978953,0.000000157,84.0000
mixtral-dev112,4,sim,idle,4.264978953,4.264979110,0.000000157,84.0000
mixtral-dev112,4,sim,gate,4.264979110,4.265071708,0.000092598,280.0000
mixtral-dev112,4,sim,idle,4.265071708,4.265072864,0.000001156,84.0000
mixtral-dev112,4,sim,addnorm,4.265072864,4.265074951,0.000002086,140.0000
mixtral-dev112,4,sim,idle,4.265074951,4.265075107,0.000000157,84.0000
mixtral-dev112,4,sim,addnorm,4.265075107,4.265367875,0.000292768,140.0000
mixtral-dev112,4,sim,idle,4.265367875,4.265368032,0.000000157,84.0000
mixtral-dev112,4,sim,attention,4.265368032,4.289983964,0.024615932,700.0000
mixtral-dev112,4,sim,idle,4.289983964,4.415717843,0.125733879,84.0000
mixtral-dev112,5,sim,idle,4.415717843,4.517870745,0.102152902,84.0000
mixtral-dev112,5,sim,attention,4.517870745,4.530178711,0.012307966,700.0000
mixtral-dev112,5,sim,idle,4.530178711,4.530178868,0.000000157,84.0000
mixtral-dev112,5,sim,addnorm,4.530178868,4.530323072,0.000144205,140.0000
mixtral-dev112,5,sim,idle,4.530323072,4.530323229,0.000000157,84.0000
mixtral-dev112,5,sim,addnorm,4.530323229,4.530325770,0.000002540,140.0000
mixtral-dev112,5,sim,idle,4.530325770,4.530325926,0.000000157,84.0000
mixtral-dev112,5,sim,gate,4.530325926,4.530364349,0.000038422,280.0000
mixtral-dev112,5,sim,idle,4.530364349,4.530365505,0.000001156,84.0000
mixtral-dev112,5,sim,idle,4.530365505,4.530365662,0.000000157,84.0000
mixtral-dev112,5,sim,gate,4.530365662,4.530382766,0.000017104,280.0000
mixtral-dev112,5,sim,idle,4.530382766,4.530384588,0.000001822,84.0000
mixtral-dev112,5,sim,experts,4.530384588,4.541226203,0.010841615,700.0000
mixtral-dev112,5,sim,idle,4.541226203,4.542010298,0.000784095,84.0000
mixtral-dev112,5,sim,experts,4.542010298,4.551661831,0.009651533,700.0000
mixtral-dev112,5,sim,idle,4.551661831,4.551886529,0.000224698,84.0000
mixtral-dev112,5,sim,experts,4.551886529,4.565344212,0.013457682,700.0000
mixtral-dev112,5,sim,idle,4.565344212,4.589720934,0.024376722,84.0000
mixtral-dev112,5,sim,idle,4.589720934,4.589721091,0.000000157,84.0000
mixtral-dev112,5,sim,addnorm,4.589721091,4.589865295,0.000144205,140.0000
mixtral-dev112,5,sim,idle,4.589865295,4.589865452,0.000000157,84.0000
mixtral-dev112,5,sim,addnorm,4.589865452,4.589867990,0.000002538,140.0000
mixtral-dev112,5,sim,idle,4.589867990,4.612866889,0.022998899,84.0000
mixtral-dev112,5,sim,attention,4.612866889,4.625174855,0.012307966,700.0000
mixtral-dev112,5,sim,idle,4.625174855,4.625175011,0.000000157,84.0000
mixtral-dev112,5,sim,addnorm,4.625175011,4.625319216,0.000144205,140.0000
mixtral-dev112,5,sim,idle,4.625319216,4.625319373,0.000000157,84.0000
mixtral-dev112,5,sim,addnorm,4.625319373,4.625321913,0.000002540,140.0000
mixtral-dev112,5,sim,idle,4.625321913,4.625322070,0.000000157,84.0000
mixtral-dev112,5,sim,gate,4.625322070,4.625360493,0.000038422,280.0000
mixtral-dev112,5,sim,idle,4.625360493,4.625361649,0.000001156,84.0000
mixtral-dev112,5,sim,idle,4.625361649,4.625361806,0.000000157,84.0000
mixtral-dev112,5,sim,gate,4.625361806,4.625378910,0.000017104,280.0000
mixtral-dev112,5,sim,idle,4.625378910,4.625380732,0.000001822,84.0000
mixtral-dev112,5,sim,experts,4.625380732,4.636222347,0.010841615,700.0000
mixtral-dev112,5,sim,idle,4.636222347,4.637006442,0.000784095,84.0000
mixtral-dev112,5,sim,experts,4.637006442,4.646657974,0.009651533,700.0000
mixtral-dev112,5,sim,idle,4.646657974,4.646882673,0.000224698,84.0000
mixtral-dev112,5,sim,experts,4.646882673,4.660340355,0.013457682,700.0000
mixtral-dev112,5,sim,idle,4.660340355,4.688949783,0.028609428,84.0000
mixtral-dev112,5,sim,idle,4.688949783,4.688949940,0.000000157,84.0000
mixtral-dev112,5,sim,addnorm,4.688949940,4.689094145,0.000144205,140.0000
mixtral-dev112,5,sim,idle,4.689094145,4.689094302,0.000000157,84.0000
mixtral-dev112,5,sim,addnorm,4.689094302,4.689096839,0.000002538,140.0000
mixtral-dev112,5,sim,attention,4.689096839,4.701404805,0.012307966,700.0000
mixtral-dev112,5,sim,idle,4.701404805,4.701404962,0.000000157,84.0000
mixtral-dev112,5,sim,addnorm,4.701404962,4.701549167,0.000144205,140.0000
mixtral-dev112,5,sim,idle,4.701549167,4.701549324,0.000000157,84.0000
mixtral-dev112,5,sim,addnorm,4.701549324,4.701551864,0.000002540,140.0000
mixtral-dev112,5,sim,idle,4.701551864,4.701552021,0.000000157,84.0000
mixtral-dev112,5,sim,gate,4.701552021,4.701590443,0.000038422,280.0000
mixtral-dev112,5,sim,idle,4.701590443,4.701591600,0.000001156,84.0000
mixtral-dev112,5,sim,idle,4.701591600,4.701591756,0.000000157,84.0000
mixtral-dev112,5,sim,gate,4.701591756,4.701608860,0.000017104,280.0000
mixtral-dev112,5,sim,experts,4.701608860,4.712450476,0.010841615,700.0000
mixtral-dev112,5,sim,idle,4.712450476,4.713234571,0.000784095,84.0000
mixtral-dev112,5,sim,experts,4.713234571,4.722886103,0.009651533,700.0000
mixtral-dev112,5,sim,idle,4.722886103,4.723110802,0.000224698,84.0000
mixtral-dev112,5,sim,experts,4.723110802,4.736568484,0.013457682,700.0000
mixtral-dev112,5,sim,idle,4.736568484,4.758170207,0.021601723,84.0000
mixtral-dev112,5,sim,idle,4.758170207,4.758170364,0.000000157,84.0000
mixtral-dev112,5,sim,addnorm,4.758170364,4.758314569,0.000144205,140.0000
mixtral-dev112,5,sim,idle,4.758314569,4.758314725,0.000000157,84.0000
mixtral-dev112,5,sim,addnorm,4.758314725,4.758317263,0.000002538,140.0000
mixtral-dev112,5,sim,attention,4.758317263,4.770625229,0.012307966,700.0000
mixtral-dev112,5,sim,idle,4.770625229,4.770625386,0.000000157,84.0000
mixtral-dev112,5,sim,addnorm,4.770625386,4.770769590,0.000144205,140.0000
mixtral-dev112,5,sim,idle,4.770769590,4.770769747,0.000000157,84.0000
mixtral-dev112,5,sim,addnorm,4.770769747,4.770772288,0.000002540,140.0000
mixtral-dev112,5,sim,idle,4.770772288,4.770772445,0.000000157,84.0000
mixtral-dev112,5,sim,gate,4.770772445,4.770810867,0.000038422,280.0000
mixtral-dev112,5,sim,idle,4.770810867,4.770812023,0.000001156,84.0000
mixtral-dev112,5,sim,idle,4.770812023,4.770812180,0.000000157,84.0000
mixtral-dev112,5,sim,gate,4.770812180,4.770829284,0.000017104,280.0000
mixtral-dev112,5,sim,experts,4.770829284,4.781670899,0.010841615,700.0000
mixtral-dev112,5,sim,idle,4.781670899,4.782454994,0.000784095,84.0000
mixtral-dev112,5,sim,experts,4.782454994,4.792106527,0.009651533,700.0000
mixtral-dev112,5,sim,idle,4.792106527,4.792331225,0.000224698,84.0000
mixtral-dev112,5,sim,experts,4.792331225,4.805788908,0.013457682,700.0000
mixtral-dev112,5,sim,idle,4.805788908,4.849929888,0.044140980,84.0000
mixtral-dev112,5,sim,idle,4.849929888,4.849930045,0.000000157,84.0000
mixtral-dev112,5,sim,addnorm,4.849930045,4.850074249,0.000144205,140.0000
mixtral-dev112,5,sim,idle,4.850074249,4.850074406,0.000000157,84.0000
mixtral-dev112,5,sim,addnorm,4.850074406,4.850076944,0.000002538,140.0000
mixtral-dev112,5,sim,idle,4.850076944,4.960735858,0.110658915,84.0000
mixtral-dev112,5,sim,addnorm,4.960735858,4.960737947,0.000002089,140.0000
mixtral-dev112,5,sim,idle,4.960737947,4.960738104,0.000000157,84.0000
mixtral-dev112,5,sim,addnorm,4.960738104,4.961030872,0.000292768,140.0000
mixtral-dev112,5,sim,idle,4.961030872,4.961031029,0.000000157,84.0000
mixtral-dev112,5,sim,idle,4.961031029,4.961031186,0.000000157,84.0000
mixtral-dev112,5,sim,gate,4.961031186,4.961034504,0.000003318,280.0000
mixtral-dev112,5,sim,idle,4.961034504,4.978372805,0.017338301,84.0000
mixtral-dev112,5,sim,gate,4.978372805,4.978551851,0.000179046,280.0000
mixtral-dev112,5,sim,idle,4.978551851,4.978552008,0.000000157,84.0000
mixtral-dev112,5,sim,experts,4.978552008,4.997769443,0.019217435,700.0000
mixtral-dev112,5,sim,idle,4.997769443,4.997994141,0.000224698,84.0000
mixtral-dev112,5,sim,experts,4.997994141,5.017773549,0.019779408,700.0000
mixtral-dev112,5,sim,idle,5.017773549,5.018585836,0.000812287,84.0000
mixtral-dev112,5,sim,idle,5.018585836,5.018585993,0.000000157,84.0000
mixtral-dev112,5,sim,idle,5.018585993,5.018586150,0.000000157,84.0000
mixtral-dev112,5,sim,gate,5.018586150,5.018678748,0.000092598,280.0000
mixtral-dev112,5,sim,idle,5.018678748,5.018679904,0.000001156,84.0000
mixtral-dev112,5,sim,addnorm,5.018679904,5.018681990,0.000002086,140.0000
mixtral-dev112,5,sim,idle,5.018681990,5.018682147,0.000000157,84.0000
mixtral-dev112,5,sim,addnorm,5.018682147,5.018974915,0.000292768,140.0000
mixtral-dev112,5,sim,idle,5.018974915,5.018975072,0.000000157,84.0000
mixtral-dev112,5,sim,attention,5.018975072,5.043591004,0.024615932,700.0000
mixtral-dev112,5,sim,idle,5.043591004,5.099326788,0.055735784,84.0000
mixtral-dev112,5,sim,addnorm,5.099326788,5.099328877,0.000002089,140.0000
mixtral-dev112,5,sim,idle,5.099328877,5.099329034,0.000000157,84.0000
mixtral-dev112,5,sim,addnorm,5.099329034,5.099621802,0.000292768,140.0000
mixtral-dev112,5,sim,idle,5.099621802,5.099621958,0.000000157,84.0000
mixtral-dev112,5,sim,idle,5.099621958,5.099622115,0.000000157,84.0000
mixtral-dev112,5,sim,gate,5.099622115,5.099625434,0.000003318,280.0000
mixtral-dev112,5,sim,idle,5.099625434,5.121121788,0.021496354,84.0000
mixtral-dev112,5,sim,gate,5.121121788,5.121300834,0.000179046,280.0000
mixtral-dev112,5,sim,idle,5.121300834,5.121300991,0.000000157,84.0000
mixtral-dev112,5,sim,experts,5.121300991,5.140518426,0.019217435,700.0000
mixtral-dev112,5,sim,idle,5.140518426,5.140743124,0.000224698,84.0000
mixtral-dev112,5,sim,experts,5.140743124,5.160522532,0.019779408,700.0000
mixtral-dev112,5,sim,idle,5.160522532,5.161309220,0.000786688,84.0000
mixtral-dev112,5,sim,idle,5.161309220,5.161309377,0.000000157,84.0000
mixtral-dev112,5,sim,idle,5.161309377,5.161309534,0.000000157,84.0000
mixtral-dev112,5,sim,gate,5.161309534,5.161402132,0.000092598,280.0000
mixtral-dev112,5,sim,idle,5.161402132,5.161403288,0.000001156,84.0000
mixtral-dev112,5,sim,addnorm,5.161403288,5.161405374,0.000002086,140.0000
mixtral-dev112,5,sim,idle,5.161405374,5.161405531,0.000000157,84.0000
mixtral-dev112,5,sim,addnorm,5.161405531,5.161698299,0.000292768,140.0000
mixtral-dev112,5,sim,idle,5.161698299,5.161698456,0.000000157,84.0000
mixtral-dev112,5,sim,attention,5.161698456,5.186314388,0.024615932,700.0000
mixtral-dev112,5,sim,idle,5.186314388,5.212301917,0.025987529,84.0000
mixtral-dev112,5,sim,addnorm,5.212301917,5.212304005,0.000002089,140.0000
mixtral-dev112,5,sim,idle,5.212304005,5.212304162,0.000000157,84.0000
mixtral-dev112,5,sim,addnorm,5.212304162,5.212596930,0.000292768,140.0000
mixtral-dev112,5,sim,idle,5.212596930,5.212597087,0.000000157,84.0000
mixtral-dev112,5,sim,idle,5.212597087,5.212597244,0.000000157,84.0000
mixtral-dev112,5,sim,gate,5.212597244,5.212600562,0.000003318,280.0000
mixtral-dev112,5,sim,idle,5.212600562,5.234046422,0.021445860,84.0000
mixtral-dev112,5,sim,gate,5.234046422,5.234225468,0.000179046,280.0000
mixtral-dev112,5,sim,idle,5.234225468,5.234225625,0.000000157,84.0000
mixtral-dev112,5,sim,experts,5.234225625,5.253443060,0.019217435,700.0000
mixtral-dev112,5,sim,idle,5.253443060,5.253667758,0.000224698,84.0000
mixtral-dev112,5,sim,experts,5.253667758,5.273447166,0.019779408,700.0000
mixtral-dev112,5,sim,idle,5.273447166,5.274233854,0.000786688,84.0000
mixtral-dev112,5,sim,idle,5.274233854,5.274234011,0.000000157,84.0000
mixtral-dev112,5,sim,idle,5.274234011,5.274234168,0.000000157,84.0000
mixtral-dev112,5,sim,gate,5.274234168,5.274326766,0.000092598,280.0000
mixtral-dev112,5,sim,idle,5.274326766,5.274327922,0.000001156,84.0000
mixtral-dev112,5,sim,addnorm,5.274327922,5.274330008,0.000002086,140.0000
mixtral-dev112,5,sim,idle,5.274330008,5.274330165,0.000000157,84.0000
mixtral-dev112,5,sim,addnorm,5.274330165,5.274622933,0.000292768,140.0000
mixtral-dev112,5,sim,idle,5.274622933,5.274623090,0.000000157,84.0000
mixtral-dev112,5,sim,attention,5.274623090,5.299239022,0.024615932,700.0000
mixtral-dev112,5,sim,idle,5.299239022,5.304151653,0.004912631,84.0000
mixtral-dev112,5,sim,addnorm,5.304151653,5.304153741,0.000002089,140.0000
mixtral-dev112,5,sim,idle,5.304153741,5.304153898,0.000000157,84.0000
mixtral-dev112,5,sim,addnorm,5.304153898,5.304446666,0.000292768,140.0000
mixtral-dev112,5,sim,idle,5.304446666,5.304446823,0.000000157,84.0000
mixtral-dev112,5,sim,idle,5.304446823,5.304446980,0.000000157,84.0000
mixtral-dev112,5,sim,gate,5.304446980,5.304450298,0.000003318,280.0000
mixtral-dev112,5,sim,idle,5.304450298,5.328720825,0.024270526,84.0000
mixtral-dev112,5,sim,gate,5.328720825,5.328899871,0.000179046,280.0000
mixtral-dev112,5,sim,idle,5.328899871,5.328900028,0.000000157,84.0000
mixtral-dev112,5,sim,experts,5.328900028,5.348117462,0.019217435,700.0000
mixtral-dev112,5,sim,idle,5.348117462,5.348342161,0.000224698,84.0000
mixtral-dev112,5,sim,experts,5.348342161,5.368121569,0.019779408,700.0000
mixtral-dev112,5,sim,idle,5.368121569,5.368908257,0.000786688,84.0000
mixtral-dev112,5,sim,idle,5.368908257,5.368908414,0.000000157,84.0000
mixtral-dev112,5,sim,idle,5.368908414,5.368908570,0.000000157,84.0000
mixtral-dev112,5,sim,gate,5.368908570,5.369001169,0.000092598,280.0000
mixtral-dev112,5,sim,idle,5.369001169,5.369002325,0.000001156,84.0000
mixtral-dev112,5,sim,addnorm,5.369002325,5.369004411,0.000002086,140.0000
mixtral-dev112,5,sim,idle,5.369004411,5.369004568,0.000000157,84.0000
mixtral-dev112,5,sim,addnorm,5.369004568,5.369297336,0.000292768,140.0000
mixtral-dev112,5,sim,idle,5.369297336,5.369297493,0.000000157,84.0000
mixtral-dev112,5,sim,attention,5.369297493,5.393913425,0.024615932,700.0000
mixtral-dev112,5,sim,idle,5.393913425,5.519647303,0.125733879,84.0000
mixtral-dev112,6,sim,idle,5.519647303,5.621800205,0.102152902,84.0000
mixtral-dev112,6,sim,attention,5.621800205,5.634108171,0.012307966,700.0000
mixtral-dev112,6,sim,idle,5.634108171,5.634108328,0.000000157,84.0000
mixtral-dev112,6,sim,addnorm,5.634108328,5.634252533,0.000144205,140.0000
mixtral-dev112,6,sim,idle,5.634252533,5.634252690,0.000000157,84.0000
mixtral-dev112,6,sim,addnorm,5.634252690,5.634255230,0.000002540,140.0000
mixtral-dev112,6,sim,idle,5.634255230,5.634255387,0.000000157,84.0000
mixtral-dev112,6,sim,gate,5.634255387,5.634293810,0.000038422,280.0000
mixtral-dev112,6,sim,idle,5.634293810,5.634294966,0.000001156,84.0000
mixtral-dev112,6,sim,idle,5.634294966,5.634295123,0.000000157,84.0000
mixtral-dev112,6,sim,gate,5.634295123,5.634312227,0.000017104,280.0000
mixtral-dev112,6,sim,idle,5.634312227,5.634314048,0.000001822,84.0000
mixtral-dev112,6,sim,experts,5.634314048,5.645155664,0.010841615,700.0000
mixtral-dev112,6,sim,idle,5.645155664,5.645939759,0.000784095,84.0000
mixtral-dev112,6,sim,experts,5.645939759,5.655591291,0.009651533,700.0000
mixtral-dev112,6,sim,idle,5.655591291,5.655815990,0.000224698,84.0000
mixtral-dev112,6,sim,experts,5.655815990,5.669273672,0.013457682,700.0000
mixtral-dev112,6,sim,idle,5.669273672,5.693650395,0.024376722,84.0000
mixtral-dev112,6,sim,idle,5.693650395,5.693650551,0.000000157,84.0000
mixtral-dev112,6,sim,addnorm,5.693650551,5.693794756,0.000144205,140.0000
mixtral-dev112,6,sim,idle,5.693794756,5.693794913,0.000000157,84.0000
mixtral-dev112,6,sim,addnorm,5.693794913,5.693797451,0.000002538,140.0000
mixtral-dev112,6,sim,idle,5.693797451,5.716796349,0.022998899,84.0000
mixtral-dev112,6,sim,attention,5.716796349,5.729104315,0.012307966,700.0000
mixtral-dev112,6,sim,idle,5.729104315,5.729104472,0.000000157,84.0000
mixtral-dev112,6,sim,addnorm,5.729104472,5.729248677,0.000144205,140.0000
mixtral-dev112,6,sim,idle,5.729248677,5.729248834,0.000000157,84.0000
mixtral-dev112,6,sim,addnorm,5.729248834,5.729251374,0.000002540,140.0000
mixtral-dev112,6,sim,idle,5.729251374,5.729251531,0.000000157,84.0000
mixtral-dev112,6,sim,gate,5.729251531,5.729289953,0.000038422,280.0000
mixtral-dev112,6,sim,idle,5.729289953,5.729291110,0.000001156,84.0000
mixtral-dev112,6,sim,idle,5.729291110,5.729291266,0.000000157,84.0000
mixtral-dev112,6,sim,gate,5.729291266,5.729308370,0.000017104,280.0000
mixtral-dev112,6,sim,idle,5.729308370,5.729310192,0.000001822,84.0000
mixtral-dev112,6,sim,experts,5.729310192,5.740151808,0.010841615,700.0000
mixtral-dev112,6,sim,idle,5.740151808,5.740935902,0.000784095,84.0000
mixtral-dev112,6,sim,experts,5.740935902,5.750587435,0.009651533,700.0000
mixtral-dev112,6,sim,idle,5.750587435,5.750812134,0.000224698,84.0000
mixtral-dev112,6,sim,experts,5.750812134,5.764269816,0.013457682,700.0000
mixtral-dev112,6,sim,idle,5.764269816,5.792879244,0.028609428,84.0000
mixtral-dev112,6,sim,idle,5.792879244,5.792879401,0.000000157,84.0000
mixtral-dev112,6,sim,addnorm,5.792879401,5.793023606,0.000144205,140.0000
mixtral-dev112,6,sim,idle,5.793023606,5.793023762,0.000000157,84.0000
mixtral-dev112,6,sim,addnorm,5.793023762,5.793026300,0.000002538,140.0000
mixtral-dev112,6,sim,attention,5.793026300,5.805334266,0.012307966,700.0000
mixtral-dev112,6,sim,idle,5.805334266,5.805334423,0.000000157,84.0000
mixtral-dev112,6,sim,addnorm,5.805334423,5.805478628,0.000144205,140.0000
mixtral-dev112,6,sim,idle,5.805478628,5.805478784,0.000000157,84.0000
mixtral-dev112,6,sim,addnorm,5.805478784,5.805481325,0.000002540,140.0000
mixtral-dev112,6,sim,idle,5.805481325,5.805481482,0.000000157,84.0000
mixtral-dev112,6,sim,gate,5.805481482,5.805519904,0.000038422,280.0000
mixtral-dev112,6,sim,idle,5.805519904,5.805521060,0.000001156,84.0000
mixtral-dev112,6,sim,idle,5.805521060,5.805521217,0.000000157,84.0000
mixtral-dev112,6,sim,gate,5.805521217,5.805538321,0.000017104,280.0000
mixtral-dev112,6,sim,experts,5.805538321,5.816379936,0.010841615,700.0000
mixtral-dev112,6,sim,idle,5.816379936,5.817164031,0.000784095,84.0000
mixtral-dev112,6,sim,experts,5.817164031,5.826815564,0.009651533,700.0000
mixtral-dev112,6,sim,idle,5.826815564,5.827040262,0.000224698,84.0000
mixtral-dev112,6,sim,experts,5.827040262,5.840497945,0.013457682,700.0000
mixtral-dev112,6,sim,idle,5.840497945,5.862099668,0.021601723,84.0000
mixtral-dev112,6,sim,idle,5.862099668,5.862099824,0.000000157,84.0000
mixtral-dev112,6,sim,addnorm,5.862099824,5.862244029,0.000144205,140.0000
mixtral-dev112,6,sim,idle,5.862244029,5.862244186,0.000000157,84.0000
mixtral-dev112,6,sim,addnorm,5.862244186,5.862246724,0.000002538,140.0000
mixtral-dev112,6,sim,attention,5.862246724,5.874554690,0.012307966,700.0000
mixtral-dev112,6,sim,idle,5.874554690,5.874554846,0.000000157,84.0000
mixtral-dev112,6,sim,addnorm,5.874554846,5.874699051,0.000144205,140.0000
mixtral-dev112,6,sim,idle,5.874699051,5.874699208,0.000000157,84.0000
mixtral-dev112,6,sim,addnorm,5.874699208,5.874701748,0.000002540,140.0000
mixtral-dev112,6,sim,idle,5.874701748,5.874701905,0.000000157,84.0000
mixtral-dev112,6,sim,gate,5.874701905,5.874740328,0.000038422,280.0000
mixtral-dev112,6,sim,idle,5.874740328,5.874741484,0.000001156,84.0000
mixtral-dev112,6,sim,idle,5.874741484,5.874741641,0.000000157,84.0000
mixtral-dev112,6,sim,gate,5.874741641,5.874758745,0.000017104,280.0000
mixtral-dev112,6,sim,experts,5.874758745,5.885600360,0.010841615,700.0000
mixtral-dev112,6,sim,idle,5.885600360,5.886384455,0.000784095,84.0000
mixtral-dev112,6,sim,experts,5.886384455,5.896035988,0.009651533,700.0000
mixtral-dev112,6,sim,idle,5.896035988,5.896260686,0.000224698,84.0000
mixtral-dev112,6,sim,experts,5.896260686,5.909718368,0.013457682,700.0000
mixtral-dev112,6,sim,idle,5.909718368,5.953859348,0.044140980,84.0000
mixtral-dev112,6,sim,idle,5.953859348,5.953859505,0.000000157,84.0000
mixtral-dev112,6,sim,addnorm,5.953859505,5.954003710,0.000144205,140.0000
mixtral-dev112,6,sim,idle,5.954003710,5.954003867,0.000000157,84.0000
mixtral-dev112,6,sim,addnorm,5.954003867,5.954006404,0.000002538,140.0000
mixtral-dev112,6,sim,idle,5.954006404,6.064665319,0.110658915,84.0000
mixtral-dev112,6,sim,addnorm,6.064665319,6.064667408,0.000002089,140.0000
mixtral-dev112,6,sim,idle,6.064667408,6.064667565,0.000000157,84.0000
mixtral-dev112,6,sim,addnorm,6.064667565,6.064960333,0.000292768,140.0000
mixtral-dev112,6,sim,idle,6.064960333,6.064960489,0.000000157,84.0000
mixtral-dev112,6,sim,idle,6.064960489,6.064960646,0.000000157,84.0000
mixtral-dev112,6,sim,gate,6.064960646,6.064963965,0.000003318,280.0000
mixtral-dev112,6,sim,idle,6.064963965,6.082302265,0.017338301,84.0000
mixtral-dev112,6,sim,gate,6.082302265,6.082481312,0.000179046,280.0000
mixtral-dev112,6,sim,idle,6.082481312,6.082481469,0.000000157,84.0000
mixtral-dev112,6,sim,experts,6.082481469,6.101698903,0.019217435,700.0000
mixtral-dev112,6,sim,idle,6.101698903,6.101923602,0.000224698,84.0000
mixtral-dev112,6,sim,experts,6.101923602,6.121703010,0.019779408,700.0000
mixtral-dev112,6,sim,idle,6.121703010,6.122515297,0.000812287,84.0000
mixtral-dev112,6,sim,idle,6.122515297,6.122515454,0.000000157,84.0000
mixtral-dev112,6,sim,idle,6.122515454,6.122515610,0.000000157,84.0000
mixtral-dev112,6,sim,gate,6.122515610,6.122608209,0.000092598,280.0000
mixtral-dev112,6,sim,idle,6.122608209,6.122609365,0.000001156,84.0000
mixtral-dev112,6,sim,addnorm,6.122609365,6.122611451,0.000002086,140.0000
mixtral-dev112,6,sim,idle,6.122611451,6.122611608,0.000000157,84.0000
mixtral-dev112,6,sim,addnorm,6.122611608,6.122904376,0.000292768,140.0000
mixtral-dev112,6,sim,idle,6.122904376,6.122904533,0.000000157,84.0000
mixtral-dev112,6,sim,attention,6.122904533,6.147520465,0.024615932,700.0000
mixtral-dev112,6,sim,idle,6.147520465,6.203256249,0.055735784,84.0000
mixtral-dev112,6,sim,addnorm,6.203256249,6.203258337,0.000002089,140.0000
mixtral-dev112,6,sim,idle,6.203258337,6.203258494,0.000000157,84.0000
mixtral-dev112,6,sim,addnorm,6.203258494,6.203551262,0.000292768,140.0000
mixtral-dev112,6,sim,idle,6.203551262,6.203551419,0.000000157,84.0000
mixtral-dev112,6,sim,idle,6.203551419,6.203551576,0.000000157,84.0000
mixtral-dev112,6,sim,gate,6.203551576,6.203554894,0.000003318,280.0000
mixtral-dev112,6,sim,idle,6.203554894,6.225051248,0.021496354,84.0000
mixtral-dev112,6,sim,gate,6.225051248,6.225230295,0.000179046,280.0000
mixtral-dev112,6,sim,idle,6.225230295,6.225230452,0.000000157,84.0000
mixtral-dev112,6,sim,experts,6.225230452,6.244447886,0.019217435,700.0000
mixtral-dev112,6,sim,idle,6.244447886,6.244672585,0.000224698,84.0000
mixtral-dev112,6,sim,experts,6.244672585,6.264451993,0.019779408,700.0000
mixtral-dev112,6,sim,idle,6.264451993,6.265238681,0.000786688,84.0000
mixtral-dev112,6,sim,idle,6.265238681,6.265238838,0.000000157,84.0000
mixtral-dev112,6,sim,idle,6.265238838,6.265238994,0.000000157,84.0000
mixtral-dev112,6,sim,gate,6.265238994,6.265331593,0.000092598,280.0000
mixtral-dev112,6,sim,idle,6.265331593,6.265332749,0.000001156,84.0000
mixtral-dev112,6,sim,addnorm,6.265332749,6.265334835,0.000002086,140.0000
mixtral-dev112,6,sim,idle,6.265334835,6.265334992,0.000000157,84.0000
mixtral-dev112,6,sim,addnorm,6.265334992,6.265627760,0.000292768,140.0000
mixtral-dev112,6,sim,idle,6.265627760,6.265627917,0.000000157,84.0000
mixtral-dev112,6,sim,attention,6.265627917,6.290243849,0.024615932,700.0000
mixtral-dev112,6,sim,idle,6.290243849,6.316231377,0.025987529,84.0000
mixtral-dev112,6,sim,addnorm,6.316231377,6.316233466,0.000002089,140.0000
mixtral-dev112,6,sim,idle,6.316233466,6.316233623,0.000000157,84.0000
mixtral-dev112,6,sim,addnorm,6.316233623,6.316526391,0.000292768,140.0000
mixtral-dev112,6,sim,idle,6.316526391,6.316526548,0.000000157,84.0000
mixtral-dev112,6,sim,idle,6.316526548,6.316526704,0.000000157,84.0000
mixtral-dev112,6,sim,gate,6.316526704,6.316530023,0.000003318,280.0000
mixtral-dev112,6,sim,idle,6.316530023,6.337975882,0.021445860,84.0000
mixtral-dev112,6,sim,gate,6.337975882,6.338154929,0.000179046,280.0000
mixtral-dev112,6,sim,idle,6.338154929,6.338155086,0.000000157,84.0000
mixtral-dev112,6,sim,experts,6.338155086,6.357372520,0.019217435,700.0000
mixtral-dev112,6,sim,idle,6.357372520,6.357597219,0.000224698,84.0000
mixtral-dev112,6,sim,experts,6.357597219,6.377376627,0.019779408,700.0000
mixtral-dev112,6,sim,idle,6.377376627,6.378163315,0.000786688,84.0000
mixtral-dev112,6,sim,idle,6.378163315,6.378163471,0.000000157,84.0000
mixtral-dev112,6,sim,idle,6.378163471,6.378163628,0.000000157,84.0000
mixtral-dev112,6,sim,gate,6.378163628,6.378256227,0.000092598,280.0000
mixtral-dev112,6,sim,idle,6.378256227,6.378257383,0.000001156,84.0000
mixtral-dev112,6,sim,addnorm,6.378257383,6.378259469,0.000002086,140.0000
mixtral-dev112,6,sim,idle,6.378259469,6.378259626,0.000000157,84.0000
mixtral-dev112,6,sim,addnorm,6.378259626,6.378552394,0.000292768,140.0000
mixtral-dev112,6,sim,idle,6.378552394,6.378552551,0.000000157,84.0000
mixtral-dev112,6,sim,attention,6.378552551,6.403168482,0.024615932,700.0000
mixtral-dev112,6,sim,idle,6.403168482,6.408081114,0.004912631,84.0000
mixtral-dev112,6,sim,addnorm,6.408081114,6.408083202,0.000002089,140.0000
mixtral-dev112,6,sim,idle,6.408083202,6.408083359,0.000000157,84.0000
mixtral-dev112,6,sim,addnorm,6.408083359,6.408376127,0.000292768,140.0000
mixtral-dev112,6,sim,idle,6.408376127,6.408376284,0.000000157,84.0000
mixtral-dev112,6,sim,idle,6.408376284,6.408376441,0.000000157,84.0000
mixtral-dev112,6,sim,gate,6.408376441,6.408379759,0.000003318,280.0000
mixtral-dev112,6,sim,idle,6.408379759,6.432650285,0.024270526,84.0000
mixtral-dev112,6,sim,gate,6.432650285,6.432829332,0.000179046,280.0000
mixtral-dev112,6,sim,idle,6.432829332,6.432829489,0.000000157,84.0000
mixtral-dev112,6,sim,experts,6.432829489,6.452046923,0.019217435,700.0000
mixtral-dev112,6,sim,idle,6.452046923,6.452271622,0.000224698,84.0000
mixtral-dev112,6,sim,experts,6.452271622,6.472051029,0.019779408,700.0000
mixtral-dev112,6,sim,idle,6.472051029,6.472837718,0.000786688,84.0000
mixtral-dev112,6,sim,idle,6.472837718,6.472837874,0.000000157,84.0000
mixtral-dev112,6,sim,idle,6.472837874,6.472838031,0.000000157,84.0000
mixtral-dev112,6,sim,gate,6.472838031,6.472930630,0.000092598,280.0000
mixtral-dev112,6,sim,idle,6.472930630,6.472931786,0.000001156,84.0000
mixtral-dev112,6,sim,addnorm,6.472931786,6.472933872,0.000002086,140.0000
mixtral-dev112,6,sim,idle,6.472933872,6.472934029,0.000000157,84.0000
mixtral-dev112,6,sim,addnorm,6.472934029,6.473226797,0.000292768,140.0000
mixtral-dev112,6,sim,idle,6.473226797,6.473226953,0.000000157,84.0000
mixtral-dev112,6,sim,attention,6.473226953,6.497842885,0.024615932,700.0000
mixtral-dev112,6,sim,idle,6.497842885,6.623576764,0.125733879,84.0000
mixtral-dev112,7,sim,idle,6.623576764,6.725729666,0.102152902,84.0000
mixtral-dev112,7,sim,attention,6.725729666,6.738037632,0.012307966,700.0000
mixtral-dev112,7,sim,idle,6.738037632,6.738037789,0.000000157,84.0000
mixtral-dev112,7,sim,addnorm,6.738037789,6.738181994,0.000144205,140.0000
mixtral-dev112,7,sim,idle,6.738181994,6.738182151,0.000000157,84.0000
mixtral-dev112,7,sim,addnorm,6.738182151,6.738184691,0.000002540,140.0000
mixtral-dev112,7,sim,idle,6.738184691,6.738184848,0.000000157,84.0000
mixtral-dev112,7,sim,gate,6.738184848,6.738223270,0.000038422,280.0000
mixtral-dev112,7,sim,idle,6.738223270,6.738224426,0.000001156,84.0000
mixtral-dev112,7,sim,idle,6.738224426,6.738224583,0.000000157,84.0000
mixtral-dev112,7,sim,gate,6.738224583,6.738241687,0.000017104,280.0000
mixtral-dev112,7,sim,idle,6.738241687,6.738243509,0.000001822,84.0000
mixtral-dev112,7,sim,experts,6.738243509,6.749085124,0.010841615,700.0000
mixtral-dev112,7,sim,idle,6.749085124,6.749869219,0.000784095,84.0000
mixtral-dev112,7,sim,experts,6.749869219,6.759520752,0.009651533,700.0000
mixtral-dev112,7,sim,idle,6.759520752,6.759745450,0.000224698,84.0000
mixtral-dev112,7,sim,experts,6.759745450,6.773203133,0.013457682,700.0000
mixtral-dev112,7,sim,idle,6.773203133,6.797579855,0.024376722,84.0000
mixtral-dev112,7,sim,idle,6.797579855,6.797580012,0.000000157,84.0000
mixtral-dev112,7,sim,addnorm,6.797580012,6.797724217,0.000144205,140.0000
mixtral-dev112,7,sim,idle,6.797724217,6.797724374,0.000000157,84.0000
mixtral-dev112,7,sim,addnorm,6.797724374,6.797726911,0.000002538,140.0000
mixtral-dev112,7,sim,idle,6.797726911,6.820725810,0.022998899,84.0000
mixtral-dev112,7,sim,attention,6.820725810,6.833033776,0.012307966,700.0000
mixtral-dev112,7,sim,idle,6.833033776,6.833033933,0.000000157,84.0000
mixtral-dev112,7,sim,addnorm,6.833033933,6.833178137,0.000144205,140.0000
mixtral-dev112,7,sim,idle,6.833178137,6.833178294,0.000000157,84.0000
mixtral-dev112,7,sim,addnorm,6.833178294,6.833180835,0.000002540,140.0000
mixtral-dev112,7,sim,idle,6.833180835,6.833180992,0.000000157,84.0000
mixtral-dev112,7,sim,gate,6.833180992,6.833219414,0.000038422,280.0000
mixtral-dev112,7,sim,idle,6.833219414,6.833220570,0.000001156,84.0000
mixtral-dev112,7,sim,idle,6.833220570,6.833220727,0.000000157,84.0000
mixtral-dev112,7,sim,gate,6.833220727,6.833237831,0.000017104,280.0000
mixtral-dev112,7,sim,idle,6.833237831,6.833239653,0.000001822,84.0000
mixtral-dev112,7,sim,experts,6.833239653,6.844081268,0.010841615,700.0000
mixtral-dev112,7,sim,idle,6.844081268,6.844865363,0.000784095,84.0000
mixtral-dev112,7,sim,experts,6.844865363,6.854516896,0.009651533,700.0000
mixtral-dev112,7,sim,idle,6.854516896,6.854741594,0.000224698,84.0000
mixtral-dev112,7,sim,experts,6.854741594,6.868199277,0.013457682,700.0000
mixtral-dev112,7,sim,idle,6.868199277,6.896808705,0.028609428,84.0000
mixtral-dev112,7,sim,idle,6.896808705,6.896808861,0.000000157,84.0000
mixtral-dev112,7,sim,addnorm,6.896808861,6.896953066,0.000144205,140.0000
mixtral-dev112,7,sim,idle,6.896953066,6.896953223,0.000000157,84.0000
mixtral-dev112,7,sim,addnorm,6.896953223,6.896955761,0.000002538,140.0000
mixtral-dev112,7,sim,attention,6.896955761,6.909263727,0.012307966,700.0000
mixtral-dev112,7,sim,idle,6.909263727,6.909263883,0.000000157,84.0000
mixtral-dev112,7,sim,addnorm,6.909263883,6.909408088,0.000144205,140.0000
mixtral-dev112,7,sim,idle,6.909408088,6.909408245,0.000000157,84.0000
mixtral-dev112,7,sim,addnorm,6.909408245,6.909410786,0.000002540,140.0000
mixtral-dev112,7,sim,idle,6.909410786,6.909410942,0.000000157,84.0000
mixtral-dev112,7,sim,gate,6.909410942,6.909449365,0.000038422,280.0000
mixtral-dev112,7,sim,idle,6.909449365,6.909450521,0.000001156,84.0000
mixtral-dev112,7,sim,idle,6.909450521,6.909450678,0.000000157,84.0000
mixtral-dev112,7,sim,gate,6.909450678,6.909467782,0.000017104,280.0000
mixtral-dev112,7,sim,experts,6.909467782,6.920309397,0.010841615,700.0000
mixtral-dev112,7,sim,idle,6.920309397,6.921093492,0.000784095,84.0000
mixtral-dev112,7,sim,experts,6.921093492,6.930745025,0.009651533,700.0000
mixtral-dev112,7,sim,idle,6.930745025,6.930969723,0.000224698,84.0000
mixtral-dev112,7,sim,experts,6.930969723,6.944427406,0.013457682,700.0000
mixtral-dev112,7,sim,idle,6.944427406,6.966029128,0.021601723,84.0000
mixtral-dev112,7,sim,idle,6.966029128,6.966029285,0.000000157,84.0000
mixtral-dev112,7,sim,addnorm,6.966029285,6.966173490,0.000144205,140.0000
mixtral-dev112,7,sim,idle,6.966173490,6.966173647,0.000000157,84.0000
mixtral-dev112,7,sim,addnorm,6.966173647,6.966176184,0.000002538,140.0000
mixtral-dev112,7,sim,attention,6.966176184,6.978484150,0.012307966,700.0000
mixtral-dev112,7,sim,idle,6.978484150,6.978484307,0.000000157,84.0000
mixtral-dev112,7,sim,addnorm,6.978484307,6.978628512,0.000144205,140.0000
mixtral-dev112,7,sim,idle,6.978628512,6.978628669,0.000000157,84.0000
mixtral-dev112,7,sim,addnorm,6.978628669,6.978631209,0.000002540,140.0000
mixtral-dev112,7,sim,idle,6.978631209,6.978631366,0.000000157,84.0000
mixtral-dev112,7,sim,gate,6.978631366,6.978669788,0.000038422,280.0000
mixtral-dev112,7,sim,idle,6.978669788,6.978670945,0.000001156,84.0000
mixtral-dev112,7,sim,idle,6.978670945,6.978671101,0.000000157,84.0000
mixtral-dev112,7,sim,gate,6.978671101,6.978688205,0.000017104,280.0000
mixtral-dev112,7,sim,experts,6.978688205,6.989529821,0.010841615,700.0000
mixtral-dev112,7,sim,idle,6.989529821,6.990313916,0.000784095,84.0000
mixtral-dev112,7,sim,experts,6.990313916,6.999965448,0.009651533,700.0000
mixtral-dev112,7,sim,idle,6.999965448,7.000190147,0.000224698,84.0000
mixtral-dev112,7,sim,experts,7.000190147,7.013647829,0.013457682,700.0000
mixtral-dev112,7,sim,idle,7.013647829,7.057788809,0.044140980,84.0000
mixtral-dev112,7,sim,idle,7.057788809,7.057788966,0.000000157,84.0000
mixtral-dev112,7,sim,addnorm,7.057788966,7.057933171,0.000144205,140.0000
mixtral-dev112,7,sim,idle,7.057933171,7.057933328,0.000000157,84.0000
mixtral-dev112,7,sim,addnorm,7.057933328,7.057935865,0.000002538,140.0000
mixtral-dev112,7,sim,idle,7.057935865,7.168594780,0.110658915,84.0000
mixtral-dev112,7,sim,addnorm,7.168594780,7.168596868,0.000002089,140.0000
mixtral-dev112,7,sim,idle,7.168596868,7.168597025,0.000000157,84.0000
mixtral-dev112,7,sim,addnorm,7.168597025,7.168889793,0.000292768,140.0000
mixtral-dev112,7,sim,idle,7.168889793,7.168889950,0.000000157,84.0000
mixtral-dev112,7,sim,idle,7.168889950,7.168890107,0.000000157,84.0000
mixtral-dev112,7,sim,gate,7.168890107,7.168893425,0.000003318,280.0000
mixtral-dev112,7,sim,idle,7.168893425,7.186231726,0.017338301,84.0000
mixtral-dev112,7,sim,gate,7.186231726,7.186410773,0.000179046,280.0000
mixtral-dev112,7,sim,idle,7.186410773,7.186410929,0.000000157,84.0000
mixtral-dev112,7,sim,experts,7.186410929,7.205628364,0.019217435,700.0000
mixtral-dev112,7,sim,idle,7.205628364,7.205853062,0.000224698,84.0000
mixtral-dev112,7,sim,experts,7.205853062,7.225632470,0.019779408,700.0000
mixtral-dev112,7,sim,idle,7.225632470,7.226444757,0.000812287,84.0000
mixtral-dev112,7,sim,idle,7.226444757,7.226444914,0.000000157,84.0000
mixtral-dev112,7,sim,idle,7.226444914,7.226445071,0.000000157,84.0000
mixtral-dev112,7,sim,gate,7.226445071,7.226537669,0.000092598,280.0000
mixtral-dev112,7,sim,idle,7.226537669,7.226538826,0.000001156,84.0000
mixtral-dev112,7,sim,addnorm,7.226538826,7.226540912,0.000002086,140.0000
mixtral-dev112,7,sim,idle,7.226540912,7.226541069,0.000000157,84.0000
mixtral-dev112,7,sim,addnorm,7.226541069,7.226833837,0.000292768,140.0000
mixtral-dev112,7,sim,idle,7.226833837,7.226833993,0.000000157,84.0000
mixtral-dev112,7,sim,attention,7.226833993,7.251449925,0.024615932,700.0000
mixtral-dev112,7,sim,idle,7.251449925,7.307185710,0.055735784,84.0000
mixtral-dev112,7,sim,addnorm,7.307185710,7.307187798,0.000002089,140.0000
mixtral-dev112,7,sim,idle,7.307187798,7.307187955,0.000000157,84.0000
mixtral-dev112,7,sim,addnorm,7.307187955,7.307480723,0.000292768,140.0000
mixtral-dev112,7,sim,idle,7.307480723,7.307480880,0.000000157,84.0000
mixtral-dev112,7,sim,idle,7.307480880,7.307481037,0.000000157,84.0000
mixtral-dev112,7,sim,gate,7.307481037,7.307484355,0.000003318,280.0000
mixtral-dev112,7,sim,idle,7.307484355,7.328980709,0.021496354,84.0000
mixtral-dev112,7,sim,gate,7.328980709,7.329159756,0.000179046,280.0000
mixtral-dev112,7,sim,idle,7.329159756,7.329159912,0.000000157,84.0000
mixtral-dev112,7,sim,experts,7.329159912,7.348377347,0.019217435,700.0000
mixtral-dev112,7,sim,idle,7.348377347,7.348602045,0.000224698,84.0000
mixtral-dev112,7,sim,experts,7.348602045,7.368381453,0.019779408,700.0000
mixtral-dev112,7,sim,idle,7.368381453,7.369168141,0.000786688,84.0000
mixtral-dev112,7,sim,idle,7.369168141,7.369168298,0.000000157,84.0000
mixtral-dev112,7,sim,idle,7.369168298,7.369168455,0.000000157,84.0000
mixtral-dev112,7,sim,gate,7.369168455,7.369261053,0.000092598,280.0000
mixtral-dev112,7,sim,idle,7.369261053,7.369262210,0.000001156,84.0000
mixtral-dev112,7,sim,addnorm,7.369262210,7.369264296,0.000002086,140.0000
mixtral-dev112,7,sim,idle,7.369264296,7.369264453,0.000000157,84.0000
mixtral-dev112,7,sim,addnorm,7.369264453,7.369557221,0.000292768,140.0000
mixtral-dev112,7,sim,idle,7.369557221,7.369557377,0.000000157,84.0000
mixtral-dev112,7,sim,attention,7.369557377,7.394173309,0.024615932,700.0000
mixtral-dev112,7,sim,idle,7.394173309,7.420160838,0.025987529,84.0000
mixtral-dev112,7,sim,addnorm,7.420160838,7.420162927,0.000002089,140.0000
mixtral-dev112,7,sim,idle,7.420162927,7.420163083,0.000000157,84.0000
mixtral-dev112,7,sim,addnorm,7.420163083,7.420455851,0.000292768,140.0000
mixtral-dev112,7,sim,idle,7.420455851,7.420456008,0.000000157,84.0000
mixtral-dev112,7,sim,idle,7.420456008,7.420456165,0.000000157,84.0000
mixtral-dev112,7,sim,gate,7.420456165,7.420459483,0.000003318,280.0000
mixtral-dev112,7,sim,idle,7.420459483,7.441905343,0.021445860,84.0000
mixtral-dev112,7,sim,gate,7.441905343,7.442084390,0.000179046,280.0000
mixtral-dev112,7,sim,idle,7.442084390,7.442084546,0.000000157,84.0000
mixtral-dev112,7,sim,experts,7.442084546,7.461301981,0.019217435,700.0000
mixtral-dev112,7,sim,idle,7.461301981,7.461526679,0.000224698,84.0000
mixtral-dev112,7,sim,experts,7.461526679,7.481306087,0.019779408,700.0000
mixtral-dev112,7,sim,idle,7.481306087,7.482092775,0.000786688,84.0000
mixtral-dev112,7,sim,idle,7.482092775,7.482092932,0.000000157,84.0000
mixtral-dev112,7,sim,idle,7.482092932,7.482093089,0.000000157,84.0000
mixtral-dev112,7,sim,gate,7.482093089,7.482185687,0.000092598,280.0000
mixtral-dev112,7,sim,idle,7.482185687,7.482186844,0.000001156,84.0000
mixtral-dev112,7,sim,addnorm,7.482186844,7.482188930,0.000002086,140.0000
mixtral-dev112,7,sim,idle,7.482188930,7.482189086,0.000000157,84.0000
mixtral-dev112,7,sim,addnorm,7.482189086,7.482481854,0.000292768,140.0000
mixtral-dev112,7,sim,idle,7.482481854,7.482482011,0.000000157,84.0000
mixtral-dev112,7,sim,attention,7.482482011,7.507097943,0.024615932,700.0000
mixtral-dev112,7,sim,idle,7.507097943,7.512010574,0.004912631,84.0000
mixtral-dev112,7,sim,addnorm,7.512010574,7.512012663,0.000002089,140.0000
mixtral-dev112,7,sim,idle,7.512012663,7.512012820,0.000000157,84.0000
mixtral-dev112,7,sim,addnorm,7.512012820,7.512305588,0.000292768,140.0000
mixtral-dev112,7,sim,idle,7.512305588,7.512305744,0.000000157,84.0000
mixtral-dev112,7,sim,idle,7.512305744,7.512305901,0.000000157,84.0000
mixtral-dev112,7,sim,gate,7.512305901,7.512309220,0.000003318,280.0000
mixtral-dev112,7,sim,idle,7.512309220,7.536579746,0.024270526,84.0000
mixtral-dev112,7,sim,gate,7.536579746,7.536758792,0.000179046,280.0000
mixtral-dev112,7,sim,idle,7.536758792,7.536758949,0.000000157,84.0000
mixtral-dev112,7,sim,experts,7.536758949,7.555976384,0.019217435,700.0000
mixtral-dev112,7,sim,idle,7.555976384,7.556201082,0.000224698,84.0000
mixtral-dev112,7,sim,experts,7.556201082,7.575980490,0.019779408,700.0000
mixtral-dev112,7,sim,idle,7.575980490,7.576767178,0.000786688,84.0000
mixtral-dev112,7,sim,idle,7.576767178,7.576767335,0.000000157,84.0000
mixtral-dev112,7,sim,idle,7.576767335,7.576767492,0.000000157,84.0000
mixtral-dev112,7,sim,gate,7.576767492,7.576860090,0.000092598,280.0000
mixtral-dev112,7,sim,idle,7.576860090,7.576861246,0.000001156,84.0000
mixtral-dev112,7,sim,addnorm,7.576861246,7.576863333,0.000002086,140.0000
mixtral-dev112,7,sim,idle,7.576863333,7.576863489,0.000000157,84.0000
mixtral-dev112,7,sim,addnorm,7.576863489,7.577156257,0.000292768,140.0000
mixtral-dev112,7,sim,idle,7.577156257,7.577156414,0.000000157,84.0000
mixtral-dev112,7,sim,attention,7.577156414,7.601772346,0.024615932,700.0000
mixtral-dev112,7,sim,idle,7.601772346,7.727506225,0.125733879,84.0000
mixtral-dev112,8,sim,idle,7.727506225,7.829659127,0.102152902,84.0000
mixtral-dev112,8,sim,attention,7.829659127,7.841967093,0.012307966,700.0000
mixtral-dev112,8,sim,idle,7.841967093,7.841967250,0.000000157,84.0000
mixtral-dev112,8,sim,addnorm,7.841967250,7.842111454,0.000144205,140.0000
mixtral-dev112,8,sim,idle,7.842111454,7.842111611,0.000000157,84.0000
mixtral-dev112,8,sim,addnorm,7.842111611,7.842114152,0.000002540,140.0000
mixtral-dev112,8,sim,idle,7.842114152,7.842114308,0.000000157,84.0000
mixtral-dev112,8,sim,gate,7.842114308,7.842152731,0.000038422,280.0000
mixtral-dev112,8,sim,idle,7.842152731,7.842153887,0.000001156,84.0000
mixtral-dev112,8,sim,idle,7.842153887,7.842154044,0.000000157,84.0000
mixtral-dev112,8,sim,gate,7.842154044,7.842171148,0.000017104,280.0000
mixtral-dev112,8,sim,idle,7.842171148,7.842172970,0.000001822,84.0000
mixtral-dev112,8,sim,experts,7.842172970,7.853014585,0.010841615,700.0000
mixtral-dev112,8,sim,idle,7.853014585,7.853798680,0.000784095,84.0000
mixtral-dev112,8,sim,experts,7.853798680,7.863450213,0.009651533,700.0000
mixtral-dev112,8,sim,idle,7.863450213,7.863674911,0.000224698,84.0000
mixtral-dev112,8,sim,experts,7.863674911,7.877132594,0.013457682,700.0000
mixtral-dev112,8,sim,idle,7.877132594,7.901509316,0.024376722,84.0000
mixtral-dev112,8,sim,idle,7.901509316,7.901509473,0.000000157,84.0000
mixtral-dev112,8,sim,addnorm,7.901509473,7.901653678,0.000144205,140.0000
mixtral-dev112,8,sim,idle,7.901653678,7.901653834,0.000000157,84.0000
mixtral-dev112,8,sim,addnorm,7.901653834,7.901656372,0.000002538,140.0000
mixtral-dev112,8,sim,idle,7.901656372,7.924655271,0.022998899,84.0000
mixtral-dev112,8,sim,attention,7.924655271,7.936963237,0.012307966,700.0000
mixtral-dev112,8,sim,idle,7.936963237,7.936963393,0.000000157,84.0000
mixtral-dev112,8,sim,addnorm,7.936963393,7.937107598,0.000144205,140.0000
mixtral-dev112,8,sim,idle,7.937107598,7.937107755,0.000000157,84.0000
mixtral-dev112,8,sim,addnorm,7.937107755,7.937110295,0.000002540,140.0000
mixtral-dev112,8,sim,idle,7.937110295,7.937110452,0.000000157,84.0000
mixtral-dev112,8,sim,gate,7.937110452,7.937148875,0.000038422,280.0000
mixtral-dev112,8,sim,idle,7.937148875,7.937150031,0.000001156,84.0000
mixtral-dev112,8,sim,idle,7.937150031,7.937150188,0.000000157,84.0000
mixtral-dev112,8,sim,gate,7.937150188,7.937167292,0.000017104,280.0000
mixtral-dev112,8,sim,idle,7.937167292,7.937169114,0.000001822,84.0000
mixtral-dev112,8,sim,experts,7.937169114,7.948010729,0.010841615,700.0000
mixtral-dev112,8,sim,idle,7.948010729,7.948794824,0.000784095,84.0000
mixtral-dev112,8,sim,experts,7.948794824,7.958446357,0.009651533,700.0000
mixtral-dev112,8,sim,idle,7.958446357,7.958671055,0.000224698,84.0000
mixtral-dev112,8,sim,experts,7.958671055,7.972128737,0.013457682,700.0000
mixtral-dev112,8,sim,idle,7.972128737,8.000738165,0.028609428,84.0000
mixtral-dev112,8,sim,idle,8.000738165,8.000738322,0.000000157,84.0000
mixtral-dev112,8,sim,addnorm,8.000738322,8.000882527,0.000144205,140.0000
mixtral-dev112,8,sim,idle,8.000882527,8.000882684,0.000000157,84.0000
mixtral-dev112,8,sim,addnorm,8.000882684,8.000885221,0.000002538,140.0000
mixtral-dev112,8,sim,attention,8.000885221,8.013193187,0.012307966,700.0000
mixtral-dev112,8,sim,idle,8.013193187,8.013193344,0.000000157,84.0000
mixtral-dev112,8,sim,addnorm,8.013193344,8.013337549,0.000144205,140.0000
mixtral-dev112,8,sim,idle,8.013337549,8.013337706,0.000000157,84.0000
mixtral-dev112,8,sim,addnorm,8.013337706,8.013340246,0.000002540,140.0000
mixtral-dev112,8,sim,idle,8.013340246,8.013340403,0.000000157,84.0000
mixtral-dev112,8,sim,gate,8.013340403,8.013378825,0.000038422,280.0000
mixtral-dev112,8,sim,idle,8.013378825,8.013379982,0.000001156,84.0000
mixtral-dev112,8,sim,idle,8.013379982,8.013380138,0.000000157,84.0000
mixtral-dev112,8,sim,gate,8.013380138,8.013397242,0.000017104,280.0000
mixtral-dev112,8,sim,experts,8.013397242,8.024238858,0.010841615,700.0000
mixtral-dev112,8,sim,idle,8.024238858,8.025022953,0.000784095,84.0000
mixtral-dev112,8,sim,experts,8.025022953,8.034674485,0.009651533,700.0000
mixtral-dev112,8,sim,idle,8.034674485,8.034899184,0.000224698,84.0000
mixtral-dev112,8,sim,experts,8.034899184,8.048356866,0.013457682,700.0000
mixtral-dev112,8,sim,idle,8.048356866,8.069958589,0.021601723,84.0000
mixtral-dev112,8,sim,idle,8.069958589,8.069958746,0.000000157,84.0000
mixtral-dev112,8,sim,addnorm,8.069958746,8.070102951,0.000144205,140.0000
mixtral-dev112,8,sim,idle,8.070102951,8.070103107,0.000000157,84.0000
mixtral-dev112,8,sim,addnorm,8.070103107,8.070105645,0.000002538,140.0000
mixtral-dev112,8,sim,attention,8.070105645,8.082413611,0.012307966,700.0000
mixtral-dev112,8,sim,idle,8.082413611,8.082413768,0.000000157,84.0000
mixtral-dev112,8,sim,addnorm,8.082413768,8.082557973,0.000144205,140.0000
mixtral-dev112,8,sim,idle,8.082557973,8.082558129,0.000000157,84.0000
mixtral-dev112,8,sim,addnorm,8.082558129,8.082560670,0.000002540,140.0000
mixtral-dev112,8,sim,idle,8.082560670,8.082560827,0.000000157,84.0000
mixtral-dev112,8,sim,gate,8.082560827,8.082599249,0.000038422,280.0000
mixtral-dev112,8,sim,idle,8.082599249,8.082600405,0.000001156,84.0000
mixtral-dev112,8,sim,idle,8.082600405,8.082600562,0.000000157,84.0000
mixtral-dev112,8,sim,gate,8.082600562,8.082617666,0.000017104,280.0000
mixtral-dev112,8,sim,experts,8.082617666,8.093459281,0.010841615,700.0000
mixtral-dev112,8,sim,idle,8.093459281,8.094243376,0.000784095,84.0000
mixtral-dev112,8,sim,experts,8.094243376,8.103894909,0.009651533,700.0000
mixtral-dev112,8,sim,idle,8.103894909,8.104119607,0.000224698,84.0000
mixtral-dev112,8,sim,experts,8.104119607,8.117577290,0.013457682,700.0000
mixtral-dev112,8,sim,idle,8.117577290,8.161718270,0.044140980,84.0000
mixtral-dev112,8,sim,idle,8.161718270,8.161718427,0.000000157,84.0000
mixtral-dev112,8,sim,addnorm,8.161718427,8.161862631,0.000144205,140.0000
mixtral-dev112,8,sim,idle,8.161862631,8.161862788,0.000000157,84.0000
mixtral-dev112,8,sim,addnorm,8.161862788,8.161865326,0.000002538,140.0000
mixtral-dev112,8,sim,idle,8.161865326,8.272524241,0.110658915,84.0000
mixtral-dev112,8,sim,addnorm,8.272524241,8.272526329,0.000002089,140.0000
mixtral-dev112,8,sim,idle,8.272526329,8.272526486,0.000000157,84.0000
mixtral-dev112,8,sim,addnorm,8.272526486,8.272819254,0.000292768,140.0000
mixtral-dev112,8,sim,idle,8.272819254,8.272819411,0.000000157,84.0000
mixtral-dev112,8,sim,idle,8.272819411,8.272819568,0.000000157,84.0000
mixtral-dev112,8,sim,gate,8.272819568,8.272822886,0.000003318,280.0000
mixtral-dev112,8,sim,idle,8.272822886,8.290161187,0.017338301,84.0000
mixtral-dev112,8,sim,gate,8.290161187,8.290340233,0.000179046,280.0000
mixtral-dev112,8,sim,idle,8.290340233,8.290340390,0.000000157,84.0000
mixtral-dev112,8,sim,experts,8.290340390,8.309557825,0.019217435,700.0000
mixtral-dev112,8,sim,idle,8.309557825,8.309782523,0.000224698,84.0000
mixtral-dev112,8,sim,experts,8.309782523,8.329561931,0.019779408,700.0000
mixtral-dev112,8,sim,idle,8.329561931,8.330374218,0.000812287,84.0000
mixtral-dev112,8,sim,idle,8.330374218,8.330374375,0.000000157,84.0000
mixtral-dev112,8,sim,idle,8.330374375,8.330374532,0.000000157,84.0000
mixtral-dev112,8,sim,gate,8.330374532,8.330467130,0.000092598,280.0000
mixtral-dev112,8,sim,idle,8.330467130,8.330468286,0.000001156,84.0000
mixtral-dev112,8,sim,addnorm,8.330468286,8.330470372,0.000002086,140.0000
mixtral-dev112,8,sim,idle,8.330470372,8.330470529,0.000000157,84.0000
mixtral-dev112,8,sim,addnorm,8.330470529,8.330763297,0.000292768,140.0000
mixtral-dev112,8,sim,idle,8.330763297,8.330763454,0.000000157,84.0000
mixtral-dev112,8,sim,attention,8.330763454,8.355379386,0.024615932,700.0000
mixtral-dev112,8,sim,idle,8.355379386,8.411115170,0.055735784,84.0000
mixtral-dev112,8,sim,addnorm,8.411115170,8.411117259,0.000002089,140.0000
mixtral-dev112,8,sim,idle,8.411117259,8.411117416,0.000000157,84.0000
mixtral-dev112,8,sim,addnorm,8.411117416,8.411410184,0.000292768,140.0000
mixtral-dev112,8,sim,idle,8.411410184,8.411410340,0.000000157,84.0000
mixtral-dev112,8,sim,idle,8.411410340,8.411410497,0.000000157,84.0000
mixtral-dev112,8,sim,gate,8.411410497,8.411413816,0.000003318,280.0000
mixtral-dev112,8,sim,idle,8.411413816,8.432910170,0.021496354,84.0000
mixtral-dev112,8,sim,gate,8.432910170,8.433089216,0.000179046,280.0000
mixtral-dev112,8,sim,idle,8.433089216,8.433089373,0.000000157,84.0000
mixtral-dev112,8,sim,experts,8.433089373,8.452306808,0.019217435,700.0000
mixtral-dev112,8,sim,idle,8.452306808,8.452531506,0.000224698,84.0000
mixtral-dev112,8,sim,experts,8.452531506,8.472310914,0.019779408,700.0000
mixtral-dev112,8,sim,idle,8.472310914,8.473097602,0.000786688,84.0000
mixtral-dev112,8,sim,idle,8.473097602,8.473097759,0.000000157,84.0000
mixtral-dev112,8,sim,idle,8.473097759,8.473097916,0.000000157,84.0000
mixtral-dev112,8,sim,gate,8.473097916,8.473190514,0.000092598,280.0000
mixtral-dev112,8,sim,idle,8.473190514,8.473191670,0.000001156,84.0000
mixtral-dev112,8,sim,addnorm,8.473191670,8.473193756,0.000002086,140.0000
mixtral-dev112,8,sim,idle,8.473193756,8.473193913,0.000000157,84.0000
mixtral-dev112,8,sim,addnorm,8.473193913,8.473486681,0.000292768,140.0000
mixtral-dev112,8,sim,idle,8.473486681,8.473486838,0.000000157,84.0000
mixtral-dev112,8,sim,attention,8.473486838,8.498102770,0.024615932,700.0000
mixtral-dev112,8,sim,idle,8.498102770,8.524090299,0.025987529,84.0000
mixtral-dev112,8,sim,addnorm,8.524090299,8.524092387,0.000002089,140.0000
mixtral-dev112,8,sim,idle,8.524092387,8.524092544,0.000000157,84.0000
mixtral-dev112,8,sim,addnorm,8.524092544,8.524385312,0.000292768,140.0000
mixtral-dev112,8,sim,idle,8.524385312,8.524385469,0.000000157,84.0000
mixtral-dev112,8,sim,idle,8.524385469,8.524385626,0.000000157,84.0000
mixtral-dev112,8,sim,gate,8.524385626,8.524388944,0.000003318,280.0000
mixtral-dev112,8,sim,idle,8.524388944,8.545834804,0.021445860,84.0000
mixtral-dev112,8,sim,gate,8.545834804,8.546013850,0.000179046,280.0000
mixtral-dev112,8,sim,idle,8.546013850,8.546014007,0.000000157,84.0000
mixtral-dev112,8,sim,experts,8.546014007,8.565231442,0.019217435,700.0000
mixtral-dev112,8,sim,idle,8.565231442,8.565456140,0.000224698,84.0000
mixtral-dev112,8,sim,experts,8.565456140,8.585235548,0.019779408,700.0000
mixtral-dev112,8,sim,idle,8.585235548,8.586022236,0.000786688,84.0000
mixtral-dev112,8,sim,idle,8.586022236,8.586022393,0.000000157,84.0000
mixtral-dev112,8,sim,idle,8.586022393,8.586022550,0.000000157,84.0000
mixtral-dev112,8,sim,gate,8.586022550,8.586115148,0.000092598,280.0000
mixtral-dev112,8,sim,idle,8.586115148,8.586116304,0.000001156,84.0000
mixtral-dev112,8,sim,addnorm,8.586116304,8.586118390,0.000002086,140.0000
mixtral-dev112,8,sim,idle,8.586118390,8.586118547,0.000000157,84.0000
mixtral-dev112,8,sim,addnorm,8.586118547,8.586411315,0.000292768,140.0000
mixtral-dev112,8,sim,idle,8.586411315,8.586411472,0.000000157,84.0000
mixtral-dev112,8,sim,attention,8.586411472,8.611027404,0.024615932,700.0000
mixtral-dev112,8,sim,idle,8.611027404,8.615940035,0.004912631,84.0000
mixtral-dev112,8,sim,addnorm,8.615940035,8.615942123,0.000002089,140.0000
mixtral-dev112,8,sim,idle,8.615942123,8.615942280,0.000000157,84.0000
mixtral-dev112,8,sim,addnorm,8.615942280,8.616235048,0.000292768,140.0000
mixtral-dev112,8,sim,idle,8.616235048,8.616235205,0.000000157,84.0000
mixtral-dev112,8,sim,idle,8.616235205,8.616235362,0.000000157,84.0000
mixtral-dev112,8,sim,gate,8.616235362,8.616238680,0.000003318,280.0000
mixtral-dev112,8,sim,idle,8.616238680,8.640509207,0.024270526,84.0000
mixtral-dev112,8,sim,gate,8.640509207,8.640688253,0.000179046,280.0000
mixtral-dev112,8,sim,idle,8.640688253,8.640688410,0.000000157,84.0000
mixtral-dev112,8,sim,experts,8.640688410,8.659905845,0.019217435,700.0000
mixtral-dev112,8,sim,idle,8.659905845,8.660130543,0.000224698,84.0000
mixtral-dev112,8,sim,experts,8.660130543,8.679909951,0.019779408,700.0000
mixtral-dev112,8,sim,idle,8.679909951,8.680696639,0.000786688,84.0000
mixtral-dev112,8,sim,idle,8.680696639,8.680696796,0.000000157,84.0000
mixtral-dev112,8,sim,idle,8.680696796,8.680696952,0.000000157,84.0000
mixtral-dev112,8,sim,gate,8.680696952,8.680789551,0.000092598,280.0000
mixtral-dev112,8,sim,idle,8.680789551,8.680790707,0.000001156,84.0000
mixtral-dev112,8,sim,addnorm,8.680790707,8.680792793,0.000002086,140.0000
mixtral-dev112,8,sim,idle,8.680792793,8.680792950,0.000000157,84.0000
mixtral-dev112,8,sim,addnorm,8.680792950,8.681085718,0.000292768,140.0000
mixtral-dev112,8,sim,idle,8.681085718,8.681085875,0.000000157,84.0000
mixtral-dev112,8,sim,attention,8.681085875,8.705701807,0.024615932,700.0000
mixtral-dev112,8,sim,idle,8.705701807,8.831435685,0.125733879,84.0000
mixtral-dev112,9,sim,idle,8.831435685,8.933588588,0.102152902,84.0000
mixtral-dev112,9,sim,attention,8.933588588,8.945896553,0.012307966,700.0000
mixtral-dev112,9,sim,idle,8.945896553,8.945896710,0.000000157,84.0000
mixtral-dev112,9,sim,addnorm,8.945896710,8.946040915,0.000144205,140.0000
mixtral-dev112,9,sim,idle,8.946040915,8.946041072,0.000000157,84.0000
mixtral-dev112,9,sim,addnorm,8.946041072,8.946043612,0.000002540,140.0000
mixtral-dev112,9,sim,idle,8.946043612,8.946043769,0.000000157,84.0000
mixtral-dev112,9,sim,gate,8.946043769,8.946082192,0.000038422,280.0000
mixtral-dev112,9,sim,idle,8.946082192,8.946083348,0.000001156,84.0000
mixtral-dev112,9,sim,idle,8.946083348,8.946083505,0.000000157,84.0000
mixtral-dev112,9,sim,gate,8.946083505,8.946100609,0.000017104,280.0000
mixtral-dev112,9,sim,idle,8.946100609,8.946102430,0.000001822,84.0000
mixtral-dev112,9,sim,experts,8.946102430,8.956944046,0.010841615,700.0000
mixtral-dev112,9,sim,idle,8.956944046,8.957728141,0.000784095,84.0000
mixtral-dev112,9,sim,experts,8.957728141,8.967379673,0.009651533,700.0000
mixtral-dev112,9,sim,idle,8.967379673,8.967604372,0.000224698,84.0000
mixtral-dev112,9,sim,experts,8.967604372,8.981062054,0.013457682,700.0000
mixtral-dev112,9,sim,idle,8.981062054,9.005438777,0.024376722,84.0000
mixtral-dev112,9,sim,idle,9.005438777,9.005438933,0.000000157,84.0000
mixtral-dev112,9,sim,addnorm,9.005438933,9.005583138,0.000144205,140.0000
mixtral-dev112,9,sim,idle,9.005583138,9.005583295,0.000000157,84.0000
mixtral-dev112,9,sim,addnorm,9.005583295,9.005585833,0.000002538,140.0000
mixtral-dev112,9,sim,idle,9.005585833,9.028584731,0.022998899,84.0000
mixtral-dev112,9,sim,attention,9.028584731,9.040892697,0.012307966,700.0000
mixtral-dev112,9,sim,idle,9.040892697,9.040892854,0.000000157,84.0000
mixtral-dev112,9,sim,addnorm,9.040892854,9.041037059,0.000144205,140.0000
mixtral-dev112,9,sim,idle,9.041037059,9.041037216,0.000000157,84.0000
mixtral-dev112,9,sim,addnorm,9.041037216,9.041039756,0.000002540,140.0000
mixtral-dev112,9,sim,idle,9.041039756,9.041039913,0.000000157,84.0000
mixtral-dev112,9,sim,gate,9.041039913,9.041078335,0.000038422,280.0000
mixtral-dev112,9,sim,idle,9.041078335,9.041079492,0.000001156,84.0000
mixtral-dev112,9,sim,idle,9.041079492,9.041079648,0.000000157,84.0000
mixtral-dev112,9,sim,gate,9.041079648,9.041096752,0.000017104,280.0000
mixtral-dev112,9,sim,idle,9.041096752,9.041098574,0.000001822,84.0000
mixtral-dev112,9,sim,experts,9.041098574,9.051940190,0.010841615,700.0000
mixtral-dev112,9,sim,idle,9.051940190,9.052724284,0.000784095,84.0000
mixtral-dev112,9,sim,experts,9.052724284,9.062375817,0.009651533,700.0000
mixtral-dev112,9,sim,idle,9.062375817,9.062600516,0.000224698,84.0000
mixtral-dev112,9,sim,experts,9.062600516,9.076058198,0.013457682,700.0000
mixtral-dev112,9,sim,idle,9.076058198,9.104667626,0.028609428,84.0000
mixtral-dev112,9,sim,idle,9.104667626,9.104667783,0.000000157,84.0000
mixtral-dev112,9,sim,addnorm,9.104667783,9.104811988,0.000144205,140.0000
mixtral-dev112,9,sim,idle,9.104811988,9.104812144,0.000000157,84.0000
mixtral-dev112,9,sim,addnorm,9.104812144,9.104814682,0.000002538,140.0000
mixtral-dev112,9,sim,attention,9.104814682,9.117122648,0.012307966,700.0000
mixtral-dev112,9,sim,idle,9.117122648,9.117122805,0.000000157,84.0000
mixtral-dev112,9,sim,addnorm,9.117122805,9.117267010,0.000144205,140.0000
mixtral-dev112,9,sim,idle,9.117267010,9.117267166,0.000000157,84.0000
mixtral-dev112,9,sim,addnorm,9.117267166,9.117269707,0.000002540,140.0000
mixtral-dev112,9,sim,idle,9.117269707,9.117269864,0.000000157,84.0000
mixtral-dev112,9,sim,gate,9.117269864,9.117308286,0.000038422,280.0000
mixtral-dev112,9,sim,idle,9.117308286,9.117309442,0.000001156,84.0000
mixtral-dev112,9,sim,idle,9.117309442,9.117309599,0.000000157,84.0000
mixtral-dev112,9,sim,gate,9.117309599,9.117326703,0.000017104,280.0000
mixtral-dev112,9,sim,experts,9.117326703,9.128168318,0.010841615,700.0000
mixtral-dev112,9,sim,idle,9.128168318,9.128952413,0.000784095,84.0000
mixtral-dev112,9,sim,experts,9.128952413,9.138603946,0.009651533,700.0000
mixtral-dev112,9,sim,idle,9.138603946,9.138828644,0.000224698,84.0000
mixtral-dev112,9,sim,experts,9.138828644,9.152286327,0.013457682,700.0000
mixtral-dev112,9,sim,idle,9.152286327,9.173888050,0.021601723,84.0000
mixtral-dev112,9,sim,idle,9.173888050,9.173888206,0.000000157,84.0000
mixtral-dev112,9,sim,addnorm,9.173888206,9.174032411,0.000144205,140.0000
mixtral-dev112,9,sim,idle,9.174032411,9.174032568,0.000000157,84.0000
mixtral-dev112,9,sim,addnorm,9.174032568,9.174035106,0.000002538,140.0000
mixtral-dev112,9,sim,attention,9.174035106,9.186343072,0.012307966,700.0000
mixtral-dev112,9,sim,idle,9.186343072,9.186343228,0.000000157,84.0000
mixtral-dev112,9,sim,addnorm,9.186343228,9.186487433,0.000144205,140.0000
mixtral-dev112,9,sim,idle,9.186487433,9.186487590,0.000000157,84.0000
mixtral-dev112,9,sim,addnorm,9.186487590,9.186490130,0.000002540,140.0000
mixtral-dev112,9,sim,idle,9.186490130,9.186490287,0.000000157,84.0000
mixtral-dev112,9,sim,gate,9.186490287,9.186528710,0.000038422,280.0000
mixtral-dev112,9,sim,idle,9.186528710,9.186529866,0.000001156,84.0000
mixtral-dev112,9,sim,idle,9.186529866,9.186530023,0.000000157,84.0000
mixtral-dev112,9,sim,gate,9.186530023,9.186547127,0.000017104,280.0000
mixtral-dev112,9,sim,experts,9.186547127,9.197388742,0.010841615,700.0000
mixtral-dev112,9,sim,idle,9.197388742,9.198172837,0.000784095,84.0000
mixtral-dev112,9,sim,experts,9.198172837,9.207824370,0.009651533,700.0000
mixtral-dev112,9,sim,idle,9.207824370,9.208049068,0.000224698,84.0000
mixtral-dev112,9,sim,experts,9.208049068,9.221506751,0.013457682,700.0000
mixtral-dev112,9,sim,idle,9.221506751,9.265647730,0.044140980,84.0000
mixtral-dev112,9,sim,idle,9.265647730,9.265647887,0.000000157,84.0000
mixtral-dev112,9,sim,addnorm,9.265647887,9.265792092,0.000144205,140.0000
mixtral-dev112,9,sim,idle,9.265792092,9.265792249,0.000000157,84.0000
mixtral-dev112,9,sim,addnorm,9.265792249,9.265794786,0.000002538,140.0000
mixtral-dev112,9,sim,idle,9.265794786,9.376453701,0.110658915,84.0000
mixtral-dev112,9,sim,addnorm,9.376453701,9.376455790,0.000002089,140.0000
mixtral-dev112,9,sim,idle,9.376455790,9.376455947,0.000000157,84.0000
mixtral-dev112,9,sim,addnorm,9.376455947,9.376748715,0.000292768,140.0000
mixtral-dev112,9,sim,idle,9.376748715,9.376748871,0.000000157,84.0000
mixtral-dev112,9,sim,idle,9.376748871,9.376749028,0.000000157,84.0000
mixtral-dev112,9,sim,gate,9.376749028,9.376752347,0.000003318,280.0000
mixtral-dev112,9,sim,idle,9.376752347,9.394090648,0.017338301,84.0000
mixtral-dev112,9,sim,gate,9.394090648,9.394269694,0.000179046,280.0000
mixtral-dev112,9,sim,idle,9.394269694,9.394269851,0.000000157,84.0000
mixtral-dev112,9,sim,experts,9.394269851,9.413487285,0.019217435,700.0000
mixtral-dev112,9,sim,idle,9.413487285,9.413711984,0.000224698,84.0000
mixtral-dev112,9,sim,experts,9.413711984,9.433491392,0.019779408,700.0000
mixtral-dev112,9,sim,idle,9.433491392,9.434303679,0.000812287,84.0000
mixtral-dev112,9,sim,idle,9.434303679,9.434303836,0.000000157,84.0000
mixtral-dev112,9,sim,idle,9.434303836,9.434303992,0.000000157,84.0000
mixtral-dev112,9,sim,gate,9.434303992,9.434396591,0.000092598,280.0000
mixtral-dev112,9,sim,idle,9.434396591,9.434397747,0.000001156,84.0000
mixtral-dev112,9,sim,addnorm,9.434397747,9.434399833,0.000002086,140.0000
mixtral-dev112,9,sim,idle,9.434399833,9.434399990,0.000000157,84.0000
mixtral-dev112,9,sim,addnorm,9.434399990,9.434692758,0.000292768,140.0000
mixtral-dev112,9,sim,idle,9.434692758,9.434692915,0.000000157,84.0000
mixtral-dev112,9,sim,attention,9.434692915,9.459308847,0.024615932,700.0000
mixtral-dev112,9,sim,idle,9.459308847,9.515044631,0.055735784,84.0000
mixtral-dev112,9,sim,addnorm,9.515044631,9.515046720,0.000002089,140.0000
mixtral-dev112,9,sim,idle,9.515046720,9.515046876,0.000000157,84.0000
mixtral-dev112,9,sim,addnorm,9.515046876,9.515339644,0.000292768,140.0000
mixtral-dev112,9,sim,idle,9.515339644,9.515339801,0.000000157,84.0000
mixtral-dev112,9,sim,idle,9.515339801,9.515339958,0.000000157,84.0000
mixtral-dev112,9,sim,gate,9.515339958,9.515343276,0.000003318,280.0000
mixtral-dev112,9,sim,idle,9.515343276,9.536839631,0.021496354,84.0000
mixtral-dev112,9,sim,gate,9.536839631,9.537018677,0.000179046,280.0000
mixtral-dev112,9,sim,idle,9.537018677,9.537018834,0.000000157,84.0000
mixtral-dev112,9,sim,experts,9.537018834,9.556236268,0.019217435,700.0000
mixtral-dev112,9,sim,idle,9.556236268,9.556460967,0.000224698,84.0000
mixtral-dev112,9,sim,experts,9.556460967,9.576240375,0.019779408,700.0000
mixtral-dev112,9,sim,idle,9.576240375,9.577027063,0.000786688,84.0000
mixtral-dev112,9,sim,idle,9.577027063,9.577027220,0.000000157,84.0000
mixtral-dev112,9,sim,idle,9.577027220,9.577027376,0.000000157,84.0000
mixtral-dev112,9,sim,gate,9.577027376,9.577119975,0.000092598,280.0000
mixtral-dev112,9,sim,idle,9.577119975,9.577121131,0.000001156,84.0000
mixtral-dev112,9,sim,addnorm,9.577121131,9.577123217,0.000002086,140.0000
mixtral-dev112,9,sim,idle,9.577123217,9.577123374,0.000000157,84.0000
mixtral-dev112,9,sim,addnorm,9.577123374,9.577416142,0.000292768,140.0000
mixtral-dev112,9,sim,idle,9.577416142,9.577416299,0.000000157,84.0000
mixtral-dev112,9,sim,attention,9.577416299,9.602032231,0.024615932,700.0000
mixtral-dev112,9,sim,idle,9.602032231,9.628019759,0.025987529,84.0000
mixtral-dev112,9,sim,addnorm,9.628019759,9.628021848,0.000002089,140.0000
mixtral-dev112,9,sim,idle,9.628021848,9.628022005,0.000000157,84.0000
mixtral-dev112,9,sim,addnorm,9.628022005,9.628314773,0.000292768,140.0000
mixtral-dev112,9,sim,idle,9.628314773,9.628314930,0.000000157,84.0000
mixtral-dev112,9,sim,idle,9.628314930,9.628315086,0.000000157,84.0000
mixtral-dev112,9,sim,gate,9.628315086,9.628318405,0.000003318,280.0000
mixtral-dev112,9,sim,idle,9.628318405,9.649764264,0.021445860,84.0000
mixtral-dev112,9,sim,gate,9.649764264,9.649943311,0.000179046,280.0000
mixtral-dev112,9,sim,idle,9.649943311,9.649943468,0.000000157,84.0000
mixtral-dev112,9,sim,experts,9.649943468,9.669160902,0.019217435,700.0000
mixtral-dev112,9,sim,idle,9.669160902,9.669385601,0.000224698,84.0000
mixtral-dev112,9,sim,experts,9.669385601,9.689165009,0.019779408,700.0000
mixtral-dev112,9,sim,idle,9.689165009,9.689951697,0.000786688,84.0000
mixtral-dev112,9,sim,idle,9.689951697,9.689951853,0.000000157,84.0000
mixtral-dev112,9,sim,idle,9.689951853,9.689952010,0.000000157,84.0000
mixtral-dev112,9,sim,gate,9.689952010,9.690044609,0.000092598,280.0000
mixtral-dev112,9,sim,idle,9.690044609,9.690045765,0.000001156,84.0000
mixtral-dev112,9,sim,addnorm,9.690045765,9.690047851,0.000002086,140.0000
mixtral-dev112,9,sim,idle,9.690047851,9.690048008,0.000000157,84.0000
mixtral-dev112,9,sim,addnorm,9.690048008,9.690340776,0.000292768,140.0000
mixtral-dev112,9,sim,idle,9.690340776,9.690340933,0.000000157,84.0000
mixtral-dev112,9,sim,attention,9.690340933,9.714956864,0.024615932,700.0000
mixtral-dev112,9,sim,idle,9.714956864,9.719869496,0.004912631,84.0000
mixtral-dev112,9,sim,addnorm,9.719869496,9.719871584,0.000002089,140.0000
mixtral-dev112,9,sim,idle,9.719871584,9.719871741,0.000000157,84.0000
mixtral-dev112,9,sim,addnorm,9.719871741,9.720164509,0.000292768,140.0000
mixtral-dev112,9,sim,idle,9.720164509,9.720164666,0.000000157,84.0000
mixtral-dev112,9,sim,idle,9.720164666,9.720164823,0.000000157,84.0000
mixtral-dev112,9,sim,gate,9.720164823,9.720168141,0.000003318,280.0000
mixtral-dev112,9,sim,idle,9.720168141,9.744438667,0.024270526,84.0000
mixtral-dev112,9,sim,gate,9.744438667,9.744617714,0.000179046,280.0000
mixtral-dev112,9,sim,idle,9.744617714,9.744617871,0.000000157,84.0000
mixtral-dev112,9,sim,experts,9.744617871,9.763835305,0.019217435,700.0000
mixtral-dev112,9,sim,idle,9.763835305,9.764060004,0.000224698,84.0000
mixtral-dev112,9,sim,experts,9.764060004,9.783839411,0.019779408,700.0000
mixtral-dev112,9,sim,idle,9.783839411,9.784626100,0.000786688,84.0000
mixtral-dev112,9,sim,idle,9.784626100,9.784626256,0.000000157,84.0000
mixtral-dev112,9,sim,idle,9.784626256,9.784626413,0.000000157,84.0000
mixtral-dev112,9,sim,gate,9.784626413,9.784719012,0.000092598,280.0000
mixtral-dev112,9,sim,idle,9.784719012,9.784720168,0.000001156,84.0000
mixtral-dev112,9,sim,addnorm,9.784720168,9.784722254,0.000002086,140.0000
mixtral-dev112,9,sim,idle,9.784722254,9.784722411,0.000000157,84.0000
mixtral-dev112,9,sim,addnorm,9.784722411,9.785015179,0.000292768,140.0000
mixtral-dev112,9,sim,idle,9.785015179,9.785015335,0.000000157,84.0000
mixtral-dev112,9,sim,attention,9.785015335,9.809631267,0.024615932,700.0000
mixtral-dev112,9,sim,idle,9.809631267,9.935365146,0.125733879,84.0000
mixtral-dev112,10,sim,idle,9.935365146,10.037518048,0.102152902,84.0000
mixtral-dev112,10,sim,attention,10.037518048,10.049826014,0.012307966,700.0000
mixtral-dev112,10,sim,idle,10.049826014,10.049826171,0.000000157,84.0000
mixtral-dev112,10,sim,addnorm,10.049826171,10.049970376,0.000144205,140.0000
mixtral-dev112,10,sim,idle,10.049970376,10.049970533,0.000000157,84.0000
mixtral-dev112,10,sim,addnorm,10.049970533,10.049973073,0.000002540,140.0000
mixtral-dev112,10,sim,idle,10.049973073,10.049973230,0.000000157,84.0000
mixtral-dev112,10,sim,gate,10.049973230,10.050011652,0.000038422,280.0000
mixtral-dev112,10,sim,idle,10.050011652,10.050012808,0.000001156,84.0000
mixtral-dev112,10,sim,idle,10.050012808,10.050012965,0.000000157,84.0000
mixtral-dev112,10,sim,gate,10.050012965,10.050030069,0.000017104,280.0000
mixtral-dev112,10,sim,idle,10.050030069,10.050031891,0.000001822,84.0000
mixtral-dev112,10,sim,experts,10.050031891,10.060873506,0.010841615,700.0000
mixtral-dev112,10,sim,idle,10.060873506,10.061657601,0.000784095,84.0000
mixtral-dev112,10,sim,experts,10.061657601,10.071309134,0.009651533,700.0000
mixtral-dev112,10,sim,idle,10.071309134,10.071533832,0.000224698,84.0000
mixtral-dev112,10,sim,experts,10.071533832,10.084991515,0.013457682,700.0000
mixtral-dev112,10,sim,idle,10.084991515,10.109368237,0.024376722,84.0000
mixtral-dev112,10,sim,idle,10.109368237,10.109368394,0.000000157,84.0000
mixtral-dev112,10,sim,addnorm,10.109368394,10.109512599,0.000144205,140.0000
mixtral-dev112,10,sim,idle,10.109512599,10.109512756,0.000000157,84.0000
mixtral-dev112,10,sim,addnorm,10.109512756,10.109515293,0.000002538,140.0000
mixtral-dev112,10,sim,idle,10.109515293,10.132514192,0.022998899,84.0000
mixtral-dev112,10,sim,attention,10.132514192,10.144822158,0.012307966,700.0000
mixtral-dev112,10,sim,idle,10.144822158,10.144822315,0.000000157,84.0000
mixtral-dev112,10,sim,addnorm,10.144822315,10.144966520,0.000144205,140.0000
mixtral-dev112,10,sim,idle,10.144966520,10.144966676,0.000000157,84.0000
mixtral-dev112,10,sim,addnorm,10.144966676,10.144969217,0.000002540,140.0000
mixtral-dev112,10,sim,idle,10.144969217,10.144969374,0.000000157,84.0000
mixtral-dev112,10,sim,gate,10.144969374,10.145007796,0.000038422,280.0000
mixtral-dev112,10,sim,idle,10.145007796,10.145008952,0.000001156,84.0000
mixtral-dev112,10,sim,idle,10.145008952,10.145009109,0.000000157,84.0000
mixtral-dev112,10,sim,gate,10.145009109,10.145026213,0.000017104,280.0000
mixtral-dev112,10,sim,idle,10.145026213,10.145028035,0.000001822,84.0000
mixtral-dev112,10,sim,experts,10.145028035,10.155869650,0.010841615,700.0000
mixtral-dev112,10,sim,idle,10.155869650,10.156653745,0.000784095,84.0000
mixtral-dev112,10,sim,experts,10.156653745,10.166305278,0.009651533,700.0000
mixtral-dev112,10,sim,idle,10.166305278,10.166529976,0.000224698,84.0000
mixtral-dev112,10,sim,experts,10.166529976,10.179987659,0.013457682,700.0000
mixtral-dev112,10,sim,idle,10.179987659,10.208597087,0.028609428,84.0000
mixtral-dev112,10,sim,idle,10.208597087,10.208597243,0.000000157,84.0000
mixtral-dev112,10,sim,addnorm,10.208597243,10.208741448,0.000144205,140.0000
mixtral-dev112,10,sim,idle,10.208741448,10.208741605,0.000000157,84.0000
mixtral-dev112,10,sim,addnorm,10.208741605,10.208744143,0.000002538,140.0000
mixtral-dev112,10,sim,attention,10.208744143,10.221052109,0.012307966,700.0000
mixtral-dev112,10,sim,idle,10.221052109,10.221052265,0.000000157,84.0000
mixtral-dev112,10,sim,addnorm,10.221052265,10.221196470,0.000144205,140.0000
mixtral-dev112,10,sim,idle,10.221196470,10.221196627,0.000000157,84.0000
mixtral-dev112,10,sim,addnorm,10.221196627,10.221199168,0.000002540,140.0000
mixtral-dev112,10,sim,idle,10.221199168,10.221199324,0.000000157,84.0000
mixtral-dev112,10,sim,gate,10.221199324,10.221237747,0.000038422,280.0000
mixtral-dev112,10,sim,idle,10.221237747,10.221238903,0.000001156,84.0000
mixtral-dev112,10,sim,idle,10.221238903,10.221239060,0.000000157,84.0000
mixtral-dev112,10,sim,gate,10.221239060,10.221256164,0.000017104,280.0000
mixtral-dev112,10,sim,experts,10.221256164,10.232097779,0.010841615,700.0000
mixtral-dev112,10,sim,idle,10.232097779,10.232881874,0.000784095,84.0000
mixtral-dev112,10,sim,experts,10.232881874,10.242533407,0.009651533,700.0000
mixtral-dev112,10,sim,idle,10.242533407,10.242758105,0.000224698,84.0000
mixtral-dev112,10,sim,experts,10.242758105,10.256215788,0.013457682,700.0000
mixtral-dev112,10,sim,idle,10.256215788,10.277817510,0.021601723,84.0000
mixtral-dev112,10,sim,idle,10.277817510,10.277817667,0.000000157,84.0000
mixtral-dev112,10,sim,addnorm,10.277817667,10.277961872,0.000144205,140.0000
mixtral-dev112,10,sim,idle,10.277961872,10.277962029,0.000000157,84.0000
mixtral-dev112,10,sim,addnorm,10.277962029,10.277964566,0.000002538,140.0000
mixtral-dev112,10,sim,attention,10.277964566,10.290272532,0.012307966,700.0000
mixtral-dev112,10,sim,idle,10.290272532,10.290272689,0.000000157,84.0000
mixtral-dev112,10,sim,addnorm,10.290272689,10.290416894,0.000144205,140.0000
mixtral-dev112,10,sim,idle,10.290416894,10.290417051,0.000000157,84.0000
mixtral-dev112,10,sim,addnorm,10.290417051,10.290419591,0.000002540,140.0000
mixtral-dev112,10,sim,idle,10.290419591,10.290419748,0.000000157,84.0000
mixtral-dev112,10,sim,gate,10.290419748,10.290458170,0.000038422,280.0000
mixtral-dev112,10,sim,idle,10.290458170,10.290459327,0.000001156,84.0000
mixtral-dev112,10,sim,idle,10.290459327,10.290459483,0.000000157,84.0000
mixtral-dev112,10,sim,gate,10.290459483,10.290476587,0.000017104,280.0000
mixtral-dev112,10,sim,experts,10.290476587,10.301318203,0.010841615,700.0000
mixtral-dev112,10,sim,idle,10.301318203,10.302102298,0.000784095,84.0000
mixtral-dev112,10,sim,experts,10.302102298,10.311753830,0.009651533,700.0000
mixtral-dev112,10,sim,idle,10.311753830,10.311978529,0.000224698,84.0000
mixtral-dev112,10,sim,experts,10.311978529,10.325436211,0.013457682,700.0000
mixtral-dev112,10,sim,idle,10.325436211,10.369577191,0.044140980,84.0000
mixtral-dev112,10,sim,idle,10.369577191,10.369577348,0.000000157,84.0000
mixtral-dev112,10,sim,addnorm,10.369577348,10.369721553,0.000144205,140.0000
mixtral-dev112,10,sim,idle,10.369721553,10.369721710,0.000000157,84.0000
mixtral-dev112,10,sim,addnorm,10.369721710,10.369724247,0.000002538,140.0000
mixtral-dev112,10,sim,idle,10.369724247,10.480383162,0.110658915,84.0000
mixtral-dev112,10,sim,addnorm,10.480383162,10.480385250,0.000002089,140.0000
mixtral-dev112,10,sim,idle,10.480385250,10.480385407,0.000000157,84.0000
mixtral-dev112,10,sim,addnorm,10.480385407,10.480678175,0.000292768,140.0000
mixtral-dev112,10,sim,idle,10.480678175,10.480678332,0.000000157,84.0000
mixtral-dev112,10,sim,idle,10.480678332,10.480678489,0.000000157,84.0000
mixtral-dev112,10,sim,gate,10.480678489,10.480681807,0.000003318,280.0000
mixtral-dev112,10,sim,idle,10.480681807,10.498020108,0.017338301,84.0000
mixtral-dev112,10,sim,gate,10.498020108,10.498199155,0.000179046,280.0000
mixtral-dev112,10,sim,idle,10.498199155,10.498199311,0.000000157,84.0000
mixtral-dev112,10,sim,experts,10.498199311,10.517416746,0.019217435,700.0000
mixtral-dev112,10,sim,idle,10.517416746,10.517641444,0.000224698,84.0000
mixtral-dev112,10,sim,experts,10.517641444,10.537420852,0.019779408,700.0000
mixtral-dev112,10,sim,idle,10.537420852,10.538233139,0.000812287,84.0000
mixtral-dev112,10,sim,idle,10.538233139,10.538233296,0.000000157,84.0000
mixtral-dev112,10,sim,idle,10.538233296,10.538233453,0.000000157,84.0000
mixtral-dev112,10,sim,gate,10.538233453,10.538326051,0.000092598,280.0000
mixtral-dev112,10,sim,idle,10.538326051,10.538327208,0.000001156,84.0000
mixtral-dev112,10,sim,addnorm,10.538327208,10.538329294,0.000002086,140.0000
mixtral-dev112,10,sim,idle,10.538329294,10.538329451,0.000000157,84.0000
mixtral-dev112,10,sim,addnorm,10.538329451,10.538622219,0.000292768,140.0000
mixtral-dev112,10,sim,idle,10.538622219,10.538622375,0.000000157,84.0000
mixtral-dev112,10,sim,attention,10.538622375,10.563238307,0.024615932,700.0000
mixtral-dev112,10,sim,idle,10.563238307,10.618974092,0.055735784,84.0000
mixtral-dev112,10,sim,addnorm,10.618974092,10.618976180,0.000002089,140.0000
mixtral-dev112,10,sim,idle,10.618976180,10.618976337,0.000000157,84.0000
mixtral-dev112,10,sim,addnorm,10.618976337,10.619269105,0.000292768,140.0000
mixtral-dev112,10,sim,idle,10.619269105,10.619269262,0.000000157,84.0000
mixtral-dev112,10,sim,idle,10.619269262,10.619269419,0.000000157,84.0000
mixtral-dev112,10,sim,gate,10.619269419,10.619272737,0.000003318,280.0000
mixtral-dev112,10,sim,idle,10.619272737,10.640769091,0.021496354,84.0000
mixtral-dev112,10,sim,gate,10.640769091,10.640948138,0.000179046,280.0000
mixtral-dev112,10,sim,idle,10.640948138,10.640948294,0.000000157,84.0000
mixtral-dev112,10,sim,experts,10.640948294,10.660165729,0.019217435,700.0000
mixtral-dev112,10,sim,idle,10.660165729,10.660390427,0.000224698,84.0000
mixtral-dev112,10,sim,experts,10.660390427,10.680169835,0.019779408,700.0000
mixtral-dev112,10,sim,idle,10.680169835,10.680956523,0.000786688,84.0000
mixtral-dev112,10,sim,idle,10.680956523,10.680956680,0.000000157,84.0000
mixtral-dev112,10,sim,idle,10.680956680,10.680956837,0.000000157,84.0000
mixtral-dev112,10,sim,gate,10.680956837,10.681049435,0.000092598,280.0000
mixtral-dev112,10,sim,idle,10.681049435,10.681050592,0.000001156,84.0000
mixtral-dev112,10,sim,addnorm,10.681050592,10.681052678,0.000002086,140.0000
mixtral-dev112,10,sim,idle,10.681052678,10.681052835,0.000000157,84.0000
mixtral-dev112,10,sim,addnorm,10.681052835,10.681345603,0.000292768,140.0000
mixtral-dev112,10,sim,idle,10.681345603,10.681345759,0.000000157,84.0000
mixtral-dev112,10,sim,attention,10.681345759,10.705961691,0.024615932,700.0000
mixtral-dev112,10,sim,idle,10.705961691,10.731949220,0.025987529,84.0000
mixtral-dev112,10,sim,addnorm,10.731949220,10.731951309,0.000002089,140.0000
mixtral-dev112,10,sim,idle,10.731951309,10.731951466,0.000000157,84.0000
mixtral-dev112,10,sim,addnorm,10.731951466,10.732244234,0.000292768,140.0000
mixtral-dev112,10,sim,idle,10.732244234,10.732244390,0.000000157,84.0000
mixtral-dev112,10,sim,idle,10.732244390,10.732244547,0.000000157,84.0000
mixtral-dev112,10,sim,gate,10.732244547,10.732247866,0.000003318,280.0000
mixtral-dev112,10,sim,idle,10.732247866,10.753693725,0.021445860,84.0000
mixtral-dev112,10,sim,gate,10.753693725,10.753872772,0.000179046,280.0000
mixtral-dev112,10,sim,idle,10.753872772,10.753872928,0.000000157,84.0000
mixtral-dev112,10,sim,experts,10.753872928,10.773090363,0.019217435,700.0000
mixtral-dev112,10,sim,idle,10.773090363,10.773315061,0.000224698,84.0000
mixtral-dev112,10,sim,experts,10.773315061,10.793094469,0.019779408,700.0000
mixtral-dev112,10,sim,idle,10.793094469,10.793881157,0.000786688,84.0000
mixtral-dev112,10,sim,idle,10.793881157,10.793881314,0.000000157,84.0000
mixtral-dev112,10,sim,idle,10.793881314,10.793881471,0.000000157,84.0000
mixtral-dev112,10,sim,gate,10.793881471,10.793974069,0.000092598,280.0000
mixtral-dev112,10,sim,idle,10.793974069,10.793975226,0.000001156,84.0000
mixtral-dev112,10,sim,addnorm,10.793975226,10.793977312,0.000002086,140.0000
mixtral-dev112,10,sim,idle,10.793977312,10.793977468,0.000000157,84.0000
mixtral-dev112,10,sim,addnorm,10.793977468,10.794270236,0.000292768,140.0000
mixtral-dev112,10,sim,idle,10.794270236,10.794270393,0.000000157,84.0000
mixtral-dev112,10,sim,attention,10.794270393,10.818886325,0.024615932,700.0000
mixtral-dev112,10,sim,idle,10.818886325,10.823798956,0.004912631,84.0000
mixtral-dev112,10,sim,addnorm,10.823798956,10.823801045,0.000002089,140.0000
mixtral-dev112,10,sim,idle,10.823801045,10.823801202,0.000000157,84.0000
mixtral-dev112,10,sim,addnorm,10.823801202,10.824093970,0.000292768,140.0000
mixtral-dev112,10,sim,idle,10.824093970,10.824094126,0.000000157,84.0000
mixtral-dev112,10,sim,idle,10.824094126,10.824094283,0.000000157,84.0000
mixtral-dev112,10,sim,gate,10.824094283,10.824097602,0.000003318,280.0000
mixtral-dev112,10,sim,idle,10.824097602,10.848368128,0.024270526,84.0000
mixtral-dev112,10,sim,gate,10.848368128,10.848547174,0.000179046,280.0000
mixtral-dev112,10,sim,idle,10.848547174,10.848547331,0.000000157,84.0000
mixtral-dev112,10,sim,experts,10.848547331,10.867764766,0.019217435,700.0000
mixtral-dev112,10,sim,idle,10.867764766,10.867989464,0.000224698,84.0000
mixtral-dev112,10,sim,experts,10.867989464,10.887768872,0.019779408,700.0000
mixtral-dev112,10,sim,idle,10.887768872,10.888555560,0.000786688,84.0000
mixtral-dev112,10,sim,idle,10.888555560,10.888555717,0.000000157,84.0000
mixtral-dev112,10,sim,idle,10.888555717,10.888555874,0.000000157,84.0000
mixtral-dev112,10,sim,gate,10.888555874,10.888648472,0.000092598,280.0000
mixtral-dev112,10,sim,idle,10.888648472,10.888649628,0.000001156,84.0000
mixtral-dev112,10,sim,addnorm,10.888649628,10.888651715,0.000002086,140.0000
mixtral-dev112,10,sim,idle,10.888651715,10.888651871,0.000000157,84.0000
mixtral-dev112,10,sim,addnorm,10.888651871,10.888944639,0.000292768,140.0000
mixtral-dev112,10,sim,idle,10.888944639,10.888944796,0.000000157,84.0000
mixtral-dev112,10,sim,attention,10.888944796,10.913560728,0.024615932,700.0000
mixtral-dev112,10,sim,idle,10.913560728,11.039294607,0.125733879,84.0000
