model,iteration,direction,phase,start_s,end_s,duration_s,power_w
mixtral-dev251,1,sim,idle,0.000000000,0.283157608,0.283157608,84.0000
mixtral-dev251,1,sim,attention,0.283157608,0.295465574,0.012307966,700.0000
mixtral-dev251,1,sim,idle,0.295465574,0.295465731,0.000000157,84.0000
mixtral-dev251,1,sim,addnorm,0.295465731,0.295609741,0.000144010,140.0000
mixtral-dev251,1,sim,idle,0.295609741,0.295609897,0.000000157,84.0000
mixtral-dev251,1,sim,addnorm,0.295609897,0.295612431,0.000002533,140.0000
mixtral-dev251,1,sim,idle,0.295612431,0.295612588,0.000000157,84.0000
mixtral-dev251,1,sim,gate,0.295612588,0.295649986,0.000037398,280.0000
mixtral-dev251,1,sim,idle,0.295649986,0.295651142,0.000001156,84.0000
mixtral-dev251,1,sim,idle,0.295651142,0.295651299,0.000000157,84.0000
mixtral-dev251,1,sim,gate,0.295651299,0.295668345,0.000017046,280.0000
mixtral-dev251,1,sim,idle,0.295668345,0.317516231,0.021847886,84.0000
mixtral-dev251,1,sim,experts,0.317516231,0.328355610,0.010839379,700.0000
mixtral-dev251,1,sim,idle,0.328355610,0.329139705,0.000784095,84.0000
mixtral-dev251,1,sim,experts,0.329139705,0.338791120,0.009651415,700.0000
mixtral-dev251,1,sim,idle,0.338791120,0.339015818,0.000224698,84.0000
mixtral-dev251,1,sim,experts,0.339015818,0.352496968,0.013481149,700.0000
mixtral-dev251,1,sim,idle,0.352496968,0.374259789,0.021762821,84.0000
mixtral-dev251,1,sim,idle,0.374259789,0.374259946,0.000000157,84.0000
mixtral-dev251,1,sim,addnorm,0.374259946,0.374403955,0.000144010,140.0000
mixtral-dev251,1,sim,idle,0.374403955,0.374404112,0.000000157,84.0000
mixtral-dev251,1,sim,addnorm,0.374404112,0.374406654,0.000002542,140.0000
mixtral-dev251,1,sim,idle,0.374406654,0.374406811,0.000000157,84.0000
mixtral-dev251,1,sim,experts,0.374406811,0.376000789,0.001593978,700.0000
mixtral-dev251,1,sim,idle,0.376000789,0.376113606,0.000112817,84.0000
mixtral-dev251,1,sim,experts,0.376113606,0.379121740,0.003008134,700.0000
mixtral-dev251,1,sim,idle,0.379121740,0.379234557,0.000112817,84.0000
mixtral-dev251,1,sim,addnorm,0.379234557,0.379236642,0.000002084,140.0000
mixtral-dev251,1,sim,idle,0.379236642,0.379236799,0.000000157,84.0000
mixtral-dev251,1,sim,addnorm,0.379236799,0.379529650,0.000292851,140.0000
mixtral-dev251,1,sim,idle,0.379529650,0.379529807,0.000000157,84.0000
mixtral-dev251,1,sim,idle,0.379529807,0.379529964,0.000000157,84.0000
mixtral-dev251,1,sim,gate,0.379529964,0.379533266,0.000003302,280.0000
mixtral-dev251,1,sim,idle,0.379533266,0.380863990,0.001330724,84.0000
mixtral-dev251,1,sim,attention,0.380863990,0.393171956,0.012307966,700.0000
mixtral-dev251,1,sim,idle,0.393171956,0.393172112,0.000000157,84.0000
mixtral-dev251,1,sim,addnorm,0.393172112,0.393316122,0.000144010,140.0000
mixtral-dev251,1,sim,idle,0.393316122,0.393316279,0.000000157,84.0000
mixtral-dev251,1,sim,addnorm,0.393316279,0.393318812,0.000002533,140.0000
mixtral-dev251,1,sim,idle,0.393318812,0.393318969,0.000000157,84.0000
mixtral-dev251,1,sim,gate,0.393318969,0.393356367,0.000037398,280.0000
mixtral-dev251,1,sim,idle,0.393356367,0.393357524,0.000001156,84.0000
mixtral-dev251,1,sim,idle,0.393357524,0.393357680,0.000000157,84.0000
mixtral-dev251,1,sim,gate,0.393357680,0.393374727,0.000017046,280.0000
mixtral-dev251,1,sim,idle,0.393374727,0.401880941,0.008506214,84.0000
mixtral-dev251,1,sim,gate,0.401880941,0.402059994,0.000179053,280.0000
mixtral-dev251,1,sim,idle,0.402059994,0.402060151,0.000000157,84.0000
mixtral-dev251,1,sim,experts,0.402060151,0.461548543,0.059488392,700.0000
mixtral-dev251,1,sim,idle,0.461548543,0.461773241,0.000224698,84.0000
mixtral-dev251,1,sim,experts,0.461773241,0.475254391,0.013481149,700.0000
mixtral-dev251,1,sim,idle,0.475254391,0.475254548,0.000000158,84.0000
mixtral-dev251,1,sim,idle,0.475254548,0.475254705,0.000000157,84.0000
mixtral-dev251,1,sim,gate,0.475254705,0.475347633,0.000092928,280.0000
mixtral-dev251,1,sim,idle,0.475347633,0.475348789,0.000001156,84.0000
mixtral-dev251,1,sim,addnorm,0.475348789,0.475350896,0.000002107,140.0000
mixtral-dev251,1,sim,idle,0.475350896,0.475351053,0.000000157,84.0000
mixtral-dev251,1,sim,addnorm,0.475351053,0.475643904,0.000292851,140.0000
mixtral-dev251,1,sim,idle,0.475643904,0.475644061,0.000000157,84.0000
mixtral-dev251,1,sim,attention,0.475644061,0.500259993,0.024615932,700.0000
mixtral-dev251,1,sim,idle,0.500259993,0.500260150,0.000000158,84.0000
mixtral-dev251,1,sim,addnorm,0.500260150,0.500404160,0.000144010,140.0000
mixtral-dev251,1,sim,idle,0.500404160,0.500404317,0.000000157,84.0000
mixtral-dev251,1,sim,addnorm,0.500404317,0.500406859,0.000002542,140.0000
mixtral-dev251,1,sim,idle,0.500406859,0.500407015,0.000000157,84.0000
mixtral-dev251,1,sim,experts,0.500407015,0.502000993,0.001593978,700.0000
mixtral-dev251,1,sim,idle,0.502000993,0.502113810,0.000112817,84.0000
mixtral-dev251,1,sim,experts,0.502113810,0.505121945,0.003008134,700.0000
mixtral-dev251,1,sim,idle,0.505121945,0.505234762,0.000112817,84.0000
mixtral-dev251,1,sim,addnorm,0.505234762,0.505236846,0.000002084,140.0000
mixtral-dev251,1,sim,idle,0.505236846,0.505237003,0.000000157,84.0000
mixtral-dev251,1,sim,addnorm,0.505237003,0.505529854,0.000292851,140.0000
mixtral-dev251,1,sim,idle,0.505529854,0.505530011,0.000000157,84.0000
mixtral-dev251,1,sim,idle,0.505530011,0.505530168,0.000000157,84.0000
mixtral-dev251,1,sim,gate,0.505530168,0.505533470,0.000003302,280.0000
mixtral-dev251,1,sim,idle,0.505533470,0.527642122,0.022108652,84.0000
mixtral-dev251,1,sim,gate,0.527642122,0.527821175,0.000179053,280.0000
mixtral-dev251,1,sim,idle,0.527821175,0.527821332,0.000000157,84.0000
mixtral-dev251,1,sim,experts,0.527821332,0.547039192,0.019217861,700.0000
mixtral-dev251,1,sim,idle,0.547039192,0.547263891,0.000224698,84.0000
mixtral-dev251,1,sim,experts,0.547263891,0.567043628,0.019779738,700.0000
mixtral-dev251,1,sim,attention,0.567043628,0.579351594,0.012307966,700.0000
mixtral-dev251,1,sim,idle,0.579351594,0.579351751,0.000000157,84.0000
mixtral-dev251,1,sim,addnorm,0.579351751,0.579495761,0.000144010,140.0000
mixtral-dev251,1,sim,idle,0.579495761,0.579495918,0.000000157,84.0000
mixtral-dev251,1,sim,addnorm,0.579495918,0.579498451,0.000002533,140.0000
mixtral-dev251,1,sim,idle,0.579498451,0.579498608,0.000000157,84.0000
mixtral-dev251,1,sim,gate,0.579498608,0.579536006,0.000037398,280.0000
mixtral-dev251,1,sim,idle,0.579536006,0.579537162,0.000001156,84.0000
mixtral-dev251,1,sim,idle,0.579537162,0.579537319,0.000000157,84.0000
mixtral-dev251,1,sim,gate,0.579537319,0.579554366,0.000017046,280.0000
mixtral-dev251,1,sim,idle,0.579554366,0.590962775,0.011408410,84.0000
mixtral-dev251,1,sim,idle,0.590962775,0.590962932,0.000000157,84.0000
mixtral-dev251,1,sim,idle,0.590962932,0.590963089,0.000000157,84.0000
mixtral-dev251,1,sim,gate,0.590963089,0.591056017,0.000092928,280.0000
mixtral-dev251,1,sim,idle,0.591056017,0.591057173,0.000001156,84.0000
mixtral-dev251,1,sim,addnorm,0.591057173,0.591059280,0.000002107,140.0000
mixtral-dev251,1,sim,idle,0.591059280,0.591059436,0.000000157,84.0000
mixtral-dev251,1,sim,addnorm,0.591059436,0.591352288,0.000292851,140.0000
mixtral-dev251,1,sim,idle,0.591352288,0.591352444,0.000000157,84.0000
mixtral-dev251,1,sim,attention,0.591352444,0.615968376,0.024615932,700.0000
mixtral-dev251,1,sim,experts,0.615968376,0.626807755,0.010839379,700.0000
mixtral-dev251,1,sim,idle,0.626807755,0.627591850,0.000784095,84.0000
mixtral-dev251,1,sim,experts,0.627591850,0.637243265,0.009651415,700.0000
mixtral-dev251,1,sim,idle,0.637243265,0.637467963,0.000224698,84.0000
mixtral-dev251,1,sim,experts,0.637467963,0.650949113,0.013481149,700.0000
mixtral-dev251,1,sim,idle,0.650949113,0.673005086,0.022055973,84.0000
mixtral-dev251,1,sim,idle,0.673005086,0.673005243,0.000000157,84.0000
mixtral-dev251,1,sim,addnorm,0.673005243,0.673149253,0.000144010,140.0000
mixtral-dev251,1,sim,idle,0.673149253,0.673149410,0.000000157,84.0000
mixtral-dev251,1,sim,addnorm,0.673149410,0.673151952,0.000002542,140.0000
mixtral-dev251,1,sim,idle,0.673151952,0.673152108,0.000000157,84.0000
mixtral-dev251,1,sim,experts,0.673152108,0.674746086,0.001593978,700.0000
mixtral-dev251,1,sim,idle,0.674746086,0.674858903,0.000112817,84.0000
mixtral-dev251,1,sim,experts,0.674858903,0.677867038,0.003008134,700.0000
mixtral-dev251,1,sim,idle,0.677867038,0.677979855,0.000112817,84.0000
mixtral-dev251,1,sim,addnorm,0.677979855,0.677981939,0.000002084,140.0000
mixtral-dev251,1,sim,idle,0.677981939,0.677982096,0.000000157,84.0000
mixtral-dev251,1,sim,addnorm,0.677982096,0.678274947,0.000292851,140.0000
mixtral-dev251,1,sim,idle,0.678274947,0.678275104,0.000000157,84.0000
mixtral-dev251,1,sim,idle,0.678275104,0.678275261,0.000000157,84.0000
mixtral-dev251,1,sim,gate,0.678275261,0.678278563,0.000003302,280.0000
mixtral-dev251,1,sim,idle,0.678278563,0.700452326,0.022173763,84.0000
mixtral-dev251,1,sim,gate,0.700452326,0.700631379,0.000179053,280.0000
mixtral-dev251,1,sim,idle,0.700631379,0.700631536,0.000000157,84.0000
mixtral-dev251,1,sim,experts,0.700631536,0.719849396,0.019217861,700.0000
mixtral-dev251,1,sim,attention,0.719849396,0.732157362,0.012307966,700.0000
mixtral-dev251,1,sim,experts,0.732157362,0.751937100,0.019779738,700.0000
mixtral-dev251,1,sim,addnorm,0.751937100,0.752081109,0.000144010,140.0000
mixtral-dev251,1,sim,idle,0.752081109,0.752081435,0.000000325,84.0000
mixtral-dev251,1,sim,addnorm,0.752081435,0.752083968,0.000002533,140.0000
mixtral-dev251,1,sim,idle,0.752083968,0.752084317,0.000000349,84.0000
mixtral-dev251,1,sim,gate,0.752084317,0.752121716,0.000037398,280.0000
mixtral-dev251,1,sim,idle,0.752121716,0.752125464,0.000003749,84.0000
mixtral-dev251,1,sim,idle,0.752125464,0.752126062,0.000000598,84.0000
mixtral-dev251,1,sim,gate,0.752126062,0.752143109,0.000017046,280.0000
mixtral-dev251,1,sim,idle,0.752143109,0.780345356,0.028202248,84.0000
mixtral-dev251,1,sim,experts,0.780345356,0.791184735,0.010839379,700.0000
mixtral-dev251,1,sim,idle,0.791184735,0.791184972,0.000000237,84.0000
mixtral-dev251,1,sim,idle,0.791184972,0.791185133,0.000000161,84.0000
mixtral-dev251,1,sim,gate,0.791185133,0.791278061,0.000092928,280.0000
mixtral-dev251,1,sim,idle,0.791278061,0.791282806,0.000004745,84.0000
mixtral-dev251,1,sim,addnorm,0.791282806,0.791284912,0.000002107,140.0000
mixtral-dev251,1,sim,idle,0.791284912,0.791285683,0.000000771,84.0000
mixtral-dev251,1,sim,addnorm,0.791285683,0.791578535,0.000292851,140.0000
mixtral-dev251,1,sim,idle,0.791578535,0.791578719,0.000000184,84.0000
mixtral-dev251,1,sim,attention,0.791578719,0.816194651,0.024615932,700.0000
mixtral-dev251,1,sim,experts,0.816194651,0.825846066,0.009651415,700.0000
mixtral-dev251,1,sim,idle,0.825846066,0.826070764,0.000224698,84.0000
mixtral-dev251,1,sim,experts,0.826070764,0.839551914,0.013481149,700.0000
mixtral-dev251,1,sim,idle,0.839551914,0.861259871,0.021707957,84.0000
mixtral-dev251,1,sim,idle,0.861259871,0.861260028,0.000000157,84.0000
mixtral-dev251,1,sim,addnorm,0.861260028,0.861404038,0.000144010,140.0000
mixtral-dev251,1,sim,idle,0.861404038,0.861404194,0.000000157,84.0000
mixtral-dev251,1,sim,addnorm,0.861404194,0.861406736,0.000002542,140.0000
mixtral-dev251,1,sim,idle,0.861406736,0.861406893,0.000000157,84.0000
mixtral-dev251,1,sim,experts,0.861406893,0.863000871,0.001593978,700.0000
mixtral-dev251,1,sim,idle,0.863000871,0.863113688,0.000112817,84.0000
mixtral-dev251,1,sim,experts,0.863113688,0.866121823,0.003008134,700.0000
mixtral-dev251,1,sim,idle,0.866121823,0.866234640,0.000112817,84.0000
mixtral-dev251,1,sim,addnorm,0.866234640,0.866236724,0.000002084,140.0000
mixtral-dev251,1,sim,idle,0.866236724,0.866236881,0.000000157,84.0000
mixtral-dev251,1,sim,addnorm,0.866236881,0.866529732,0.000292851,140.0000
mixtral-dev251,1,sim,idle,0.866529732,0.866529889,0.000000157,84.0000
mixtral-dev251,1,sim,idle,0.866529889,0.866530046,0.000000157,84.0000
mixtral-dev251,1,sim,gate,0.866530046,0.866533348,0.000003302,280.0000
mixtral-dev251,1,sim,idle,0.866533348,0.889003429,0.022470081,84.0000
mixtral-dev251,1,sim,gate,0.889003429,0.889182482,0.000179053,280.0000
mixtral-dev251,1,sim,idle,0.889182482,0.889182639,0.000000157,84.0000
mixtral-dev251,1,sim,experts,0.889182639,0.908400499,0.019217861,700.0000
mixtral-dev251,1,sim,idle,0.908400499,0.908625198,0.000224698,84.0000
mixtral-dev251,1,sim,experts,0.908625198,0.928404935,0.019779738,700.0000
mixtral-dev251,1,sim,idle,0.928404935,0.945925675,0.017520740,84.0000
mixtral-dev251,1,sim,idle,0.945925675,0.945925832,0.000000157,84.0000
mixtral-dev251,1,sim,idle,0.945925832,0.945925989,0.000000157,84.0000
mixtral-dev251,1,sim,gate,0.945925989,0.946018917,0.000092928,280.0000
mixtral-dev251,1,sim,idle,0.946018917,0.946020073,0.000001156,84.0000
mixtral-dev251,1,sim,addnorm,0.946020073,0.946022179,0.000002107,140.0000
mixtral-dev251,1,sim,idle,0.946022179,0.946022336,0.000000157,84.0000
mixtral-dev251,1,sim,addnorm,0.946022336,0.946315187,0.000292851,140.0000
mixtral-dev251,1,sim,idle,0.946315187,0.946315344,0.000000157,84.0000
mixtral-dev251,1,sim,attention,0.946315344,0.970931276,0.024615932,700.0000
mixtral-dev251,1,sim,idle,0.970931276,1.362403117,0.391471841,84.0000
mixtral-dev251,2,sim,idle,1.362403117,1.645560725,0.283157608,84.0000
mixtral-dev251,2,sim,attention,1.645560725,1.657868691,0.012307966,700.0000
mixtral-dev251,2,sim,idle,1.657868691,1.657868848,0.000000157,84.0000
mixtral-dev251,2,sim,addnorm,1.657868848,1.658012858,0.000144010,140.0000
mixtral-dev251,2,sim,idle,1.658012858,1.658013014,0.000000157,84.0000
mixtral-dev251,2,sim,addnorm,1.658013014,1.658015548,0.000002533,140.0000
mixtral-dev251,2,sim,idle,1.658015548,1.658015705,0.000000157,84.0000
mixtral-dev251,2,sim,gate,1.658015705,1.658053103,0.000037398,280.0000
mixtral-dev251,2,sim,idle,1.658053103,1.658054259,0.000001156,84.0000
mixtral-dev251,2,sim,idle,1.658054259,1.658054416,0.000000157,84.0000
mixtral-dev251,2,sim,gate,1.658054416,1.658071463,0.000017046,280.0000
mixtral-dev251,2,sim,idle,1.658071463,1.679919348,0.021847886,84.0000
mixtral-dev251,2,sim,experts,1.679919348,1.690758727,0.010839379,700.0000
mixtral-dev251,2,sim,idle,1.690758727,1.691542822,0.000784095,84.0000
mixtral-dev251,2,sim,experts,1.691542822,1.701194237,0.009651415,700.0000
mixtral-dev251,2,sim,idle,1.701194237,1.701418936,0.000224698,84.0000
mixtral-dev251,2,sim,experts,1.701418936,1.714900085,0.013481149,700.0000
mixtral-dev251,2,sim,idle,1.714900085,1.736662906,0.021762821,84.0000
mixtral-dev251,2,sim,idle,1.736662906,1.736663063,0.000000157,84.0000
mixtral-dev251,2,sim,addnorm,1.736663063,1.736807072,0.000144010,140.0000
mixtral-dev251,2,sim,idle,1.736807072,1.736807229,0.000000157,84.0000
mixtral-dev251,2,sim,addnorm,1.736807229,1.736809771,0.000002542,140.0000
mixtral-dev251,2,sim,idle,1.736809771,1.736809928,0.000000157,84.0000
mixtral-dev251,2,sim,experts,1.736809928,1.738403906,0.001593978,700.0000
mixtral-dev251,2,sim,idle,1.738403906,1.738516723,0.000112817,84.0000
mixtral-dev251,2,sim,experts,1.738516723,1.741524857,0.003008134,700.0000
mixtral-dev251,2,sim,idle,1.741524857,1.741637675,0.000112817,84.0000
mixtral-dev251,2,sim,addnorm,1.741637675,1.741639759,0.000002084,140.0000
mixtral-dev251,2,sim,idle,1.741639759,1.741639916,0.000000157,84.0000
mixtral-dev251,2,sim,addnorm,1.741639916,1.741932767,0.000292851,140.0000
mixtral-dev251,2,sim,idle,1.741932767,1.741932924,0.000000157,84.0000
mixtral-dev251,2,sim,idle,1.741932924,1.741933081,0.000000157,84.0000
mixtral-dev251,2,sim,gate,1.741933081,1.741936383,0.000003302,280.0000
mixtral-dev251,2,sim,idle,1.741936383,1.743267107,0.001330724,84.0000
mixtral-dev251,2,sim,attention,1.743267107,1.755575073,0.012307966,700.0000
mixtral-dev251,2,sim,idle,1.755575073,1.755575229,0.000000157,84.0000
mixtral-dev251,2,sim,addnorm,1.755575229,1.755719239,0.000144010,140.0000
mixtral-dev251,2,sim,idle,1.755719239,1.755719396,0.000000157,84.0000
mixtral-dev251,2,sim,addnorm,1.755719396,1.755721929,0.000002533,140.0000
mixtral-dev251,2,sim,idle,1.755721929,1.755722086,0.000000157,84.0000
mixtral-dev251,2,sim,gate,1.755722086,1.755759484,0.000037398,280.0000
mixtral-dev251,2,sim,idle,1.755759484,1.755760641,0.000001156,84.0000
mixtral-dev251,2,sim,idle,1.755760641,1.755760798,0.000000157,84.0000
mixtral-dev251,2,sim,gate,1.755760798,1.755777844,0.000017046,280.0000
mixtral-dev251,2,sim,idle,1.755777844,1.764284058,0.008506214,84.0000
mixtral-dev251,2,sim,gate,1.764284058,1.764463111,0.000179053,280.0000
mixtral-dev251,2,sim,idle,1.764463111,1.764463268,0.000000157,84.0000
mixtral-dev251,2,sim,experts,1.764463268,1.823951660,0.059488392,700.0000
mixtral-dev251,2,sim,idle,1.823951660,1.824176358,0.000224698,84.0000
mixtral-dev251,2,sim,experts,1.824176358,1.837657508,0.013481149,700.0000
mixtral-dev251,2,sim,idle,1.837657508,1.837657665,0.000000158,84.0000
mixtral-dev251,2,sim,idle,1.837657665,1.837657822,0.000000157,84.0000
mixtral-dev251,2,sim,gate,1.837657822,1.837750750,0.000092928,280.0000
mixtral-dev251,2,sim,idle,1.837750750,1.837751906,0.000001156,84.0000
mixtral-dev251,2,sim,addnorm,1.837751906,1.837754013,0.000002107,140.0000
mixtral-dev251,2,sim,idle,1.837754013,1.837754170,0.000000157,84.0000
mixtral-dev251,2,sim,addnorm,1.837754170,1.838047021,0.000292851,140.0000
mixtral-dev251,2,sim,idle,1.838047021,1.838047178,0.000000157,84.0000
mixtral-dev251,2,sim,attention,1.838047178,1.862663110,0.024615932,700.0000
mixtral-dev251,2,sim,idle,1.862663110,1.862663267,0.000000158,84.0000
mixtral-dev251,2,sim,addnorm,1.862663267,1.862807277,0.000144010,140.0000
mixtral-dev251,2,sim,idle,1.862807277,1.862807434,0.000000157,84.0000
mixtral-dev251,2,sim,addnorm,1.862807434,1.862809976,0.000002542,140.0000
mixtral-dev251,2,sim,idle,1.862809976,1.862810133,0.000000157,84.0000
mixtral-dev251,2,sim,experts,1.862810133,1.864404110,0.001593978,700.0000
mixtral-dev251,2,sim,idle,1.864404110,1.864516927,0.000112817,84.0000
mixtral-dev251,2,sim,experts,1.864516927,1.867525062,0.003008134,700.0000
mixtral-dev251,2,sim,idle,1.867525062,1.867637879,0.000112817,84.0000
mixtral-dev251,2,sim,addnorm,1.867637879,1.867639964,0.000002084,140.0000
mixtral-dev251,2,sim,idle,1.867639964,1.867640120,0.000000157,84.0000
mixtral-dev251,2,sim,addnorm,1.867640120,1.867932972,0.000292851,140.0000
mixtral-dev251,2,sim,idle,1.867932972,1.867933128,0.000000157,84.0000
mixtral-dev251,2,sim,idle,1.867933128,1.867933285,0.000000157,84.0000
mixtral-dev251,2,sim,gate,1.867933285,1.867936588,0.000003302,280.0000
mixtral-dev251,2,sim,idle,1.867936588,1.890045239,0.022108652,84.0000
mixtral-dev251,2,sim,gate,1.890045239,1.890224292,0.000179053,280.0000
mixtral-dev251,2,sim,idle,1.890224292,1.890224449,0.000000157,84.0000
mixtral-dev251,2,sim,experts,1.890224449,1.909442310,0.019217861,700.0000
mixtral-dev251,2,sim,idle,1.909442310,1.909667008,0.000224698,84.0000
mixtral-dev251,2,sim,experts,1.909667008,1.929446746,0.019779738,700.0000
mixtral-dev251,2,sim,attention,1.929446746,1.941754711,0.012307966,700.0000
mixtral-dev251,2,sim,idle,1.941754711,1.941754868,0.000000157,84.0000
mixtral-dev251,2,sim,addnorm,1.941754868,1.941898878,0.000144010,140.0000
mixtral-dev251,2,sim,idle,1.941898878,1.941899035,0.000000157,84.0000
mixtral-dev251,2,sim,addnorm,1.941899035,1.941901568,0.000002533,140.0000
mixtral-dev251,2,sim,idle,1.941901568,1.941901725,0.000000157,84.0000
mixtral-dev251,2,sim,gate,1.941901725,1.941939123,0.000037398,280.0000
mixtral-dev251,2,sim,idle,1.941939123,1.941940280,0.000001156,84.0000
mixtral-dev251,2,sim,idle,1.941940280,1.941940436,0.000000157,84.0000
mixtral-dev251,2,sim,gate,1.941940436,1.941957483,0.000017046,280.0000
mixtral-dev251,2,sim,idle,1.941957483,1.953365892,0.011408410,84.0000
mixtral-dev251,2,sim,idle,1.953365892,1.953366049,0.000000157,84.0000
mixtral-dev251,2,sim,idle,1.953366049,1.953366206,0.000000157,84.0000
mixtral-dev251,2,sim,gate,1.953366206,1.953459134,0.000092928,280.0000
mixtral-dev251,2,sim,idle,1.953459134,1.953460290,0.000001156,84.0000
mixtral-dev251,2,sim,addnorm,1.953460290,1.953462397,0.000002107,140.0000
mixtral-dev251,2,sim,idle,1.953462397,1.953462553,0.000000157,84.0000
mixtral-dev251,2,sim,addnorm,1.953462553,1.953755405,0.000292851,140.0000
mixtral-dev251,2,sim,idle,1.953755405,1.953755561,0.000000157,84.0000
mixtral-dev251,2,sim,attention,1.953755561,1.978371493,0.024615932,700.0000
mixtral-dev251,2,sim,experts,1.978371493,1.989210872,0.010839379,700.0000
mixtral-dev251,2,sim,idle,1.989210872,1.989994967,0.000784095,84.0000
mixtral-dev251,2,sim,experts,1.989994967,1.999646382,0.009651415,700.0000
mixtral-dev251,2,sim,idle,1.999646382,1.999871081,0.000224698,84.0000
mixtral-dev251,2,sim,experts,1.999871081,2.013352230,0.013481149,700.0000
mixtral-dev251,2,sim,idle,2.013352230,2.035408203,0.022055973,84.0000
mixtral-dev251,2,sim,idle,2.035408203,2.035408360,0.000000157,84.0000
mixtral-dev251,2,sim,addnorm,2.035408360,2.035552370,0.000144010,140.0000
mixtral-dev251,2,sim,idle,2.035552370,2.035552527,0.000000157,84.0000
mixtral-dev251,2,sim,addnorm,2.035552527,2.035555069,0.000002542,140.0000
mixtral-dev251,2,sim,idle,2.035555069,2.035555226,0.000000157,84.0000
mixtral-dev251,2,sim,experts,2.035555226,2.037149203,0.001593978,700.0000
mixtral-dev251,2,sim,idle,2.037149203,2.037262020,0.000112817,84.0000
mixtral-dev251,2,sim,experts,2.037262020,2.040270155,0.003008134,700.0000
mixtral-dev251,2,sim,idle,2.040270155,2.040382972,0.000112817,84.0000
mixtral-dev251,2,sim,addnorm,2.040382972,2.040385057,0.000002084,140.0000
mixtral-dev251,2,sim,idle,2.040385057,2.040385213,0.000000157,84.0000
mixtral-dev251,2,sim,addnorm,2.040385213,2.040678065,0.000292851,140.0000
mixtral-dev251,2,sim,idle,2.040678065,2.040678221,0.000000157,84.0000
mixtral-dev251,2,sim,idle,2.040678221,2.040678378,0.000000157,84.0000
mixtral-dev251,2,sim,gate,2.040678378,2.040681681,0.000003302,280.0000
mixtral-dev251,2,sim,idle,2.040681681,2.062855443,0.022173763,84.0000
mixtral-dev251,2,sim,gate,2.062855443,2.063034496,0.000179053,280.0000
mixtral-dev251,2,sim,idle,2.063034496,2.063034653,0.000000157,84.0000
mixtral-dev251,2,sim,experts,2.063034653,2.082252513,0.019217861,700.0000
mixtral-dev251,2,sim,attention,2.082252513,2.094560479,0.012307966,700.0000
mixtral-dev251,2,sim,experts,2.094560479,2.114340217,0.019779738,700.0000
mixtral-dev251,2,sim,addnorm,2.114340217,2.114484226,0.000144010,140.0000
mixtral-dev251,2,sim,idle,2.114484226,2.114484552,0.000000325,84.0000
mixtral-dev251,2,sim,addnorm,2.114484552,2.114487085,0.000002533,140.0000
mixtral-dev251,2,sim,idle,2.114487085,2.114487434,0.000000349,84.0000
mixtral-dev251,2,sim,gate,2.114487434,2.114524833,0.000037398,280.0000
mixtral-dev251,2,sim,idle,2.114524833,2.114528582,0.000003749,84.0000
mixtral-dev251,2,sim,idle,2.114528582,2.114529179,0.000000598,84.0000
mixtral-dev251,2,sim,gate,2.114529179,2.114546226,0.000017046,280.0000
mixtral-dev251,2,sim,idle,2.114546226,2.142748473,0.028202248,84.0000
mixtral-dev251,2,sim,experts,2.142748473,2.153587852,0.010839379,700.0000
mixtral-dev251,2,sim,idle,2.153587852,2.153588089,0.000000237,84.0000
mixtral-dev251,2,sim,idle,2.153588089,2.153588250,0.000000161,84.0000
mixtral-dev251,2,sim,gate,2.153588250,2.153681178,0.000092928,280.0000
mixtral-dev251,2,sim,idle,2.153681178,2.153685923,0.000004745,84.0000
mixtral-dev251,2,sim,addnorm,2.153685923,2.153688030,0.000002107,140.0000
mixtral-dev251,2,sim,idle,2.153688030,2.153688801,0.000000771,84.0000
mixtral-dev251,2,sim,addnorm,2.153688801,2.153981652,0.000292851,140.0000
mixtral-dev251,2,sim,idle,2.153981652,2.153981836,0.000000184,84.0000
mixtral-dev251,2,sim,attention,2.153981836,2.178597768,0.024615932,700.0000
mixtral-dev251,2,sim,experts,2.178597768,2.188249183,0.009651415,700.0000
mixtral-dev251,2,sim,idle,2.188249183,2.188473882,0.000224698,84.0000
mixtral-dev251,2,sim,experts,2.188473882,2.201955031,0.013481149,700.0000
mixtral-dev251,2,sim,idle,2.201955031,2.223662988,0.021707957,84.0000
mixtral-dev251,2,sim,idle,2.223662988,2.223663145,0.000000157,84.0000
mixtral-dev251,2,sim,addnorm,2.223663145,2.223807155,0.000144010,140.0000
mixtral-dev251,2,sim,idle,2.223807155,2.223807311,0.000000157,84.0000
mixtral-dev251,2,sim,addnorm,2.223807311,2.223809854,0.000002542,140.0000
mixtral-dev251,2,sim,idle,2.223809854,2.223810010,0.000000157,84.0000
mixtral-dev251,2,sim,experts,2.223810010,2.225403988,0.001593978,700.0000
mixtral-dev251,2,sim,idle,2.225403988,2.225516805,0.000112817,84.0000
mixtral-dev251,2,sim,experts,2.225516805,2.228524940,0.003008134,700.0000
mixtral-dev251,2,sim,idle,2.228524940,2.228637757,0.000112817,84.0000
mixtral-dev251,2,sim,addnorm,2.228637757,2.228639841,0.000002084,140.0000
mixtral-dev251,2,sim,idle,2.228639841,2.228639998,0.000000157,84.0000
mixtral-dev251,2,sim,addnorm,2.228639998,2.228932849,0.000292851,140.0000
mixtral-dev251,2,sim,idle,2.228932849,2.228933006,0.000000157,84.0000
mixtral-dev251,2,sim,idle,2.228933006,2.228933163,0.000000157,84.0000
mixtral-dev251,2,sim,gate,2.228933163,2.228936465,0.000003302,280.0000
mixtral-dev251,2,sim,idle,2.228936465,2.251406546,0.022470081,84.0000
mixtral-dev251,2,sim,gate,2.251406546,2.251585599,0.000179053,280.0000
mixtral-dev251,2,sim,idle,2.251585599,2.251585756,0.000000157,84.0000
mixtral-dev251,2,sim,experts,2.251585756,2.270803616,0.019217861,700.0000
mixtral-dev251,2,sim,idle,2.270803616,2.271028315,0.000224698,84.0000
mixtral-dev251,2,sim,experts,2.271028315,2.290808052,0.019779738,700.0000
mixtral-dev251,2,sim,idle,2.290808052,2.308328792,0.017520740,84.0000
mixtral-dev251,2,sim,idle,2.308328792,2.308328949,0.000000157,84.0000
mixtral-dev251,2,sim,idle,2.308328949,2.308329106,0.000000157,84.0000
mixtral-dev251,2,sim,gate,2.308329106,2.308422034,0.000092928,280.0000
mixtral-dev251,2,sim,idle,2.308422034,2.308423190,0.000001156,84.0000
mixtral-dev251,2,sim,addnorm,2.308423190,2.308425297,0.000002107,140.0000
mixtral-dev251,2,sim,idle,2.308425297,2.308425453,0.000000157,84.0000
mixtral-dev251,2,sim,addnorm,2.308425453,2.308718305,0.000292851,140.0000
mixtral-dev251,2,sim,idle,2.308718305,2.308718461,0.000000157,84.0000
mixtral-dev251,2,sim,attention,2.308718461,2.333334393,0.024615932,700.0000
mixtral-dev251,2,sim,idle,2.333334393,2.724806234,0.391471841,84.0000
mixtral-dev251,3,sim,idle,2.724806234,3.007963842,0.283157608,84.0000
mixtral-dev251,3,sim,attention,3.007963842,3.020271808,0.012307966,700.0000
mixtral-dev251,3,sim,idle,3.020271808,3.020271965,0.000000157,84.0000
mixtral-dev251,3,sim,addnorm,3.020271965,3.020415975,0.000144010,140.0000
mixtral-dev251,3,sim,idle,3.020415975,3.020416132,0.000000157,84.0000
mixtral-dev251,3,sim,addnorm,3.020416132,3.020418665,0.000002533,140.0000
mixtral-dev251,3,sim,idle,3.020418665,3.020418822,0.000000157,84.0000
mixtral-dev251,3,sim,gate,3.020418822,3.020456220,0.000037398,280.0000
mixtral-dev251,3,sim,idle,3.020456220,3.020457376,0.000001156,84.0000
mixtral-dev251,3,sim,idle,3.020457376,3.020457533,0.000000157,84.0000
mixtral-dev251,3,sim,gate,3.020457533,3.020474580,0.000017046,280.0000
mixtral-dev251,3,sim,idle,3.020474580,3.042322466,0.021847886,84.0000
mixtral-dev251,3,sim,experts,3.042322466,3.053161844,0.010839379,700.0000
mixtral-dev251,3,sim,idle,3.053161844,3.053945939,0.000784095,84.0000
mixtral-dev251,3,sim,experts,3.053945939,3.063597354,0.009651415,700.0000
mixtral-dev251,3,sim,idle,3.063597354,3.063822053,0.000224698,84.0000
mixtral-dev251,3,sim,experts,3.063822053,3.077303202,0.013481149,700.0000
mixtral-dev251,3,sim,idle,3.077303202,3.099066023,0.021762821,84.0000
mixtral-dev251,3,sim,idle,3.099066023,3.099066180,0.000000157,84.0000
mixtral-dev251,3,sim,addnorm,3.099066180,3.099210189,0.000144010,140.0000
mixtral-dev251,3,sim,idle,3.099210189,3.099210346,0.000000157,84.0000
mixtral-dev251,3,sim,addnorm,3.099210346,3.099212888,0.000002542,140.0000
mixtral-dev251,3,sim,idle,3.099212888,3.099213045,0.000000157,84.0000
mixtral-dev251,3,sim,experts,3.099213045,3.100807023,0.001593978,700.0000
mixtral-dev251,3,sim,idle,3.100807023,3.100919840,0.000112817,84.0000
mixtral-dev251,3,sim,experts,3.100919840,3.103927975,0.003008134,700.0000
mixtral-dev251,3,sim,idle,3.103927975,3.104040792,0.000112817,84.0000
mixtral-dev251,3,sim,addnorm,3.104040792,3.104042876,0.000002084,140.0000
mixtral-dev251,3,sim,idle,3.104042876,3.104043033,0.000000157,84.0000
mixtral-dev251,3,sim,addnorm,3.104043033,3.104335884,0.000292851,140.0000
mixtral-dev251,3,sim,idle,3.104335884,3.104336041,0.000000157,84.0000
mixtral-dev251,3,sim,idle,3.104336041,3.104336198,0.000000157,84.0000
mixtral-dev251,3,sim,gate,3.104336198,3.104339500,0.000003302,280.0000
mixtral-dev251,3,sim,idle,3.104339500,3.105670224,0.001330724,84.0000
mixtral-dev251,3,sim,attention,3.105670224,3.117978190,0.012307966,700.0000
mixtral-dev251,3,sim,idle,3.117978190,3.117978347,0.000000157,84.0000
mixtral-dev251,3,sim,addnorm,3.117978347,3.118122356,0.000144010,140.0000
mixtral-dev251,3,sim,idle,3.118122356,3.118122513,0.000000157,84.0000
mixtral-dev251,3,sim,addnorm,3.118122513,3.118125046,0.000002533,140.0000
mixtral-dev251,3,sim,idle,3.118125046,3.118125203,0.000000157,84.0000
mixtral-dev251,3,sim,gate,3.118125203,3.118162602,0.000037398,280.0000
mixtral-dev251,3,sim,idle,3.118162602,3.118163758,0.000001156,84.0000
mixtral-dev251,3,sim,idle,3.118163758,3.118163915,0.000000157,84.0000
mixtral-dev251,3,sim,gate,3.118163915,3.118180961,0.000017046,280.0000
mixtral-dev251,3,sim,idle,3.118180961,3.126687175,0.008506214,84.0000
mixtral-dev251,3,sim,gate,3.126687175,3.126866228,0.000179053,280.0000
mixtral-dev251,3,sim,idle,3.126866228,3.126866385,0.000000157,84.0000
mixtral-dev251,3,sim,experts,3.126866385,3.186354777,0.059488392,700.0000
mixtral-dev251,3,sim,idle,3.186354777,3.186579475,0.000224698,84.0000
mixtral-dev251,3,sim,experts,3.186579475,3.200060625,0.013481149,700.0000
mixtral-dev251,3,sim,idle,3.200060625,3.200060782,0.000000158,84.0000
mixtral-dev251,3,sim,idle,3.200060782,3.200060939,0.000000157,84.0000
mixtral-dev251,3,sim,gate,3.200060939,3.200153867,0.000092928,280.0000
mixtral-dev251,3,sim,idle,3.200153867,3.200155024,0.000001156,84.0000
mixtral-dev251,3,sim,addnorm,3.200155024,3.200157130,0.000002107,140.0000
mixtral-dev251,3,sim,idle,3.200157130,3.200157287,0.000000157,84.0000
mixtral-dev251,3,sim,addnorm,3.200157287,3.200450138,0.000292851,140.0000
mixtral-dev251,3,sim,idle,3.200450138,3.200450295,0.000000157,84.0000
mixtral-dev251,3,sim,attention,3.200450295,3.225066227,0.024615932,700.0000
mixtral-dev251,3,sim,idle,3.225066227,3.225066384,0.000000158,84.0000
mixtral-dev251,3,sim,addnorm,3.225066384,3.225210394,0.000144010,140.0000
mixtral-dev251,3,sim,idle,3.225210394,3.225210551,0.000000157,84.0000
mixtral-dev251,3,sim,addnorm,3.225210551,3.225213093,0.000002542,140.0000
mixtral-dev251,3,sim,idle,3.225213093,3.225213250,0.000000157,84.0000
mixtral-dev251,3,sim,experts,3.225213250,3.226807227,0.001593978,700.0000
mixtral-dev251,3,sim,idle,3.226807227,3.226920045,0.000112817,84.0000
mixtral-dev251,3,sim,experts,3.226920045,3.229928179,0.003008134,700.0000
mixtral-dev251,3,sim,idle,3.229928179,3.230040996,0.000112817,84.0000
mixtral-dev251,3,sim,addnorm,3.230040996,3.230043081,0.000002084,140.0000
mixtral-dev251,3,sim,idle,3.230043081,3.230043237,0.000000157,84.0000
mixtral-dev251,3,sim,addnorm,3.230043237,3.230336089,0.000292851,140.0000
mixtral-dev251,3,sim,idle,3.230336089,3.230336245,0.000000157,84.0000
mixtral-dev251,3,sim,idle,3.230336245,3.230336402,0.000000157,84.0000
mixtral-dev251,3,sim,gate,3.230336402,3.230339705,0.000003302,280.0000
mixtral-dev251,3,sim,idle,3.230339705,3.252448356,0.022108652,84.0000
mixtral-dev251,3,sim,gate,3.252448356,3.252627409,0.000179053,280.0000
mixtral-dev251,3,sim,idle,3.252627409,3.252627566,0.000000157,84.0000
mixtral-dev251,3,sim,experts,3.252627566,3.271845427,0.019217861,700.0000
mixtral-dev251,3,sim,idle,3.271845427,3.272070125,0.000224698,84.0000
mixtral-dev251,3,sim,experts,3.272070125,3.291849863,0.019779738,700.0000
mixtral-dev251,3,sim,attention,3.291849863,3.304157829,0.012307966,700.0000
mixtral-dev251,3,sim,idle,3.304157829,3.304157985,0.000000157,84.0000
mixtral-dev251,3,sim,addnorm,3.304157985,3.304301995,0.000144010,140.0000
mixtral-dev251,3,sim,idle,3.304301995,3.304302152,0.000000157,84.0000
mixtral-dev251,3,sim,addnorm,3.304302152,3.304304685,0.000002533,140.0000
mixtral-dev251,3,sim,idle,3.304304685,3.304304842,0.000000157,84.0000
mixtral-dev251,3,sim,gate,3.304304842,3.304342240,0.000037398,280.0000
mixtral-dev251,3,sim,idle,3.304342240,3.304343397,0.000001156,84.0000
mixtral-dev251,3,sim,idle,3.304343397,3.304343553,0.000000157,84.0000
mixtral-dev251,3,sim,gate,3.304343553,3.304360600,0.000017046,280.0000
mixtral-dev251,3,sim,idle,3.304360600,3.315769009,0.011408410,84.0000
mixtral-dev251,3,sim,idle,3.315769009,3.315769166,0.000000157,84.0000
mixtral-dev251,3,sim,idle,3.315769166,3.315769323,0.000000157,84.0000
mixtral-dev251,3,sim,gate,3.315769323,3.315862251,0.000092928,280.0000
mixtral-dev251,3,sim,idle,3.315862251,3.315863407,0.000001156,84.0000
mixtral-dev251,3,sim,addnorm,3.315863407,3.315865514,0.000002107,140.0000
mixtral-dev251,3,sim,idle,3.315865514,3.315865671,0.000000157,84.0000
mixtral-dev251,3,sim,addnorm,3.315865671,3.316158522,0.000292851,140.0000
mixtral-dev251,3,sim,idle,3.316158522,3.316158679,0.000000157,84.0000
mixtral-dev251,3,sim,attention,3.316158679,3.340774611,0.024615932,700.0000
mixtral-dev251,3,sim,experts,3.340774611,3.351613989,0.010839379,700.0000
mixtral-dev251,3,sim,idle,3.351613989,3.352398084,0.000784095,84.0000
mixtral-dev251,3,sim,experts,3.352398084,3.362049499,0.009651415,700.0000
mixtral-dev251,3,sim,idle,3.362049499,3.362274198,0.000224698,84.0000
mixtral-dev251,3,sim,experts,3.362274198,3.375755347,0.013481149,700.0000
mixtral-dev251,3,sim,idle,3.375755347,3.397811321,0.022055973,84.0000
mixtral-dev251,3,sim,idle,3.397811321,3.397811477,0.000000157,84.0000
mixtral-dev251,3,sim,addnorm,3.397811477,3.397955487,0.000144010,140.0000
mixtral-dev251,3,sim,idle,3.397955487,3.397955644,0.000000157,84.0000
mixtral-dev251,3,sim,addnorm,3.397955644,3.397958186,0.000002542,140.0000
mixtral-dev251,3,sim,idle,3.397958186,3.397958343,0.000000157,84.0000
mixtral-dev251,3,sim,experts,3.397958343,3.399552320,0.001593978,700.0000
mixtral-dev251,3,sim,idle,3.399552320,3.399665138,0.000112817,84.0000
mixtral-dev251,3,sim,experts,3.399665138,3.402673272,0.003008134,700.0000
mixtral-dev251,3,sim,idle,3.402673272,3.402786089,0.000112817,84.0000
mixtral-dev251,3,sim,addnorm,3.402786089,3.402788174,0.000002084,140.0000
mixtral-dev251,3,sim,idle,3.402788174,3.402788330,0.000000157,84.0000
mixtral-dev251,3,sim,addnorm,3.402788330,3.403081182,0.000292851,140.0000
mixtral-dev251,3,sim,idle,3.403081182,3.403081338,0.000000157,84.0000
mixtral-dev251,3,sim,idle,3.403081338,3.403081495,0.000000157,84.0000
mixtral-dev251,3,sim,gate,3.403081495,3.403084798,0.000003302,280.0000
mixtral-dev251,3,sim,idle,3.403084798,3.425258560,0.022173763,84.0000
mixtral-dev251,3,sim,gate,3.425258560,3.425437613,0.000179053,280.0000
mixtral-dev251,3,sim,idle,3.425437613,3.425437770,0.000000157,84.0000
mixtral-dev251,3,sim,experts,3.425437770,3.444655630,0.019217861,700.0000
mixtral-dev251,3,sim,attention,3.444655630,3.456963596,0.012307966,700.0000
mixtral-dev251,3,sim,experts,3.456963596,3.476743334,0.019779738,700.0000
mixtral-dev251,3,sim,addnorm,3.476743334,3.476887344,0.000144010,140.0000
mixtral-dev251,3,sim,idle,3.476887344,3.476887669,0.000000325,84.0000
mixtral-dev251,3,sim,addnorm,3.476887669,3.476890202,0.000002533,140.0000
mixtral-dev251,3,sim,idle,3.476890202,3.476890551,0.000000349,84.0000
mixtral-dev251,3,sim,gate,3.476890551,3.476927950,0.000037398,280.0000
mixtral-dev251,3,sim,idle,3.476927950,3.476931699,0.000003749,84.0000
mixtral-dev251,3,sim,idle,3.476931699,3.476932296,0.000000598,84.0000
mixtral-dev251,3,sim,gate,3.476932296,3.476949343,0.000017046,280.0000
mixtral-dev251,3,sim,idle,3.476949343,3.505151591,0.028202248,84.0000
mixtral-dev251,3,sim,experts,3.505151591,3.515990970,0.010839379,700.0000
mixtral-dev251,3,sim,idle,3.515990970,3.515991206,0.000000237,84.0000
mixtral-dev251,3,sim,idle,3.515991206,3.515991367,0.000000161,84.0000
mixtral-dev251,3,sim,gate,3.515991367,3.516084295,0.000092928,280.0000
mixtral-dev251,3,sim,idle,3.516084295,3.516089040,0.000004745,84.0000
mixtral-dev251,3,sim,addnorm,3.516089040,3.516091147,0.000002107,140.0000
mixtral-dev251,3,sim,idle,3.516091147,3.516091918,0.000000771,84.0000
mixtral-dev251,3,sim,addnorm,3.516091918,3.516384769,0.000292851,140.0000
mixtral-dev251,3,sim,idle,3.516384769,3.516384953,0.000000184,84.0000
mixtral-dev251,3,sim,attention,3.516384953,3.541000885,0.024615932,700.0000
mixtral-dev251,3,sim,experts,3.541000885,3.550652300,0.009651415,700.0000
mixtral-dev251,3,sim,idle,3.550652300,3.550876999,0.000224698,84.0000
mixtral-dev251,3,sim,experts,3.550876999,3.564358148,0.013481149,700.0000
mixtral-dev251,3,sim,idle,3.564358148,3.586066105,0.021707957,84.0000
mixtral-dev251,3,sim,idle,3.586066105,3.586066262,0.000000157,84.0000
mixtral-dev251,3,sim,addnorm,3.586066262,3.586210272,0.000144010,140.0000
mixtral-dev251,3,sim,idle,3.586210272,3.586210429,0.000000157,84.0000
mixtral-dev251,3,sim,addnorm,3.586210429,3.586212971,0.000002542,140.0000
mixtral-dev251,3,sim,idle,3.586212971,3.586213127,0.000000157,84.0000
mixtral-dev251,3,sim,experts,3.586213127,3.587807105,0.001593978,700.0000
mixtral-dev251,3,sim,idle,3.587807105,3.587919922,0.000112817,84.0000
mixtral-dev251,3,sim,experts,3.587919922,3.590928057,0.003008134,700.0000
mixtral-dev251,3,sim,idle,3.590928057,3.591040874,0.000112817,84.0000
mixtral-dev251,3,sim,addnorm,3.591040874,3.591042958,0.000002084,140.0000
mixtral-dev251,3,sim,idle,3.591042958,3.591043115,0.000000157,84.0000
mixtral-dev251,3,sim,addnorm,3.591043115,3.591335966,0.000292851,140.0000
mixtral-dev251,3,sim,idle,3.591335966,3.591336123,0.000000157,84.0000
mixtral-dev251,3,sim,idle,3.591336123,3.591336280,0.000000157,84.0000
mixtral-dev251,3,sim,gate,3.591336280,3.591339582,0.000003302,280.0000
mixtral-dev251,3,sim,idle,3.591339582,3.613809663,0.022470081,84.0000
mixtral-dev251,3,sim,gate,3.613809663,3.613988716,0.000179053,280.0000
mixtral-dev251,3,sim,idle,3.613988716,3.613988873,0.000000157,84.0000
mixtral-dev251,3,sim,experts,3.613988873,3.633206733,0.019217861,700.0000
mixtral-dev251,3,sim,idle,3.633206733,3.633431432,0.000224698,84.0000
mixtral-dev251,3,sim,experts,3.633431432,3.653211169,0.019779738,700.0000
mixtral-dev251,3,sim,idle,3.653211169,3.670731909,0.017520740,84.0000
mixtral-dev251,3,sim,idle,3.670731909,3.670732066,0.000000157,84.0000
mixtral-dev251,3,sim,idle,3.670732066,3.670732223,0.000000157,84.0000
mixtral-dev251,3,sim,gate,3.670732223,3.670825151,0.000092928,280.0000
mixtral-dev251,3,sim,idle,3.670825151,3.670826307,0.000001156,84.0000
mixtral-dev251,3,sim,addnorm,3.670826307,3.670828414,0.000002107,140.0000
mixtral-dev251,3,sim,idle,3.670828414,3.670828570,0.000000157,84.0000
mixtral-dev251,3,sim,addnorm,3.670828570,3.671121422,0.000292851,140.0000
mixtral-dev251,3,sim,idle,3.671121422,3.671121578,0.000000157,84.0000
mixtral-dev251,3,sim,attention,3.671121578,3.695737510,0.024615932,700.0000
mixtral-dev251,3,sim,idle,3.695737510,4.087209351,0.391471841,84.0000
mixtral-dev251,4,sim,idle,4.087209351,4.370366960,0.283157608,84.0000
mixtral-dev251,4,sim,attention,4.370366960,4.382674926,0.012307966,700.0000
mixtral-dev251,4,sim,idle,4.382674926,4.382675082,0.000000157,84.0000
mixtral-dev251,4,sim,addnorm,4.382675082,4.382819092,0.000144010,140.0000
mixtral-dev251,4,sim,idle,4.382819092,4.382819249,0.000000157,84.0000
mixtral-dev251,4,sim,addnorm,4.382819249,4.382821782,0.000002533,140.0000
mixtral-dev251,4,sim,idle,4.382821782,4.382821939,0.000000157,84.0000
mixtral-dev251,4,sim,gate,4.382821939,4.382859337,0.000037398,280.0000
mixtral-dev251,4,sim,idle,4.382859337,4.382860494,0.000001156,84.0000
mixtral-dev251,4,sim,idle,4.382860494,4.382860650,0.000000157,84.0000
mixtral-dev251,4,sim,gate,4.382860650,4.382877697,0.000017046,280.0000
mixtral-dev251,4,sim,idle,4.382877697,4.404725583,0.021847886,84.0000
mixtral-dev251,4,sim,experts,4.404725583,4.415564962,0.010839379,700.0000
mixtral-dev251,4,sim,idle,4.415564962,4.416349056,0.000784095,84.0000
mixtral-dev251,4,sim,experts,4.416349056,4.426000471,0.009651415,700.0000
mixtral-dev251,4,sim,idle,4.426000471,4.426225170,0.000224698,84.0000
mixtral-dev251,4,sim,experts,4.426225170,4.439706319,0.013481149,700.0000
mixtral-dev251,4,sim,idle,4.439706319,4.461469140,0.021762821,84.0000
mixtral-dev251,4,sim,idle,4.461469140,4.461469297,0.000000157,84.0000
mixtral-dev251,4,sim,addnorm,4.461469297,4.461613307,0.000144010,140.0000
mixtral-dev251,4,sim,idle,4.461613307,4.461613463,0.000000157,84.0000
mixtral-dev251,4,sim,addnorm,4.461613463,4.461616005,0.000002542,140.0000
mixtral-dev251,4,sim,idle,4.461616005,4.461616162,0.000000157,84.0000
mixtral-dev251,4,sim,experts,4.461616162,4.463210140,0.001593978,700.0000
mixtral-dev251,4,sim,idle,4.463210140,4.463322957,0.000112817,84.0000
mixtral-dev251,4,sim,experts,4.463322957,4.466331092,0.003008134,700.0000
mixtral-dev251,4,sim,idle,4.466331092,4.466443909,0.000112817,84.0000
mixtral-dev251,4,sim,addnorm,4.466443909,4.466445993,0.000002084,140.0000
mixtral-dev251,4,sim,idle,4.466445993,4.466446150,0.000000157,84.0000
mixtral-dev251,4,sim,addnorm,4.466446150,4.466739001,0.000292851,140.0000
mixtral-dev251,4,sim,idle,4.466739001,4.466739158,0.000000157,84.0000
mixtral-dev251,4,sim,idle,4.466739158,4.466739315,0.000000157,84.0000
mixtral-dev251,4,sim,gate,4.466739315,4.466742617,0.000003302,280.0000
mixtral-dev251,4,sim,idle,4.466742617,4.468073341,0.001330724,84.0000
mixtral-dev251,4,sim,attention,4.468073341,4.480381307,0.012307966,700.0000
mixtral-dev251,4,sim,idle,4.480381307,4.480381464,0.000000157,84.0000
mixtral-dev251,4,sim,addnorm,4.480381464,4.480525473,0.000144010,140.0000
mixtral-dev251,4,sim,idle,4.480525473,4.480525630,0.000000157,84.0000
mixtral-dev251,4,sim,addnorm,4.480525630,4.480528164,0.000002533,140.0000
mixtral-dev251,4,sim,idle,4.480528164,4.480528320,0.000000157,84.0000
mixtral-dev251,4,sim,gate,4.480528320,4.480565719,0.000037398,280.0000
mixtral-dev251,4,sim,idle,4.480565719,4.480566875,0.000001156,84.0000
mixtral-dev251,4,sim,idle,4.480566875,4.480567032,0.000000157,84.0000
mixtral-dev251,4,sim,gate,4.480567032,4.480584078,0.000017046,280.0000
mixtral-dev251,4,sim,idle,4.480584078,4.489090292,0.008506214,84.0000
mixtral-dev251,4,sim,gate,4.489090292,4.489269345,0.000179053,280.0000
mixtral-dev251,4,sim,idle,4.489269345,4.489269502,0.000000157,84.0000
mixtral-dev251,4,sim,experts,4.489269502,4.548757894,0.059488392,700.0000
mixtral-dev251,4,sim,idle,4.548757894,4.548982593,0.000224698,84.0000
mixtral-dev251,4,sim,experts,4.548982593,4.562463742,0.013481149,700.0000
mixtral-dev251,4,sim,idle,4.562463742,4.562463900,0.000000158,84.0000
mixtral-dev251,4,sim,idle,4.562463900,4.562464056,0.000000157,84.0000
mixtral-dev251,4,sim,gate,4.562464056,4.562556984,0.000092928,280.0000
mixtral-dev251,4,sim,idle,4.562556984,4.562558141,0.000001156,84.0000
mixtral-dev251,4,sim,addnorm,4.562558141,4.562560247,0.000002107,140.0000
mixtral-dev251,4,sim,idle,4.562560247,4.562560404,0.000000157,84.0000
mixtral-dev251,4,sim,addnorm,4.562560404,4.562853255,0.000292851,140.0000
mixtral-dev251,4,sim,idle,4.562853255,4.562853412,0.000000157,84.0000
mixtral-dev251,4,sim,attention,4.562853412,4.587469344,0.024615932,700.0000
mixtral-dev251,4,sim,idle,4.587469344,4.587469501,0.000000158,84.0000
mixtral-dev251,4,sim,addnorm,4.587469501,4.587613511,0.000144010,140.0000
mixtral-dev251,4,sim,idle,4.587613511,4.587613668,0.000000157,84.0000
mixtral-dev251,4,sim,addnorm,4.587613668,4.587616210,0.000002542,140.0000
mixtral-dev251,4,sim,idle,4.587616210,4.587616367,0.000000157,84.0000
mixtral-dev251,4,sim,experts,4.587616367,4.589210344,0.001593978,700.0000
mixtral-dev251,4,sim,idle,4.589210344,4.589323162,0.000112817,84.0000
mixtral-dev251,4,sim,experts,4.589323162,4.592331296,0.003008134,700.0000
mixtral-dev251,4,sim,idle,4.592331296,4.592444113,0.000112817,84.0000
mixtral-dev251,4,sim,addnorm,4.592444113,4.592446198,0.000002084,140.0000
mixtral-dev251,4,sim,idle,4.592446198,4.592446355,0.000000157,84.0000
mixtral-dev251,4,sim,addnorm,4.592446355,4.592739206,0.000292851,140.0000
mixtral-dev251,4,sim,idle,4.592739206,4.592739363,0.000000157,84.0000
mixtral-dev251,4,sim,idle,4.592739363,4.592739519,0.000000157,84.0000
mixtral-dev251,4,sim,gate,4.592739519,4.592742822,0.000003302,280.0000
mixtral-dev251,4,sim,idle,4.592742822,4.614851474,0.022108652,84.0000
mixtral-dev251,4,sim,gate,4.614851474,4.615030526,0.000179053,280.0000
mixtral-dev251,4,sim,idle,4.615030526,4.615030683,0.000000157,84.0000
mixtral-dev251,4,sim,experts,4.615030683,4.634248544,0.019217861,700.0000
mixtral-dev251,4,sim,idle,4.634248544,4.634473242,0.000224698,84.0000
mixtral-dev251,4,sim,experts,4.634473242,4.654252980,0.019779738,700.0000
mixtral-dev251,4,sim,attention,4.654252980,4.666560946,0.012307966,700.0000
mixtral-dev251,4,sim,idle,4.666560946,4.666561102,0.000000157,84.0000
mixtral-dev251,4,sim,addnorm,4.666561102,4.666705112,0.000144010,140.0000
mixtral-dev251,4,sim,idle,4.666705112,4.666705269,0.000000157,84.0000
mixtral-dev251,4,sim,addnorm,4.666705269,4.666707802,0.000002533,140.0000
mixtral-dev251,4,sim,idle,4.666707802,4.666707959,0.000000157,84.0000
mixtral-dev251,4,sim,gate,4.666707959,4.666745358,0.000037398,280.0000
mixtral-dev251,4,sim,idle,4.666745358,4.666746514,0.000001156,84.0000
mixtral-dev251,4,sim,idle,4.666746514,4.666746671,0.000000157,84.0000
mixtral-dev251,4,sim,gate,4.666746671,4.666763717,0.000017046,280.0000
mixtral-dev251,4,sim,idle,4.666763717,4.678172126,0.011408410,84.0000
mixtral-dev251,4,sim,idle,4.678172126,4.678172283,0.000000157,84.0000
mixtral-dev251,4,sim,idle,4.678172283,4.678172440,0.000000157,84.0000
mixtral-dev251,4,sim,gate,4.678172440,4.678265368,0.000092928,280.0000
mixtral-dev251,4,sim,idle,4.678265368,4.678266524,0.000001156,84.0000
mixtral-dev251,4,sim,addnorm,4.678266524,4.678268631,0.000002107,140.0000
mixtral-dev251,4,sim,idle,4.678268631,4.678268788,0.000000157,84.0000
mixtral-dev251,4,sim,addnorm,4.678268788,4.678561639,0.000292851,140.0000
mixtral-dev251,4,sim,idle,4.678561639,4.678561796,0.000000157,84.0000
mixtral-dev251,4,sim,attention,4.678561796,4.703177728,0.024615932,700.0000
mixtral-dev251,4,sim,experts,4.703177728,4.714017107,0.010839379,700.0000
mixtral-dev251,4,sim,idle,4.714017107,4.714801201,0.000784095,84.0000
mixtral-dev251,4,sim,experts,4.714801201,4.724452616,0.009651415,700.0000
mixtral-dev251,4,sim,idle,4.724452616,4.724677315,0.000224698,84.0000
mixtral-dev251,4,sim,experts,4.724677315,4.738158464,0.013481149,700.0000
mixtral-dev251,4,sim,idle,4.738158464,4.760214438,0.022055973,84.0000
mixtral-dev251,4,sim,idle,4.760214438,4.760214594,0.000000157,84.0000
mixtral-dev251,4,sim,addnorm,4.760214594,4.760358604,0.000144010,140.0000
mixtral-dev251,4,sim,idle,4.760358604,4.760358761,0.000000157,84.0000
mixtral-dev251,4,sim,addnorm,4.760358761,4.760361303,0.000002542,140.0000
mixtral-dev251,4,sim,idle,4.760361303,4.760361460,0.000000157,84.0000
mixtral-dev251,4,sim,experts,4.760361460,4.761955437,0.001593978,700.0000
mixtral-dev251,4,sim,idle,4.761955437,4.762068255,0.000112817,84.0000
mixtral-dev251,4,sim,experts,4.762068255,4.765076389,0.003008134,700.0000
mixtral-dev251,4,sim,idle,4.765076389,4.765189206,0.000112817,84.0000
mixtral-dev251,4,sim,addnorm,4.765189206,4.765191291,0.000002084,140.0000
mixtral-dev251,4,sim,idle,4.765191291,4.765191448,0.000000157,84.0000
mixtral-dev251,4,sim,addnorm,4.765191448,4.765484299,0.000292851,140.0000
mixtral-dev251,4,sim,idle,4.765484299,4.765484456,0.000000157,84.0000
mixtral-dev251,4,sim,idle,4.765484456,4.765484612,0.000000157,84.0000
mixtral-dev251,4,sim,gate,4.765484612,4.765487915,0.000003302,280.0000
mixtral-dev251,4,sim,idle,4.765487915,4.787661677,0.022173763,84.0000
mixtral-dev251,4,sim,gate,4.787661677,4.787840730,0.000179053,280.0000
mixtral-dev251,4,sim,idle,4.787840730,4.787840887,0.000000157,84.0000
mixtral-dev251,4,sim,experts,4.787840887,4.807058748,0.019217861,700.0000
mixtral-dev251,4,sim,attention,4.807058748,4.819366713,0.012307966,700.0000
mixtral-dev251,4,sim,experts,4.819366713,4.839146451,0.019779738,700.0000
mixtral-dev251,4,sim,addnorm,4.839146451,4.839290461,0.000144010,140.0000
mixtral-dev251,4,sim,idle,4.839290461,4.839290786,0.000000325,84.0000
mixtral-dev251,4,sim,addnorm,4.839290786,4.839293320,0.000002533,140.0000
mixtral-dev251,4,sim,idle,4.839293320,4.839293668,0.000000349,84.0000
mixtral-dev251,4,sim,gate,4.839293668,4.839331067,0.000037398,280.0000
mixtral-dev251,4,sim,idle,4.839331067,4.839334816,0.000003749,84.0000
mixtral-dev251,4,sim,idle,4.839334816,4.839335413,0.000000598,84.0000
mixtral-dev251,4,sim,gate,4.839335413,4.839352460,0.000017046,280.0000
mixtral-dev251,4,sim,idle,4.839352460,4.867554708,0.028202248,84.0000
mixtral-dev251,4,sim,experts,4.867554708,4.878394087,0.010839379,700.0000
mixtral-dev251,4,sim,idle,4.878394087,4.878394323,0.000000237,84.0000
mixtral-dev251,4,sim,idle,4.878394323,4.878394484,0.000000161,84.0000
mixtral-dev251,4,sim,gate,4.878394484,4.878487412,0.000092928,280.0000
mixtral-dev251,4,sim,idle,4.878487412,4.878492157,0.000004745,84.0000
mixtral-dev251,4,sim,addnorm,4.878492157,4.878494264,0.000002107,140.0000
mixtral-dev251,4,sim,idle,4.878494264,4.878495035,0.000000771,84.0000
mixtral-dev251,4,sim,addnorm,4.878495035,4.878787886,0.000292851,140.0000
mixtral-dev251,4,sim,idle,4.878787886,4.878788070,0.000000184,84.0000
mixtral-dev251,4,sim,attention,4.878788070,4.903404002,0.024615932,700.0000
mixtral-dev251,4,sim,experts,4.903404002,4.913055417,0.009651415,700.0000
mixtral-dev251,4,sim,idle,4.913055417,4.913280116,0.000224698,84.0000
mixtral-dev251,4,sim,experts,4.913280116,4.926761265,0.013481149,700.0000
mixtral-dev251,4,sim,idle,4.926761265,4.948469222,0.021707957,84.0000
mixtral-dev251,4,sim,idle,4.948469222,4.948469379,0.000000157,84.0000
mixtral-dev251,4,sim,addnorm,4.948469379,4.948613389,0.000144010,140.0000
mixtral-dev251,4,sim,idle,4.948613389,4.948613546,0.000000157,84.0000
mixtral-dev251,4,sim,addnorm,4.948613546,4.948616088,0.000002542,140.0000
mixtral-dev251,4,sim,idle,4.948616088,4.948616245,0.000000157,84.0000
mixtral-dev251,4,sim,experts,4.948616245,4.950210222,0.001593978,700.0000
mixtral-dev251,4,sim,idle,4.950210222,4.950323039,0.000112817,84.0000
mixtral-dev251,4,sim,experts,4.950323039,4.953331174,0.003008134,700.0000
mixtral-dev251,4,sim,idle,4.953331174,4.953443991,0.000112817,84.0000
mixtral-dev251,4,sim,addnorm,4.953443991,4.953446076,0.000002084,140.0000
mixtral-dev251,4,sim,idle,4.953446076,4.953446232,0.000000157,84.0000
mixtral-dev251,4,sim,addnorm,4.953446232,4.953739084,0.000292851,140.0000
mixtral-dev251,4,sim,idle,4.953739084,4.953739240,0.000000157,84.0000
mixtral-dev251,4,sim,idle,4.953739240,4.953739397,0.000000157,84.0000
mixtral-dev251,4,sim,gate,4.953739397,4.953742700,0.000003302,280.0000
mixtral-dev251,4,sim,idle,4.953742700,4.976212780,0.022470081,84.0000
mixtral-dev251,4,sim,gate,4.976212780,4.976391833,0.000179053,280.0000
mixtral-dev251,4,sim,idle,4.976391833,4.976391990,0.000000157,84.0000
mixtral-dev251,4,sim,experts,4.976391990,4.995609851,0.019217861,700.0000
mixtral-dev251,4,sim,idle,4.995609851,4.995834549,0.000224698,84.0000
mixtral-dev251,4,sim,experts,4.995834549,5.015614287,0.019779738,700.0000
mixtral-dev251,4,sim,idle,5.015614287,5.033135026,0.017520740,84.0000
mixtral-dev251,4,sim,idle,5.033135026,5.033135183,0.000000157,84.0000
mixtral-dev251,4,sim,idle,5.033135183,5.033135340,0.000000157,84.0000
mixtral-dev251,4,sim,gate,5.033135340,5.033228268,0.000092928,280.0000
mixtral-dev251,4,sim,idle,5.033228268,5.033229424,0.000001156,84.0000
mixtral-dev251,4,sim,addnorm,5.033229424,5.033231531,0.000002107,140.0000
mixtral-dev251,4,sim,idle,5.033231531,5.033231688,0.000000157,84.0000
mixtral-dev251,4,sim,addnorm,5.033231688,5.033524539,0.000292851,140.0000
mixtral-dev251,4,sim,idle,5.033524539,5.033524696,0.000000157,84.0000
mixtral-dev251,4,sim,attention,5.033524696,5.058140627,0.024615932,700.0000
mixtral-dev251,4,sim,idle,5.058140627,5.449612468,0.391471841,84.0000
mixtral-dev251,5,sim,idle,5.449612468,5.732770077,0.283157608,84.0000
mixtral-dev251,5,sim,attention,5.732770077,5.745078043,0.012307966,700.0000
mixtral-dev251,5,sim,idle,5.745078043,5.745078199,0.000000157,84.0000
mixtral-dev251,5,sim,addnorm,5.745078199,5.745222209,0.000144010,140.0000
mixtral-dev251,5,sim,idle,5.745222209,5.745222366,0.000000157,84.0000
mixtral-dev251,5,sim,addnorm,5.745222366,5.745224899,0.000002533,140.0000
mixtral-dev251,5,sim,idle,5.745224899,5.745225056,0.000000157,84.0000
mixtral-dev251,5,sim,gate,5.745225056,5.745262454,0.000037398,280.0000
mixtral-dev251,5,sim,idle,5.745262454,5.745263611,0.000001156,84.0000
mixtral-dev251,5,sim,idle,5.745263611,5.745263768,0.000000157,84.0000
mixtral-dev251,5,sim,gate,5.745263768,5.745280814,0.000017046,280.0000
mixtral-dev251,5,sim,idle,5.745280814,5.767128700,0.021847886,84.0000
mixtral-dev251,5,sim,experts,5.767128700,5.777968079,0.010839379,700.0000
mixtral-dev251,5,sim,idle,5.777968079,5.778752173,0.000784095,84.0000
mixtral-dev251,5,sim,experts,5.778752173,5.788403589,0.009651415,700.0000
mixtral-dev251,5,sim,idle,5.788403589,5.788628287,0.000224698,84.0000
mixtral-dev251,5,sim,experts,5.788628287,5.802109436,0.013481149,700.0000
mixtral-dev251,5,sim,idle,5.802109436,5.823872257,0.021762821,84.0000
mixtral-dev251,5,sim,idle,5.823872257,5.823872414,0.000000157,84.0000
mixtral-dev251,5,sim,addnorm,5.823872414,5.824016424,0.000144010,140.0000
mixtral-dev251,5,sim,idle,5.824016424,5.824016581,0.000000157,84.0000
mixtral-dev251,5,sim,addnorm,5.824016581,5.824019123,0.000002542,140.0000
mixtral-dev251,5,sim,idle,5.824019123,5.824019279,0.000000157,84.0000
mixtral-dev251,5,sim,experts,5.824019279,5.825613257,0.001593978,700.0000
mixtral-dev251,5,sim,idle,5.825613257,5.825726074,0.000112817,84.0000
mixtral-dev251,5,sim,experts,5.825726074,5.828734209,0.003008134,700.0000
mixtral-dev251,5,sim,idle,5.828734209,5.828847026,0.000112817,84.0000
mixtral-dev251,5,sim,addnorm,5.828847026,5.828849110,0.000002084,140.0000
mixtral-dev251,5,sim,idle,5.828849110,5.828849267,0.000000157,84.0000
mixtral-dev251,5,sim,addnorm,5.828849267,5.829142118,0.000292851,140.0000
mixtral-dev251,5,sim,idle,5.829142118,5.829142275,0.000000157,84.0000
mixtral-dev251,5,sim,idle,5.829142275,5.829142432,0.000000157,84.0000
mixtral-dev251,5,sim,gate,5.829142432,5.829145734,0.000003302,280.0000
mixtral-dev251,5,sim,idle,5.829145734,5.830476458,0.001330724,84.0000
mixtral-dev251,5,sim,attention,5.830476458,5.842784424,0.012307966,700.0000
mixtral-dev251,5,sim,idle,5.842784424,5.842784581,0.000000157,84.0000
mixtral-dev251,5,sim,addnorm,5.842784581,5.842928590,0.000144010,140.0000
mixtral-dev251,5,sim,idle,5.842928590,5.842928747,0.000000157,84.0000
mixtral-dev251,5,sim,addnorm,5.842928747,5.842931281,0.000002533,140.0000
mixtral-dev251,5,sim,idle,5.842931281,5.842931437,0.000000157,84.0000
mixtral-dev251,5,sim,gate,5.842931437,5.842968836,0.000037398,280.0000
mixtral-dev251,5,sim,idle,5.842968836,5.842969992,0.000001156,84.0000
mixtral-dev251,5,sim,idle,5.842969992,5.842970149,0.000000157,84.0000
mixtral-dev251,5,sim,gate,5.842970149,5.842987195,0.000017046,280.0000
mixtral-dev251,5,sim,idle,5.842987195,5.851493409,0.008506214,84.0000
mixtral-dev251,5,sim,gate,5.851493409,5.851672462,0.000179053,280.0000
mixtral-dev251,5,sim,idle,5.851672462,5.851672619,0.000000157,84.0000
mixtral-dev251,5,sim,experts,5.851672619,5.911161011,0.059488392,700.0000
mixtral-dev251,5,sim,idle,5.911161011,5.911385710,0.000224698,84.0000
mixtral-dev251,5,sim,experts,5.911385710,5.924866859,0.013481149,700.0000
mixtral-dev251,5,sim,idle,5.924866859,5.924867017,0.000000158,84.0000
mixtral-dev251,5,sim,idle,5.924867017,5.924867173,0.000000157,84.0000
mixtral-dev251,5,sim,gate,5.924867173,5.924960101,0.000092928,280.0000
mixtral-dev251,5,sim,idle,5.924960101,5.924961258,0.000001156,84.0000
mixtral-dev251,5,sim,addnorm,5.924961258,5.924963364,0.000002107,140.0000
mixtral-dev251,5,sim,idle,5.924963364,5.924963521,0.000000157,84.0000
mixtral-dev251,5,sim,addnorm,5.924963521,5.925256372,0.000292851,140.0000
mixtral-dev251,5,sim,idle,5.925256372,5.925256529,0.000000157,84.0000
mixtral-dev251,5,sim,attention,5.925256529,5.949872461,0.024615932,700.0000
mixtral-dev251,5,sim,idle,5.949872461,5.949872619,0.000000158,84.0000
mixtral-dev251,5,sim,addnorm,5.949872619,5.950016628,0.000144010,140.0000
mixtral-dev251,5,sim,idle,5.950016628,5.950016785,0.000000157,84.0000
mixtral-dev251,5,sim,addnorm,5.950016785,5.950019327,0.000002542,140.0000
mixtral-dev251,5,sim,idle,5.950019327,5.950019484,0.000000157,84.0000
mixtral-dev251,5,sim,experts,5.950019484,5.951613462,0.001593978,700.0000
mixtral-dev251,5,sim,idle,5.951613462,5.951726279,0.000112817,84.0000
mixtral-dev251,5,sim,experts,5.951726279,5.954734413,0.003008134,700.0000
mixtral-dev251,5,sim,idle,5.954734413,5.954847230,0.000112817,84.0000
mixtral-dev251,5,sim,addnorm,5.954847230,5.954849315,0.000002084,140.0000
mixtral-dev251,5,sim,idle,5.954849315,5.954849472,0.000000157,84.0000
mixtral-dev251,5,sim,addnorm,5.954849472,5.955142323,0.000292851,140.0000
mixtral-dev251,5,sim,idle,5.955142323,5.955142480,0.000000157,84.0000
mixtral-dev251,5,sim,idle,5.955142480,5.955142636,0.000000157,84.0000
mixtral-dev251,5,sim,gate,5.955142636,5.955145939,0.000003302,280.0000
mixtral-dev251,5,sim,idle,5.955145939,5.977254591,0.022108652,84.0000
mixtral-dev251,5,sim,gate,5.977254591,5.977433643,0.000179053,280.0000
mixtral-dev251,5,sim,idle,5.977433643,5.977433800,0.000000157,84.0000
mixtral-dev251,5,sim,experts,5.977433800,5.996651661,0.019217861,700.0000
mixtral-dev251,5,sim,idle,5.996651661,5.996876359,0.000224698,84.0000
mixtral-dev251,5,sim,experts,5.996876359,6.016656097,0.019779738,700.0000
mixtral-dev251,5,sim,attention,6.016656097,6.028964063,0.012307966,700.0000
mixtral-dev251,5,sim,idle,6.028964063,6.028964220,0.000000157,84.0000
mixtral-dev251,5,sim,addnorm,6.028964220,6.029108229,0.000144010,140.0000
mixtral-dev251,5,sim,idle,6.029108229,6.029108386,0.000000157,84.0000
mixtral-dev251,5,sim,addnorm,6.029108386,6.029110919,0.000002533,140.0000
mixtral-dev251,5,sim,idle,6.029110919,6.029111076,0.000000157,84.0000
mixtral-dev251,5,sim,gate,6.029111076,6.029148475,0.000037398,280.0000
mixtral-dev251,5,sim,idle,6.029148475,6.029149631,0.000001156,84.0000
mixtral-dev251,5,sim,idle,6.029149631,6.029149788,0.000000157,84.0000
mixtral-dev251,5,sim,gate,6.029149788,6.029166834,0.000017046,280.0000
mixtral-dev251,5,sim,idle,6.029166834,6.040575244,0.011408410,84.0000
mixtral-dev251,5,sim,idle,6.040575244,6.040575400,0.000000157,84.0000
mixtral-dev251,5,sim,idle,6.040575400,6.040575557,0.000000157,84.0000
mixtral-dev251,5,sim,gate,6.040575557,6.040668485,0.000092928,280.0000
mixtral-dev251,5,sim,idle,6.040668485,6.040669641,0.000001156,84.0000
mixtral-dev251,5,sim,addnorm,6.040669641,6.040671748,0.000002107,140.0000
mixtral-dev251,5,sim,idle,6.040671748,6.040671905,0.000000157,84.0000
mixtral-dev251,5,sim,addnorm,6.040671905,6.040964756,0.000292851,140.0000
mixtral-dev251,5,sim,idle,6.040964756,6.040964913,0.000000157,84.0000
mixtral-dev251,5,sim,attention,6.040964913,6.065580845,0.024615932,700.0000
mixtral-dev251,5,sim,experts,6.065580845,6.076420224,0.010839379,700.0000
mixtral-dev251,5,sim,idle,6.076420224,6.077204318,0.000784095,84.0000
mixtral-dev251,5,sim,experts,6.077204318,6.086855734,0.009651415,700.0000
mixtral-dev251,5,sim,idle,6.086855734,6.087080432,0.000224698,84.0000
mixtral-dev251,5,sim,experts,6.087080432,6.100561581,0.013481149,700.0000
mixtral-dev251,5,sim,idle,6.100561581,6.122617555,0.022055973,84.0000
mixtral-dev251,5,sim,idle,6.122617555,6.122617712,0.000000157,84.0000
mixtral-dev251,5,sim,addnorm,6.122617712,6.122761721,0.000144010,140.0000
mixtral-dev251,5,sim,idle,6.122761721,6.122761878,0.000000157,84.0000
mixtral-dev251,5,sim,addnorm,6.122761878,6.122764420,0.000002542,140.0000
mixtral-dev251,5,sim,idle,6.122764420,6.122764577,0.000000157,84.0000
mixtral-dev251,5,sim,experts,6.122764577,6.124358555,0.001593978,700.0000
mixtral-dev251,5,sim,idle,6.124358555,6.124471372,0.000112817,84.0000
mixtral-dev251,5,sim,experts,6.124471372,6.127479506,0.003008134,700.0000
mixtral-dev251,5,sim,idle,6.127479506,6.127592323,0.000112817,84.0000
mixtral-dev251,5,sim,addnorm,6.127592323,6.127594408,0.000002084,140.0000
mixtral-dev251,5,sim,idle,6.127594408,6.127594565,0.000000157,84.0000
mixtral-dev251,5,sim,addnorm,6.127594565,6.127887416,0.000292851,140.0000
mixtral-dev251,5,sim,idle,6.127887416,6.127887573,0.000000157,84.0000
mixtral-dev251,5,sim,idle,6.127887573,6.127887729,0.000000157,84.0000
mixtral-dev251,5,sim,gate,6.127887729,6.127891032,0.000003302,280.0000
mixtral-dev251,5,sim,idle,6.127891032,6.150064794,0.022173763,84.0000
mixtral-dev251,5,sim,gate,6.150064794,6.150243847,0.000179053,280.0000
mixtral-dev251,5,sim,idle,6.150243847,6.150244004,0.000000157,84.0000
mixtral-dev251,5,sim,experts,6.150244004,6.169461865,0.019217861,700.0000
mixtral-dev251,5,sim,attention,6.169461865,6.181769831,0.012307966,700.0000
mixtral-dev251,5,sim,experts,6.181769831,6.201549568,0.019779738,700.0000
mixtral-dev251,5,sim,addnorm,6.201549568,6.201693578,0.000144010,140.0000
mixtral-dev251,5,sim,idle,6.201693578,6.201693903,0.000000325,84.0000
mixtral-dev251,5,sim,addnorm,6.201693903,6.201696437,0.000002533,140.0000
mixtral-dev251,5,sim,idle,6.201696437,6.201696786,0.000000349,84.0000
mixtral-dev251,5,sim,gate,6.201696786,6.201734184,0.000037398,280.0000
mixtral-dev251,5,sim,idle,6.201734184,6.201737933,0.000003749,84.0000
mixtral-dev251,5,sim,idle,6.201737933,6.201738531,0.000000598,84.0000
mixtral-dev251,5,sim,gate,6.201738531,6.201755577,0.000017046,280.0000
mixtral-dev251,5,sim,idle,6.201755577,6.229957825,0.028202248,84.0000
mixtral-dev251,5,sim,experts,6.229957825,6.240797204,0.010839379,700.0000
mixtral-dev251,5,sim,idle,6.240797204,6.240797440,0.000000237,84.0000
mixtral-dev251,5,sim,idle,6.240797440,6.240797602,0.000000161,84.0000
mixtral-dev251,5,sim,gate,6.240797602,6.240890530,0.000092928,280.0000
mixtral-dev251,5,sim,idle,6.240890530,6.240895274,0.000004745,84.0000
mixtral-dev251,5,sim,addnorm,6.240895274,6.240897381,0.000002107,140.0000
mixtral-dev251,5,sim,idle,6.240897381,6.240898152,0.000000771,84.0000
mixtral-dev251,5,sim,addnorm,6.240898152,6.241191003,0.000292851,140.0000
mixtral-dev251,5,sim,idle,6.241191003,6.241191187,0.000000184,84.0000
mixtral-dev251,5,sim,attention,6.241191187,6.265807119,0.024615932,700.0000
mixtral-dev251,5,sim,experts,6.265807119,6.275458534,0.009651415,700.0000
mixtral-dev251,5,sim,idle,6.275458534,6.275683233,0.000224698,84.0000
mixtral-dev251,5,sim,experts,6.275683233,6.289164382,0.013481149,700.0000
mixtral-dev251,5,sim,idle,6.289164382,6.310872340,0.021707957,84.0000
mixtral-dev251,5,sim,idle,6.310872340,6.310872496,0.000000157,84.0000
mixtral-dev251,5,sim,addnorm,6.310872496,6.311016506,0.000144010,140.0000
mixtral-dev251,5,sim,idle,6.311016506,6.311016663,0.000000157,84.0000
mixtral-dev251,5,sim,addnorm,6.311016663,6.311019205,0.000002542,140.0000
mixtral-dev251,5,sim,idle,6.311019205,6.311019362,0.000000157,84.0000
mixtral-dev251,5,sim,experts,6.311019362,6.312613339,0.001593978,700.0000
mixtral-dev251,5,sim,idle,6.312613339,6.312726157,0.000112817,84.0000
mixtral-dev251,5,sim,experts,6.312726157,6.315734291,0.003008134,700.0000
mixtral-dev251,5,sim,idle,6.315734291,6.315847108,0.000112817,84.0000
mixtral-dev251,5,sim,addnorm,6.315847108,6.315849193,0.000002084,140.0000
mixtral-dev251,5,sim,idle,6.315849193,6.315849349,0.000000157,84.0000
mixtral-dev251,5,sim,addnorm,6.315849349,6.316142201,0.000292851,140.0000
mixtral-dev251,5,sim,idle,6.316142201,6.316142357,0.000000157,84.0000
mixtral-dev251,5,sim,idle,6.316142357,6.316142514,0.000000157,84.0000
mixtral-dev251,5,sim,gate,6.316142514,6.316145817,0.000003302,280.0000
mixtral-dev251,5,sim,idle,6.316145817,6.338615897,0.022470081,84.0000
mixtral-dev251,5,sim,gate,6.338615897,6.338794950,0.000179053,280.0000
mixtral-dev251,5,sim,idle,6.338794950,6.338795107,0.000000157,84.0000
mixtral-dev251,5,sim,experts,6.338795107,6.358012968,0.019217861,700.0000
mixtral-dev251,5,sim,idle,6.358012968,6.358237666,0.000224698,84.0000
mixtral-dev251,5,sim,experts,6.358237666,6.378017404,0.019779738,700.0000
mixtral-dev251,5,sim,idle,6.378017404,6.395538143,0.017520740,84.0000
mixtral-dev251,5,sim,idle,6.395538143,6.395538300,0.000000157,84.0000
mixtral-dev251,5,sim,idle,6.395538300,6.395538457,0.000000157,84.0000
mixtral-dev251,5,sim,gate,6.395538457,6.395631385,0.000092928,280.0000
mixtral-dev251,5,sim,idle,6.395631385,6.395632541,0.000001156,84.0000
mixtral-dev251,5,sim,addnorm,6.395632541,6.395634648,0.000002107,140.0000
mixtral-dev251,5,sim,idle,6.395634648,6.395634805,0.000000157,84.0000
mixtral-dev251,5,sim,addnorm,6.395634805,6.395927656,0.000292851,140.0000
mixtral-dev251,5,sim,idle,6.395927656,6.395927813,0.000000157,84.0000
mixtral-dev251,5,sim,attention,6.395927813,6.420543745,0.024615932,700.0000
mixtral-dev251,5,sim,idle,6.420543745,6.812015586,0.391471841,84.0000
mixtral-dev251,6,sim,idle,6.812015586,7.095173194,0.283157608,84.0000
mixtral-dev251,6,sim,attention,7.095173194,7.107481160,0.012307966,700.0000
mixtral-dev251,6,sim,idle,7.107481160,7.107481317,0.000000157,84.0000
mixtral-dev251,6,sim,addnorm,7.107481317,7.107625326,0.000144010,140.0000
mixtral-dev251,6,sim,idle,7.107625326,7.107625483,0.000000157,84.0000
mixtral-dev251,6,sim,addnorm,7.107625483,7.107628016,0.000002533,140.0000
mixtral-dev251,6,sim,idle,7.107628016,7.107628173,0.000000157,84.0000
mixtral-dev251,6,sim,gate,7.107628173,7.107665572,0.000037398,280.0000
mixtral-dev251,6,sim,idle,7.107665572,7.107666728,0.000001156,84.0000
mixtral-dev251,6,sim,idle,7.107666728,7.107666885,0.000000157,84.0000
mixtral-dev251,6,sim,gate,7.107666885,7.107683931,0.000017046,280.0000
mixtral-dev251,6,sim,idle,7.107683931,7.129531817,0.021847886,84.0000
mixtral-dev251,6,sim,experts,7.129531817,7.140371196,0.010839379,700.0000
mixtral-dev251,6,sim,idle,7.140371196,7.141155291,0.000784095,84.0000
mixtral-dev251,6,sim,experts,7.141155291,7.150806706,0.009651415,700.0000
mixtral-dev251,6,sim,idle,7.150806706,7.151031404,0.000224698,84.0000
mixtral-dev251,6,sim,experts,7.151031404,7.164512553,0.013481149,700.0000
mixtral-dev251,6,sim,idle,7.164512553,7.186275374,0.021762821,84.0000
mixtral-dev251,6,sim,idle,7.186275374,7.186275531,0.000000157,84.0000
mixtral-dev251,6,sim,addnorm,7.186275531,7.186419541,0.000144010,140.0000
mixtral-dev251,6,sim,idle,7.186419541,7.186419698,0.000000157,84.0000
mixtral-dev251,6,sim,addnorm,7.186419698,7.186422240,0.000002542,140.0000
mixtral-dev251,6,sim,idle,7.186422240,7.186422396,0.000000157,84.0000
mixtral-dev251,6,sim,experts,7.186422396,7.188016374,0.001593978,700.0000
mixtral-dev251,6,sim,idle,7.188016374,7.188129191,0.000112817,84.0000
mixtral-dev251,6,sim,experts,7.188129191,7.191137326,0.003008134,700.0000
mixtral-dev251,6,sim,idle,7.191137326,7.191250143,0.000112817,84.0000
mixtral-dev251,6,sim,addnorm,7.191250143,7.191252228,0.000002084,140.0000
mixtral-dev251,6,sim,idle,7.191252228,7.191252384,0.000000157,84.0000
mixtral-dev251,6,sim,addnorm,7.191252384,7.191545236,0.000292851,140.0000
mixtral-dev251,6,sim,idle,7.191545236,7.191545392,0.000000157,84.0000
mixtral-dev251,6,sim,idle,7.191545392,7.191545549,0.000000157,84.0000
mixtral-dev251,6,sim,gate,7.191545549,7.191548852,0.000003302,280.0000
mixtral-dev251,6,sim,idle,7.191548852,7.192879575,0.001330724,84.0000
mixtral-dev251,6,sim,attention,7.192879575,7.205187541,0.012307966,700.0000
mixtral-dev251,6,sim,idle,7.205187541,7.205187698,0.000000157,84.0000
mixtral-dev251,6,sim,addnorm,7.205187698,7.205331707,0.000144010,140.0000
mixtral-dev251,6,sim,idle,7.205331707,7.205331864,0.000000157,84.0000
mixtral-dev251,6,sim,addnorm,7.205331864,7.205334398,0.000002533,140.0000
mixtral-dev251,6,sim,idle,7.205334398,7.205334555,0.000000157,84.0000
mixtral-dev251,6,sim,gate,7.205334555,7.205371953,0.000037398,280.0000
mixtral-dev251,6,sim,idle,7.205371953,7.205373109,0.000001156,84.0000
mixtral-dev251,6,sim,idle,7.205373109,7.205373266,0.000000157,84.0000
mixtral-dev251,6,sim,gate,7.205373266,7.205390312,0.000017046,280.0000
mixtral-dev251,6,sim,idle,7.205390312,7.213896527,0.008506214,84.0000
mixtral-dev251,6,sim,gate,7.213896527,7.214075579,0.000179053,280.0000
mixtral-dev251,6,sim,idle,7.214075579,7.214075736,0.000000157,84.0000
mixtral-dev251,6,sim,experts,7.214075736,7.273564128,0.059488392,700.0000
mixtral-dev251,6,sim,idle,7.273564128,7.273788827,0.000224698,84.0000
mixtral-dev251,6,sim,experts,7.273788827,7.287269976,0.013481149,700.0000
mixtral-dev251,6,sim,idle,7.287269976,7.287270134,0.000000158,84.0000
mixtral-dev251,6,sim,idle,7.287270134,7.287270291,0.000000157,84.0000
mixtral-dev251,6,sim,gate,7.287270291,7.287363219,0.000092928,280.0000
mixtral-dev251,6,sim,idle,7.287363219,7.287364375,0.000001156,84.0000
mixtral-dev251,6,sim,addnorm,7.287364375,7.287366481,0.000002107,140.0000
mixtral-dev251,6,sim,idle,7.287366481,7.287366638,0.000000157,84.0000
mixtral-dev251,6,sim,addnorm,7.287366638,7.287659489,0.000292851,140.0000
mixtral-dev251,6,sim,idle,7.287659489,7.287659646,0.000000157,84.0000
mixtral-dev251,6,sim,attention,7.287659646,7.312275578,0.024615932,700.0000
mixtral-dev251,6,sim,idle,7.312275578,7.312275736,0.000000158,84.0000
mixtral-dev251,6,sim,addnorm,7.312275736,7.312419745,0.000144010,140.0000
mixtral-dev251,6,sim,idle,7.312419745,7.312419902,0.000000157,84.0000
mixtral-dev251,6,sim,addnorm,7.312419902,7.312422444,0.000002542,140.0000
mixtral-dev251,6,sim,idle,7.312422444,7.312422601,0.000000157,84.0000
mixtral-dev251,6,sim,experts,7.312422601,7.314016579,0.001593978,700.0000
mixtral-dev251,6,sim,idle,7.314016579,7.314129396,0.000112817,84.0000
mixtral-dev251,6,sim,experts,7.314129396,7.317137530,0.003008134,700.0000
mixtral-dev251,6,sim,idle,7.317137530,7.317250348,0.000112817,84.0000
mixtral-dev251,6,sim,addnorm,7.317250348,7.317252432,0.000002084,140.0000
mixtral-dev251,6,sim,idle,7.317252432,7.317252589,0.000000157,84.0000
mixtral-dev251,6,sim,addnorm,7.317252589,7.317545440,0.000292851,140.0000
mixtral-dev251,6,sim,idle,7.317545440,7.317545597,0.000000157,84.0000
mixtral-dev251,6,sim,idle,7.317545597,7.317545754,0.000000157,84.0000
mixtral-dev251,6,sim,gate,7.317545754,7.317549056,0.000003302,280.0000
mixtral-dev251,6,sim,idle,7.317549056,7.339657708,0.022108652,84.0000
mixtral-dev251,6,sim,gate,7.339657708,7.339836761,0.000179053,280.0000
mixtral-dev251,6,sim,idle,7.339836761,7.339836917,0.000000157,84.0000
mixtral-dev251,6,sim,experts,7.339836917,7.359054778,0.019217861,700.0000
mixtral-dev251,6,sim,idle,7.359054778,7.359279476,0.000224698,84.0000
mixtral-dev251,6,sim,experts,7.359279476,7.379059214,0.019779738,700.0000
mixtral-dev251,6,sim,attention,7.379059214,7.391367180,0.012307966,700.0000
mixtral-dev251,6,sim,idle,7.391367180,7.391367337,0.000000157,84.0000
mixtral-dev251,6,sim,addnorm,7.391367337,7.391511346,0.000144010,140.0000
mixtral-dev251,6,sim,idle,7.391511346,7.391511503,0.000000157,84.0000
mixtral-dev251,6,sim,addnorm,7.391511503,7.391514037,0.000002533,140.0000
mixtral-dev251,6,sim,idle,7.391514037,7.391514193,0.000000157,84.0000
mixtral-dev251,6,sim,gate,7.391514193,7.391551592,0.000037398,280.0000
mixtral-dev251,6,sim,idle,7.391551592,7.391552748,0.000001156,84.0000
mixtral-dev251,6,sim,idle,7.391552748,7.391552905,0.000000157,84.0000
mixtral-dev251,6,sim,gate,7.391552905,7.391569951,0.000017046,280.0000
mixtral-dev251,6,sim,idle,7.391569951,7.402978361,0.011408410,84.0000
mixtral-dev251,6,sim,idle,7.402978361,7.402978518,0.000000157,84.0000
mixtral-dev251,6,sim,idle,7.402978518,7.402978674,0.000000157,84.0000
mixtral-dev251,6,sim,gate,7.402978674,7.403071602,0.000092928,280.0000
mixtral-dev251,6,sim,idle,7.403071602,7.403072759,0.000001156,84.0000
mixtral-dev251,6,sim,addnorm,7.403072759,7.403074865,0.000002107,140.0000
mixtral-dev251,6,sim,idle,7.403074865,7.403075022,0.000000157,84.0000
mixtral-dev251,6,sim,addnorm,7.403075022,7.403367873,0.000292851,140.0000
mixtral-dev251,6,sim,idle,7.403367873,7.403368030,0.000000157,84.0000
mixtral-dev251,6,sim,attention,7.403368030,7.427983962,0.024615932,700.0000
mixtral-dev251,6,sim,experts,7.427983962,7.438823341,0.010839379,700.0000
mixtral-dev251,6,sim,idle,7.438823341,7.439607436,0.000784095,84.0000
mixtral-dev251,6,sim,experts,7.439607436,7.449258851,0.009651415,700.0000
mixtral-dev251,6,sim,idle,7.449258851,7.449483549,0.000224698,84.0000
mixtral-dev251,6,sim,experts,7.449483549,7.462964698,0.013481149,700.0000
mixtral-dev251,6,sim,idle,7.462964698,7.485020672,0.022055973,84.0000
mixtral-dev251,6,sim,idle,7.485020672,7.485020829,0.000000157,84.0000
mixtral-dev251,6,sim,addnorm,7.485020829,7.485164838,0.000144010,140.0000
mixtral-dev251,6,sim,idle,7.485164838,7.485164995,0.000000157,84.0000
mixtral-dev251,6,sim,addnorm,7.485164995,7.485167537,0.000002542,140.0000
mixtral-dev251,6,sim,idle,7.485167537,7.485167694,0.000000157,84.0000
mixtral-dev251,6,sim,experts,7.485167694,7.486761672,0.001593978,700.0000
mixtral-dev251,6,sim,idle,7.486761672,7.486874489,0.000112817,84.0000
mixtral-dev251,6,sim,experts,7.486874489,7.489882623,0.003008134,700.0000
mixtral-dev251,6,sim,idle,7.489882623,7.489995440,0.000112817,84.0000
mixtral-dev251,6,sim,addnorm,7.489995440,7.489997525,0.000002084,140.0000
mixtral-dev251,6,sim,idle,7.489997525,7.489997682,0.000000157,84.0000
mixtral-dev251,6,sim,addnorm,7.489997682,7.490290533,0.000292851,140.0000
mixtral-dev251,6,sim,idle,7.490290533,7.490290690,0.000000157,84.0000
mixtral-dev251,6,sim,idle,7.490290690,7.490290847,0.000000157,84.0000
mixtral-dev251,6,sim,gate,7.490290847,7.490294149,0.000003302,280.0000
mixtral-dev251,6,sim,idle,7.490294149,7.512467912,0.022173763,84.0000
mixtral-dev251,6,sim,gate,7.512467912,7.512646964,0.000179053,280.0000
mixtral-dev251,6,sim,idle,7.512646964,7.512647121,0.000000157,84.0000
mixtral-dev251,6,sim,experts,7.512647121,7.531864982,0.019217861,700.0000
mixtral-dev251,6,sim,attention,7.531864982,7.544172948,0.012307966,700.0000
mixtral-dev251,6,sim,experts,7.544172948,7.563952685,0.019779738,700.0000
mixtral-dev251,6,sim,addnorm,7.563952685,7.564096695,0.000144010,140.0000
mixtral-dev251,6,sim,idle,7.564096695,7.564097020,0.000000325,84.0000
mixtral-dev251,6,sim,addnorm,7.564097020,7.564099554,0.000002533,140.0000
mixtral-dev251,6,sim,idle,7.564099554,7.564099903,0.000000349,84.0000
mixtral-dev251,6,sim,gate,7.564099903,7.564137301,0.000037398,280.0000
mixtral-dev251,6,sim,idle,7.564137301,7.564141050,0.000003749,84.0000
mixtral-dev251,6,sim,idle,7.564141050,7.564141648,0.000000598,84.0000
mixtral-dev251,6,sim,gate,7.564141648,7.564158694,0.000017046,280.0000
mixtral-dev251,6,sim,idle,7.564158694,7.592360942,0.028202248,84.0000
mixtral-dev251,6,sim,experts,7.592360942,7.603200321,0.010839379,700.0000
mixtral-dev251,6,sim,idle,7.603200321,7.603200557,0.000000237,84.0000
mixtral-dev251,6,sim,idle,7.603200557,7.603200719,0.000000161,84.0000
mixtral-dev251,6,sim,gate,7.603200719,7.603293647,0.000092928,280.0000
mixtral-dev251,6,sim,idle,7.603293647,7.603298391,0.000004745,84.0000
mixtral-dev251,6,sim,addnorm,7.603298391,7.603300498,0.000002107,140.0000
mixtral-dev251,6,sim,idle,7.603300498,7.603301269,0.000000771,84.0000
mixtral-dev251,6,sim,addnorm,7.603301269,7.603594120,0.000292851,140.0000
mixtral-dev251,6,sim,idle,7.603594120,7.603594305,0.000000184,84.0000
mixtral-dev251,6,sim,attention,7.603594305,7.628210236,0.024615932,700.0000
mixtral-dev251,6,sim,experts,7.628210236,7.637861652,0.009651415,700.0000
mixtral-dev251,6,sim,idle,7.637861652,7.638086350,0.000224698,84.0000
mixtral-dev251,6,sim,experts,7.638086350,7.651567499,0.013481149,700.0000
mixtral-dev251,6,sim,idle,7.651567499,7.673275457,0.021707957,84.0000
mixtral-dev251,6,sim,idle,7.673275457,7.673275613,0.000000157,84.0000
mixtral-dev251,6,sim,addnorm,7.673275613,7.673419623,0.000144010,140.0000
mixtral-dev251,6,sim,idle,7.673419623,7.673419780,0.000000157,84.0000
mixtral-dev251,6,sim,addnorm,7.673419780,7.673422322,0.000002542,140.0000
mixtral-dev251,6,sim,idle,7.673422322,7.673422479,0.000000157,84.0000
mixtral-dev251,6,sim,experts,7.673422479,7.675016456,0.001593978,700.0000
mixtral-dev251,6,sim,idle,7.675016456,7.675129274,0.000112817,84.0000
mixtral-dev251,6,sim,experts,7.675129274,7.678137408,0.003008134,700.0000
mixtral-dev251,6,sim,idle,7.678137408,7.678250225,0.000112817,84.0000
mixtral-dev251,6,sim,addnorm,7.678250225,7.678252310,0.000002084,140.0000
mixtral-dev251,6,sim,idle,7.678252310,7.678252467,0.000000157,84.0000
mixtral-dev251,6,sim,addnorm,7.678252467,7.678545318,0.000292851,140.0000
mixtral-dev251,6,sim,idle,7.678545318,7.678545475,0.000000157,84.0000
mixtral-dev251,6,sim,idle,7.678545475,7.678545631,0.000000157,84.0000
mixtral-dev251,6,sim,gate,7.678545631,7.678548934,0.000003302,280.0000
mixtral-dev251,6,sim,idle,7.678548934,7.701019015,0.022470081,84.0000
mixtral-dev251,6,sim,gate,7.701019015,7.701198067,0.000179053,280.0000
mixtral-dev251,6,sim,idle,7.701198067,7.701198224,0.000000157,84.0000
mixtral-dev251,6,sim,experts,7.701198224,7.720416085,0.019217861,700.0000
mixtral-dev251,6,sim,idle,7.720416085,7.720640783,0.000224698,84.0000
mixtral-dev251,6,sim,experts,7.720640783,7.740420521,0.019779738,700.0000
mixtral-dev251,6,sim,idle,7.740420521,7.757941261,0.017520740,84.0000
mixtral-dev251,6,sim,idle,7.757941261,7.757941417,0.000000157,84.0000
mixtral-dev251,6,sim,idle,7.757941417,7.757941574,0.000000157,84.0000
mixtral-dev251,6,sim,gate,7.757941574,7.758034502,0.000092928,280.0000
mixtral-dev251,6,sim,idle,7.758034502,7.758035658,0.000001156,84.0000
mixtral-dev251,6,sim,addnorm,7.758035658,7.758037765,0.000002107,140.0000
mixtral-dev251,6,sim,idle,7.758037765,7.758037922,0.000000157,84.0000
mixtral-dev251,6,sim,addnorm,7.758037922,7.758330773,0.000292851,140.0000
mixtral-dev251,6,sim,idle,7.758330773,7.758330930,0.000000157,84.0000
mixtral-dev251,6,sim,attention,7.758330930,7.782946862,0.024615932,700.0000
mixtral-dev251,6,sim,idle,7.782946862,8.174418703,0.391471841,84.0000
mixtral-dev251,7,sim,idle,8.174418703,8.457576311,0.283157608,84.0000
mixtral-dev251,7,sim,attention,8.457576311,8.469884277,0.012307966,700.0000
mixtral-dev251,7,sim,idle,8.469884277,8.469884434,0.000000157,84.0000
mixtral-dev251,7,sim,addnorm,8.469884434,8.470028443,0.000144010,140.0000
mixtral-dev251,7,sim,idle,8.470028443,8.470028600,0.000000157,84.0000
mixtral-dev251,7,sim,addnorm,8.470028600,8.470031133,0.000002533,140.0000
mixtral-dev251,7,sim,idle,8.470031133,8.470031290,0.000000157,84.0000
mixtral-dev251,7,sim,gate,8.470031290,8.470068689,0.000037398,280.0000
mixtral-dev251,7,sim,idle,8.470068689,8.470069845,0.000001156,84.0000
mixtral-dev251,7,sim,idle,8.470069845,8.470070002,0.000000157,84.0000
mixtral-dev251,7,sim,gate,8.470070002,8.470087048,0.000017046,280.0000
mixtral-dev251,7,sim,idle,8.470087048,8.491934934,0.021847886,84.0000
mixtral-dev251,7,sim,experts,8.491934934,8.502774313,0.010839379,700.0000
mixtral-dev251,7,sim,idle,8.502774313,8.503558408,0.000784095,84.0000
mixtral-dev251,7,sim,experts,8.503558408,8.513209823,0.009651415,700.0000
mixtral-dev251,7,sim,idle,8.513209823,8.513434521,0.000224698,84.0000
mixtral-dev251,7,sim,experts,8.513434521,8.526915671,0.013481149,700.0000
mixtral-dev251,7,sim,idle,8.526915671,8.548678492,0.021762821,84.0000
mixtral-dev251,7,sim,idle,8.548678492,8.548678648,0.000000157,84.0000
mixtral-dev251,7,sim,addnorm,8.548678648,8.548822658,0.000144010,140.0000
mixtral-dev251,7,sim,idle,8.548822658,8.548822815,0.000000157,84.0000
mixtral-dev251,7,sim,addnorm,8.548822815,8.548825357,0.000002542,140.0000
mixtral-dev251,7,sim,idle,8.548825357,8.548825514,0.000000157,84.0000
mixtral-dev251,7,sim,experts,8.548825514,8.550419491,0.001593978,700.0000
mixtral-dev251,7,sim,idle,8.550419491,8.550532309,0.000112817,84.0000
mixtral-dev251,7,sim,experts,8.550532309,8.553540443,0.003008134,700.0000
mixtral-dev251,7,sim,idle,8.553540443,8.553653260,0.000112817,84.0000
mixtral-dev251,7,sim,addnorm,8.553653260,8.553655345,0.000002084,140.0000
mixtral-dev251,7,sim,idle,8.553655345,8.553655501,0.000000157,84.0000
mixtral-dev251,7,sim,addnorm,8.553655501,8.553948353,0.000292851,140.0000
mixtral-dev251,7,sim,idle,8.553948353,8.553948509,0.000000157,84.0000
mixtral-dev251,7,sim,idle,8.553948509,8.553948666,0.000000157,84.0000
mixtral-dev251,7,sim,gate,8.553948666,8.553951969,0.000003302,280.0000
mixtral-dev251,7,sim,idle,8.553951969,8.555282692,0.001330724,84.0000
mixtral-dev251,7,sim,attention,8.555282692,8.567590658,0.012307966,700.0000
mixtral-dev251,7,sim,idle,8.567590658,8.567590815,0.000000157,84.0000
mixtral-dev251,7,sim,addnorm,8.567590815,8.567734825,0.000144010,140.0000
mixtral-dev251,7,sim,idle,8.567734825,8.567734981,0.000000157,84.0000
mixtral-dev251,7,sim,addnorm,8.567734981,8.567737515,0.000002533,140.0000
mixtral-dev251,7,sim,idle,8.567737515,8.567737672,0.000000157,84.0000
mixtral-dev251,7,sim,gate,8.567737672,8.567775070,0.000037398,280.0000
mixtral-dev251,7,sim,idle,8.567775070,8.567776226,0.000001156,84.0000
mixtral-dev251,7,sim,idle,8.567776226,8.567776383,0.000000157,84.0000
mixtral-dev251,7,sim,gate,8.567776383,8.567793429,0.000017046,280.0000
mixtral-dev251,7,sim,idle,8.567793429,8.576299644,0.008506214,84.0000
mixtral-dev251,7,sim,gate,8.576299644,8.576478696,0.000179053,280.0000
mixtral-dev251,7,sim,idle,8.576478696,8.576478853,0.000000157,84.0000
mixtral-dev251,7,sim,experts,8.576478853,8.635967245,0.059488392,700.0000
mixtral-dev251,7,sim,idle,8.635967245,8.636191944,0.000224698,84.0000
mixtral-dev251,7,sim,experts,8.636191944,8.649673093,0.013481149,700.0000
mixtral-dev251,7,sim,idle,8.649673093,8.649673251,0.000000158,84.0000
mixtral-dev251,7,sim,idle,8.649673251,8.649673408,0.000000157,84.0000
mixtral-dev251,7,sim,gate,8.649673408,8.649766336,0.000092928,280.0000
mixtral-dev251,7,sim,idle,8.649766336,8.649767492,0.000001156,84.0000
mixtral-dev251,7,sim,addnorm,8.649767492,8.649769599,0.000002107,140.0000
mixtral-dev251,7,sim,idle,8.649769599,8.649769755,0.000000157,84.0000
mixtral-dev251,7,sim,addnorm,8.649769755,8.650062607,0.000292851,140.0000
mixtral-dev251,7,sim,idle,8.650062607,8.650062763,0.000000157,84.0000
mixtral-dev251,7,sim,attention,8.650062763,8.674678695,0.024615932,700.0000
mixtral-dev251,7,sim,idle,8.674678695,8.674678853,0.000000158,84.0000
mixtral-dev251,7,sim,addnorm,8.674678853,8.674822862,0.000144010,140.0000
mixtral-dev251,7,sim,idle,8.674822862,8.674823019,0.000000157,84.0000
mixtral-dev251,7,sim,addnorm,8.674823019,8.674825561,0.000002542,140.0000
mixtral-dev251,7,sim,idle,8.674825561,8.674825718,0.000000157,84.0000
mixtral-dev251,7,sim,experts,8.674825718,8.676419696,0.001593978,700.0000
mixtral-dev251,7,sim,idle,8.676419696,8.676532513,0.000112817,84.0000
mixtral-dev251,7,sim,experts,8.676532513,8.679540647,0.003008134,700.0000
mixtral-dev251,7,sim,idle,8.679540647,8.679653465,0.000112817,84.0000
mixtral-dev251,7,sim,addnorm,8.679653465,8.679655549,0.000002084,140.0000
mixtral-dev251,7,sim,idle,8.679655549,8.679655706,0.000000157,84.0000
mixtral-dev251,7,sim,addnorm,8.679655706,8.679948557,0.000292851,140.0000
mixtral-dev251,7,sim,idle,8.679948557,8.679948714,0.000000157,84.0000
mixtral-dev251,7,sim,idle,8.679948714,8.679948871,0.000000157,84.0000
mixtral-dev251,7,sim,gate,8.679948871,8.679952173,0.000003302,280.0000
mixtral-dev251,7,sim,idle,8.679952173,8.702060825,0.022108652,84.0000
mixtral-dev251,7,sim,gate,8.702060825,8.702239878,0.000179053,280.0000
mixtral-dev251,7,sim,idle,8.702239878,8.702240034,0.000000157,84.0000
mixtral-dev251,7,sim,experts,8.702240034,8.721457895,0.019217861,700.0000
mixtral-dev251,7,sim,idle,8.721457895,8.721682593,0.000224698,84.0000
mixtral-dev251,7,sim,experts,8.721682593,8.741462331,0.019779738,700.0000
mixtral-dev251,7,sim,attention,8.741462331,8.753770297,0.012307966,700.0000
mixtral-dev251,7,sim,idle,8.753770297,8.753770454,0.000000157,84.0000
mixtral-dev251,7,sim,addnorm,8.753770454,8.753914463,0.000144010,140.0000
mixtral-dev251,7,sim,idle,8.753914463,8.753914620,0.000000157,84.0000
mixtral-dev251,7,sim,addnorm,8.753914620,8.753917154,0.000002533,140.0000
mixtral-dev251,7,sim,idle,8.753917154,8.753917310,0.000000157,84.0000
mixtral-dev251,7,sim,gate,8.753917310,8.753954709,0.000037398,280.0000
mixtral-dev251,7,sim,idle,8.753954709,8.753955865,0.000001156,84.0000
mixtral-dev251,7,sim,idle,8.753955865,8.753956022,0.000000157,84.0000
mixtral-dev251,7,sim,gate,8.753956022,8.753973068,0.000017046,280.0000
mixtral-dev251,7,sim,idle,8.753973068,8.765381478,0.011408410,84.0000
mixtral-dev251,7,sim,idle,8.765381478,8.765381635,0.000000157,84.0000
mixtral-dev251,7,sim,idle,8.765381635,8.765381791,0.000000157,84.0000
mixtral-dev251,7,sim,gate,8.765381791,8.765474719,0.000092928,280.0000
mixtral-dev251,7,sim,idle,8.765474719,8.765475876,0.000001156,84.0000
mixtral-dev251,7,sim,addnorm,8.765475876,8.765477982,0.000002107,140.0000
mixtral-dev251,7,sim,idle,8.765477982,8.765478139,0.000000157,84.0000
mixtral-dev251,7,sim,addnorm,8.765478139,8.765770990,0.000292851,140.0000
mixtral-dev251,7,sim,idle,8.765770990,8.765771147,0.000000157,84.0000
mixtral-dev251,7,sim,attention,8.765771147,8.790387079,0.024615932,700.0000
mixtral-dev251,7,sim,experts,8.790387079,8.801226458,0.010839379,700.0000
mixtral-dev251,7,sim,idle,8.801226458,8.802010553,0.000784095,84.0000
mixtral-dev251,7,sim,experts,8.802010553,8.811661968,0.009651415,700.0000
mixtral-dev251,7,sim,idle,8.811661968,8.811886666,0.000224698,84.0000
mixtral-dev251,7,sim,experts,8.811886666,8.825367816,0.013481149,700.0000
mixtral-dev251,7,sim,idle,8.825367816,8.847423789,0.022055973,84.0000
mixtral-dev251,7,sim,idle,8.847423789,8.847423946,0.000000157,84.0000
mixtral-dev251,7,sim,addnorm,8.847423946,8.847567955,0.000144010,140.0000
mixtral-dev251,7,sim,idle,8.847567955,8.847568112,0.000000157,84.0000
mixtral-dev251,7,sim,addnorm,8.847568112,8.847570654,0.000002542,140.0000
mixtral-dev251,7,sim,idle,8.847570654,8.847570811,0.000000157,84.0000
mixtral-dev251,7,sim,experts,8.847570811,8.849164789,0.001593978,700.0000
mixtral-dev251,7,sim,idle,8.849164789,8.849277606,0.000112817,84.0000
mixtral-dev251,7,sim,experts,8.849277606,8.852285740,0.003008134,700.0000
mixtral-dev251,7,sim,idle,8.852285740,8.852398558,0.000112817,84.0000
mixtral-dev251,7,sim,addnorm,8.852398558,8.852400642,0.000002084,140.0000
mixtral-dev251,7,sim,idle,8.852400642,8.852400799,0.000000157,84.0000
mixtral-dev251,7,sim,addnorm,8.852400799,8.852693650,0.000292851,140.0000
mixtral-dev251,7,sim,idle,8.852693650,8.852693807,0.000000157,84.0000
mixtral-dev251,7,sim,idle,8.852693807,8.852693964,0.000000157,84.0000
mixtral-dev251,7,sim,gate,8.852693964,8.852697266,0.000003302,280.0000
mixtral-dev251,7,sim,idle,8.852697266,8.874871029,0.022173763,84.0000
mixtral-dev251,7,sim,gate,8.874871029,8.875050081,0.000179053,280.0000
mixtral-dev251,7,sim,idle,8.875050081,8.875050238,0.000000157,84.0000
mixtral-dev251,7,sim,experts,8.875050238,8.894268099,0.019217861,700.0000
mixtral-dev251,7,sim,attention,8.894268099,8.906576065,0.012307966,700.0000
mixtral-dev251,7,sim,experts,8.906576065,8.926355802,0.019779738,700.0000
mixtral-dev251,7,sim,addnorm,8.926355802,8.926499812,0.000144010,140.0000
mixtral-dev251,7,sim,idle,8.926499812,8.926500137,0.000000325,84.0000
mixtral-dev251,7,sim,addnorm,8.926500137,8.926502671,0.000002533,140.0000
mixtral-dev251,7,sim,idle,8.926502671,8.926503020,0.000000349,84.0000
mixtral-dev251,7,sim,gate,8.926503020,8.926540418,0.000037398,280.0000
mixtral-dev251,7,sim,idle,8.926540418,8.926544167,0.000003749,84.0000
mixtral-dev251,7,sim,idle,8.926544167,8.926544765,0.000000598,84.0000
mixtral-dev251,7,sim,gate,8.926544765,8.926561811,0.000017046,280.0000
mixtral-dev251,7,sim,idle,8.926561811,8.954764059,0.028202248,84.0000
mixtral-dev251,7,sim,experts,8.954764059,8.965603438,0.010839379,700.0000
mixtral-dev251,7,sim,idle,8.965603438,8.965603675,0.000000237,84.0000
mixtral-dev251,7,sim,idle,8.965603675,8.965603836,0.000000161,84.0000
mixtral-dev251,7,sim,gate,8.965603836,8.965696764,0.000092928,280.0000
mixtral-dev251,7,sim,idle,8.965696764,8.965701509,0.000004745,84.0000
mixtral-dev251,7,sim,addnorm,8.965701509,8.965703615,0.000002107,140.0000
mixtral-dev251,7,sim,idle,8.965703615,8.965704386,0.000000771,84.0000
mixtral-dev251,7,sim,addnorm,8.965704386,8.965997237,0.000292851,140.0000
mixtral-dev251,7,sim,idle,8.965997237,8.965997422,0.000000184,84.0000
mixtral-dev251,7,sim,attention,8.965997422,8.990613354,0.024615932,700.0000
mixtral-dev251,7,sim,experts,8.990613354,9.000264769,0.009651415,700.0000
mixtral-dev251,7,sim,idle,9.000264769,9.000489467,0.000224698,84.0000
mixtral-dev251,7,sim,experts,9.000489467,9.013970616,0.013481149,700.0000
mixtral-dev251,7,sim,idle,9.013970616,9.035678574,0.021707957,84.0000
mixtral-dev251,7,sim,idle,9.035678574,9.035678731,0.000000157,84.0000
mixtral-dev251,7,sim,addnorm,9.035678731,9.035822740,0.000144010,140.0000
mixtral-dev251,7,sim,idle,9.035822740,9.035822897,0.000000157,84.0000
mixtral-dev251,7,sim,addnorm,9.035822897,9.035825439,0.000002542,140.0000
mixtral-dev251,7,sim,idle,9.035825439,9.035825596,0.000000157,84.0000
mixtral-dev251,7,sim,experts,9.035825596,9.037419574,0.001593978,700.0000
mixtral-dev251,7,sim,idle,9.037419574,9.037532391,0.000112817,84.0000
mixtral-dev251,7,sim,experts,9.037532391,9.040540525,0.003008134,700.0000
mixtral-dev251,7,sim,idle,9.040540525,9.040653342,0.000112817,84.0000
mixtral-dev251,7,sim,addnorm,9.040653342,9.040655427,0.000002084,140.0000
mixtral-dev251,7,sim,idle,9.040655427,9.040655584,0.000000157,84.0000
mixtral-dev251,7,sim,addnorm,9.040655584,9.040948435,0.000292851,140.0000
mixtral-dev251,7,sim,idle,9.040948435,9.040948592,0.000000157,84.0000
mixtral-dev251,7,sim,idle,9.040948592,9.040948748,0.000000157,84.0000
mixtral-dev251,7,sim,gate,9.040948748,9.040952051,0.000003302,280.0000
mixtral-dev251,7,sim,idle,9.040952051,9.063422132,0.022470081,84.0000
mixtral-dev251,7,sim,gate,9.063422132,9.063601184,0.000179053,280.0000
mixtral-dev251,7,sim,idle,9.063601184,9.063601341,0.000000157,84.0000
mixtral-dev251,7,sim,experts,9.063601341,9.082819202,0.019217861,700.0000
mixtral-dev251,7,sim,idle,9.082819202,9.083043900,0.000224698,84.0000
mixtral-dev251,7,sim,experts,9.083043900,9.102823638,0.019779738,700.0000
mixtral-dev251,7,sim,idle,9.102823638,9.120344378,0.017520740,84.0000
mixtral-dev251,7,sim,idle,9.120344378,9.120344535,0.000000157,84.0000
mixtral-dev251,7,sim,idle,9.120344535,9.120344691,0.000000157,84.0000
mixtral-dev251,7,sim,gate,9.120344691,9.120437619,0.000092928,280.0000
mixtral-dev251,7,sim,idle,9.120437619,9.120438776,0.000001156,84.0000
mixtral-dev251,7,sim,addnorm,9.120438776,9.120440882,0.000002107,140.0000
mixtral-dev251,7,sim,idle,9.120440882,9.120441039,0.000000157,84.0000
mixtral-dev251,7,sim,addnorm,9.120441039,9.120733890,0.000292851,140.0000
mixtral-dev251,7,sim,idle,9.120733890,9.120734047,0.000000157,84.0000
mixtral-dev251,7,sim,attention,9.120734047,9.145349979,0.024615932,700.0000
mixtral-dev251,7,sim,idle,9.145349979,9.536821820,0.391471841,84.0000
mixtral-dev251,8,sim,idle,9.536821820,9.819979428,0.283157608,84.0000
mixtral-dev251,8,sim,attention,9.819979428,9.832287394,0.012307966,700.0000
mixtral-dev251,8,sim,idle,9.832287394,9.832287551,0.000000157,84.0000
mixtral-dev251,8,sim,addnorm,9.832287551,9.832431560,0.000144010,140.0000
mixtral-dev251,8,sim,idle,9.832431560,9.832431717,0.000000157,84.0000
mixtral-dev251,8,sim,addnorm,9.832431717,9.832434251,0.000002533,140.0000
mixtral-dev251,8,sim,idle,9.832434251,9.832434407,0.000000157,84.0000
mixtral-dev251,8,sim,gate,9.832434407,9.832471806,0.000037398,280.0000
mixtral-dev251,8,sim,idle,9.832471806,9.832472962,0.000001156,84.0000
mixtral-dev251,8,sim,idle,9.832472962,9.832473119,0.000000157,84.0000
mixtral-dev251,8,sim,gate,9.832473119,9.832490165,0.000017046,280.0000
mixtral-dev251,8,sim,idle,9.832490165,9.854338051,0.021847886,84.0000
mixtral-dev251,8,sim,experts,9.854338051,9.865177430,0.010839379,700.0000
mixtral-dev251,8,sim,idle,9.865177430,9.865961525,0.000784095,84.0000
mixtral-dev251,8,sim,experts,9.865961525,9.875612940,0.009651415,700.0000
mixtral-dev251,8,sim,idle,9.875612940,9.875837638,0.000224698,84.0000
mixtral-dev251,8,sim,experts,9.875837638,9.889318788,0.013481149,700.0000
mixtral-dev251,8,sim,idle,9.889318788,9.911081609,0.021762821,84.0000
mixtral-dev251,8,sim,idle,9.911081609,9.911081765,0.000000157,84.0000
mixtral-dev251,8,sim,addnorm,9.911081765,9.911225775,0.000144010,140.0000
mixtral-dev251,8,sim,idle,9.911225775,9.911225932,0.000000157,84.0000
mixtral-dev251,8,sim,addnorm,9.911225932,9.911228474,0.000002542,140.0000
mixtral-dev251,8,sim,idle,9.911228474,9.911228631,0.000000157,84.0000
mixtral-dev251,8,sim,experts,9.911228631,9.912822608,0.001593978,700.0000
mixtral-dev251,8,sim,idle,9.912822608,9.912935426,0.000112817,84.0000
mixtral-dev251,8,sim,experts,9.912935426,9.915943560,0.003008134,700.0000
mixtral-dev251,8,sim,idle,9.915943560,9.916056377,0.000112817,84.0000
mixtral-dev251,8,sim,addnorm,9.916056377,9.916058462,0.000002084,140.0000
mixtral-dev251,8,sim,idle,9.916058462,9.916058619,0.000000157,84.0000
mixtral-dev251,8,sim,addnorm,9.916058619,9.916351470,0.000292851,140.0000
mixtral-dev251,8,sim,idle,9.916351470,9.916351627,0.000000157,84.0000
mixtral-dev251,8,sim,idle,9.916351627,9.916351783,0.000000157,84.0000
mixtral-dev251,8,sim,gate,9.916351783,9.916355086,0.000003302,280.0000
mixtral-dev251,8,sim,idle,9.916355086,9.917685809,0.001330724,84.0000
mixtral-dev251,8,sim,attention,9.917685809,9.929993775,0.012307966,700.0000
mixtral-dev251,8,sim,idle,9.929993775,9.929993932,0.000000157,84.0000
mixtral-dev251,8,sim,addnorm,9.929993932,9.930137942,0.000144010,140.0000
mixtral-dev251,8,sim,idle,9.930137942,9.930138098,0.000000157,84.0000
mixtral-dev251,8,sim,addnorm,9.930138098,9.930140632,0.000002533,140.0000
mixtral-dev251,8,sim,idle,9.930140632,9.930140789,0.000000157,84.0000
mixtral-dev251,8,sim,gate,9.930140789,9.930178187,0.000037398,280.0000
mixtral-dev251,8,sim,idle,9.930178187,9.930179343,0.000001156,84.0000
mixtral-dev251,8,sim,idle,9.930179343,9.930179500,0.000000157,84.0000
mixtral-dev251,8,sim,gate,9.930179500,9.930196547,0.000017046,280.0000
mixtral-dev251,8,sim,idle,9.930196547,9.938702761,0.008506214,84.0000
mixtral-dev251,8,sim,gate,9.938702761,9.938881814,0.000179053,280.0000
mixtral-dev251,8,sim,idle,9.938881814,9.938881970,0.000000157,84.0000
mixtral-dev251,8,sim,experts,9.938881970,9.998370363,0.059488392,700.0000
mixtral-dev251,8,sim,idle,9.998370363,9.998595061,0.000224698,84.0000
mixtral-dev251,8,sim,experts,9.998595061,10.012076210,0.013481149,700.0000
mixtral-dev251,8,sim,idle,10.012076210,10.012076368,0.000000158,84.0000
mixtral-dev251,8,sim,idle,10.012076368,10.012076525,0.000000157,84.0000
mixtral-dev251,8,sim,gate,10.012076525,10.012169453,0.000092928,280.0000
mixtral-dev251,8,sim,idle,10.012169453,10.012170609,0.000001156,84.0000
mixtral-dev251,8,sim,addnorm,10.012170609,10.012172716,0.000002107,140.0000
mixtral-dev251,8,sim,idle,10.012172716,10.012172872,0.000000157,84.0000
mixtral-dev251,8,sim,addnorm,10.012172872,10.012465724,0.000292851,140.0000
mixtral-dev251,8,sim,idle,10.012465724,10.012465880,0.000000157,84.0000
mixtral-dev251,8,sim,attention,10.012465880,10.037081812,0.024615932,700.0000
mixtral-dev251,8,sim,idle,10.037081812,10.037081970,0.000000158,84.0000
mixtral-dev251,8,sim,addnorm,10.037081970,10.037225980,0.000144010,140.0000
mixtral-dev251,8,sim,idle,10.037225980,10.037226136,0.000000157,84.0000
mixtral-dev251,8,sim,addnorm,10.037226136,10.037228678,0.000002542,140.0000
mixtral-dev251,8,sim,idle,10.037228678,10.037228835,0.000000157,84.0000
mixtral-dev251,8,sim,experts,10.037228835,10.038822813,0.001593978,700.0000
mixtral-dev251,8,sim,idle,10.038822813,10.038935630,0.000112817,84.0000
mixtral-dev251,8,sim,experts,10.038935630,10.041943765,0.003008134,700.0000
mixtral-dev251,8,sim,idle,10.041943765,10.042056582,0.000112817,84.0000
mixtral-dev251,8,sim,addnorm,10.042056582,10.042058666,0.000002084,140.0000
mixtral-dev251,8,sim,idle,10.042058666,10.042058823,0.000000157,84.0000
mixtral-dev251,8,sim,addnorm,10.042058823,10.042351674,0.000292851,140.0000
mixtral-dev251,8,sim,idle,10.042351674,10.042351831,0.000000157,84.0000
mixtral-dev251,8,sim,idle,10.042351831,10.042351988,0.000000157,84.0000
mixtral-dev251,8,sim,gate,10.042351988,10.042355290,0.000003302,280.0000
mixtral-dev251,8,sim,idle,10.042355290,10.064463942,0.022108652,84.0000
mixtral-dev251,8,sim,gate,10.064463942,10.064642995,0.000179053,280.0000
mixtral-dev251,8,sim,idle,10.064642995,10.064643152,0.000000157,84.0000
mixtral-dev251,8,sim,experts,10.064643152,10.083861012,0.019217861,700.0000
mixtral-dev251,8,sim,idle,10.083861012,10.084085711,0.000224698,84.0000
mixtral-dev251,8,sim,experts,10.084085711,10.103865448,0.019779738,700.0000
mixtral-dev251,8,sim,attention,10.103865448,10.116173414,0.012307966,700.0000
mixtral-dev251,8,sim,idle,10.116173414,10.116173571,0.000000157,84.0000
mixtral-dev251,8,sim,addnorm,10.116173571,10.116317581,0.000144010,140.0000
mixtral-dev251,8,sim,idle,10.116317581,10.116317737,0.000000157,84.0000
mixtral-dev251,8,sim,addnorm,10.116317737,10.116320271,0.000002533,140.0000
mixtral-dev251,8,sim,idle,10.116320271,10.116320428,0.000000157,84.0000
mixtral-dev251,8,sim,gate,10.116320428,10.116357826,0.000037398,280.0000
mixtral-dev251,8,sim,idle,10.116357826,10.116358982,0.000001156,84.0000
mixtral-dev251,8,sim,idle,10.116358982,10.116359139,0.000000157,84.0000
mixtral-dev251,8,sim,gate,10.116359139,10.116376185,0.000017046,280.0000
mixtral-dev251,8,sim,idle,10.116376185,10.127784595,0.011408410,84.0000
mixtral-dev251,8,sim,idle,10.127784595,10.127784752,0.000000157,84.0000
mixtral-dev251,8,sim,idle,10.127784752,10.127784909,0.000000157,84.0000
mixtral-dev251,8,sim,gate,10.127784909,10.127877837,0.000092928,280.0000
mixtral-dev251,8,sim,idle,10.127877837,10.127878993,0.000001156,84.0000
mixtral-dev251,8,sim,addnorm,10.127878993,10.127881099,0.000002107,140.0000
mixtral-dev251,8,sim,idle,10.127881099,10.127881256,0.000000157,84.0000
mixtral-dev251,8,sim,addnorm,10.127881256,10.128174107,0.000292851,140.0000
mixtral-dev251,8,sim,idle,10.128174107,10.128174264,0.000000157,84.0000
mixtral-dev251,8,sim,attention,10.128174264,10.152790196,0.024615932,700.0000
mixtral-dev251,8,sim,experts,10.152790196,10.163629575,0.010839379,700.0000
mixtral-dev251,8,sim,idle,10.163629575,10.164413670,0.000784095,84.0000
mixtral-dev251,8,sim,experts,10.164413670,10.174065085,0.009651415,700.0000
mixtral-dev251,8,sim,idle,10.174065085,10.174289783,0.000224698,84.0000
mixtral-dev251,8,sim,experts,10.174289783,10.187770933,0.013481149,700.0000
mixtral-dev251,8,sim,idle,10.187770933,10.209826906,0.022055973,84.0000
mixtral-dev251,8,sim,idle,10.209826906,10.209827063,0.000000157,84.0000
mixtral-dev251,8,sim,addnorm,10.209827063,10.209971072,0.000144010,140.0000
mixtral-dev251,8,sim,idle,10.209971072,10.209971229,0.000000157,84.0000
mixtral-dev251,8,sim,addnorm,10.209971229,10.209973771,0.000002542,140.0000
mixtral-dev251,8,sim,idle,10.209973771,10.209973928,0.000000157,84.0000
mixtral-dev251,8,sim,experts,10.209973928,10.211567906,0.001593978,700.0000
mixtral-dev251,8,sim,idle,10.211567906,10.211680723,0.000112817,84.0000
mixtral-dev251,8,sim,experts,10.211680723,10.214688857,0.003008134,700.0000
mixtral-dev251,8,sim,idle,10.214688857,10.214801675,0.000112817,84.0000
mixtral-dev251,8,sim,addnorm,10.214801675,10.214803759,0.000002084,140.0000
mixtral-dev251,8,sim,idle,10.214803759,10.214803916,0.000000157,84.0000
mixtral-dev251,8,sim,addnorm,10.214803916,10.215096767,0.000292851,140.0000
mixtral-dev251,8,sim,idle,10.215096767,10.215096924,0.000000157,84.0000
mixtral-dev251,8,sim,idle,10.215096924,10.215097081,0.000000157,84.0000
mixtral-dev251,8,sim,gate,10.215097081,10.215100383,0.000003302,280.0000
mixtral-dev251,8,sim,idle,10.215100383,10.237274146,0.022173763,84.0000
mixtral-dev251,8,sim,gate,10.237274146,10.237453199,0.000179053,280.0000
mixtral-dev251,8,sim,idle,10.237453199,10.237453355,0.000000157,84.0000
mixtral-dev251,8,sim,experts,10.237453355,10.256671216,0.019217861,700.0000
mixtral-dev251,8,sim,attention,10.256671216,10.268979182,0.012307966,700.0000
mixtral-dev251,8,sim,experts,10.268979182,10.288758919,0.019779738,700.0000
mixtral-dev251,8,sim,addnorm,10.288758919,10.288902929,0.000144010,140.0000
mixtral-dev251,8,sim,idle,10.288902929,10.288903255,0.000000325,84.0000
mixtral-dev251,8,sim,addnorm,10.288903255,10.288905788,0.000002533,140.0000
mixtral-dev251,8,sim,idle,10.288905788,10.288906137,0.000000349,84.0000
mixtral-dev251,8,sim,gate,10.288906137,10.288943535,0.000037398,280.0000
mixtral-dev251,8,sim,idle,10.288943535,10.288947284,0.000003749,84.0000
mixtral-dev251,8,sim,idle,10.288947284,10.288947882,0.000000598,84.0000
mixtral-dev251,8,sim,gate,10.288947882,10.288964928,0.000017046,280.0000
mixtral-dev251,8,sim,idle,10.288964928,10.317167176,0.028202248,84.0000
mixtral-dev251,8,sim,experts,10.317167176,10.328006555,0.010839379,700.0000
mixtral-dev251,8,sim,idle,10.328006555,10.328006792,0.000000237,84.0000
mixtral-dev251,8,sim,idle,10.328006792,10.328006953,0.000000161,84.0000
mixtral-dev251,8,sim,gate,10.328006953,10.328099881,0.000092928,280.0000
mixtral-dev251,8,sim,idle,10.328099881,10.328104626,0.000004745,84.0000
mixtral-dev251,8,sim,addnorm,10.328104626,10.328106732,0.000002107,140.0000
mixtral-dev251,8,sim,idle,10.328106732,10.328107503,0.000000771,84.0000
mixtral-dev251,8,sim,addnorm,10.328107503,10.328400354,0.000292851,140.0000
mixtral-dev251,8,sim,idle,10.328400354,10.328400539,0.000000184,84.0000
mixtral-dev251,8,sim,attention,10.328400539,10.353016471,0.024615932,700.0000
mixtral-dev251,8,sim,experts,10.353016471,10.362667886,0.009651415,700.0000
mixtral-dev251,8,sim,idle,10.362667886,10.362892584,0.000224698,84.0000
mixtral-dev251,8,sim,experts,10.362892584,10.376373734,0.013481149,700.0000
mixtral-dev251,8,sim,idle,10.376373734,10.398081691,0.021707957,84.0000
mixtral-dev251,8,sim,idle,10.398081691,10.398081848,0.000000157,84.0000
mixtral-dev251,8,sim,addnorm,10.398081848,10.398225857,0.000144010,140.0000
mixtral-dev251,8,sim,idle,10.398225857,10.398226014,0.000000157,84.0000
mixtral-dev251,8,sim,addnorm,10.398226014,10.398228556,0.000002542,140.0000
mixtral-dev251,8,sim,idle,10.398228556,10.398228713,0.000000157,84.0000
mixtral-dev251,8,sim,experts,10.398228713,10.399822691,0.001593978,700.0000
mixtral-dev251,8,sim,idle,10.399822691,10.399935508,0.000112817,84.0000
mixtral-dev251,8,sim,experts,10.399935508,10.402943642,0.003008134,700.0000
mixtral-dev251,8,sim,idle,10.402943642,10.403056459,0.000112817,84.0000
mixtral-dev251,8,sim,addnorm,10.403056459,10.403058544,0.000002084,140.0000
mixtral-dev251,8,sim,idle,10.403058544,10.403058701,0.000000157,84.0000
mixtral-dev251,8,sim,addnorm,10.403058701,10.403351552,0.000292851,140.0000
mixtral-dev251,8,sim,idle,10.403351552,10.403351709,0.000000157,84.0000
mixtral-dev251,8,sim,idle,10.403351709,10.403351866,0.000000157,84.0000
mixtral-dev251,8,sim,gate,10.403351866,10.403355168,0.000003302,280.0000
mixtral-dev251,8,sim,idle,10.403355168,10.425825249,0.022470081,84.0000
mixtral-dev251,8,sim,gate,10.425825249,10.426004302,0.000179053,280.0000
mixtral-dev251,8,sim,idle,10.426004302,10.426004458,0.000000157,84.0000
mixtral-dev251,8,sim,experts,10.426004458,10.445222319,0.019217861,700.0000
mixtral-dev251,8,sim,idle,10.445222319,10.445447017,0.000224698,84.0000
mixtral-dev251,8,sim,experts,10.445447017,10.465226755,0.019779738,700.0000
mixtral-dev251,8,sim,idle,10.465226755,10.482747495,0.017520740,84.0000
mixtral-dev251,8,sim,idle,10.482747495,10.482747652,0.000000157,84.0000
mixtral-dev251,8,sim,idle,10.482747652,10.482747808,0.000000157,84.0000
mixtral-dev251,8,sim,gate,10.482747808,10.482840736,0.000092928,280.0000
mixtral-dev251,8,sim,idle,10.482840736,10.482841893,0.000001156,84.0000
mixtral-dev251,8,sim,addnorm,10.482841893,10.482843999,0.000002107,140.0000
mixtral-dev251,8,sim,idle,10.482843999,10.482844156,0.000000157,84.0000
mixtral-dev251,8,sim,addnorm,10.482844156,10.483137007,0.000292851,140.0000
mixtral-dev251,8,sim,idle,10.483137007,10.483137164,0.000000157,84.0000
mixtral-dev251,8,sim,attention,10.483137164,10.507753096,0.024615932,700.0000
mixtral-dev251,8,sim,idle,10.507753096,10.899224937,0.391471841,84.0000
mixtral-dev251,9,sim,idle,10.899224937,11.182382545,0.283157608,84.0000
mixtral-dev251,9,sim,attention,11.182382545,11.194690511,0.012307966,700.0000
mixtral-dev251,9,sim,idle,11.194690511,11.194690668,0.000000157,84.0000
mixtral-dev251,9,sim,addnorm,11.194690668,11.194834677,0.000144010,140.0000
mixtral-dev251,9,sim,idle,11.194834677,11.194834834,0.000000157,84.0000
mixtral-dev251,9,sim,addnorm,11.194834834,11.194837368,0.000002533,140.0000
mixtral-dev251,9,sim,idle,11.194837368,11.194837524,0.000000157,84.0000
mixtral-dev251,9,sim,gate,11.194837524,11.194874923,0.000037398,280.0000
mixtral-dev251,9,sim,idle,11.194874923,11.194876079,0.000001156,84.0000
mixtral-dev251,9,sim,idle,11.194876079,11.194876236,0.000000157,84.0000
mixtral-dev251,9,sim,gate,11.194876236,11.194893282,0.000017046,280.0000
mixtral-dev251,9,sim,idle,11.194893282,11.216741168,0.021847886,84.0000
mixtral-dev251,9,sim,experts,11.216741168,11.227580547,0.010839379,700.0000
mixtral-dev251,9,sim,idle,11.227580547,11.228364642,0.000784095,84.0000
mixtral-dev251,9,sim,experts,11.228364642,11.238016057,0.009651415,700.0000
mixtral-dev251,9,sim,idle,11.238016057,11.238240755,0.000224698,84.0000
mixtral-dev251,9,sim,experts,11.238240755,11.251721905,0.013481149,700.0000
mixtral-dev251,9,sim,idle,11.251721905,11.273484726,0.021762821,84.0000
mixtral-dev251,9,sim,idle,11.273484726,11.273484883,0.000000157,84.0000
mixtral-dev251,9,sim,addnorm,11.273484883,11.273628892,0.000144010,140.0000
mixtral-dev251,9,sim,idle,11.273628892,11.273629049,0.000000157,84.0000
mixtral-dev251,9,sim,addnorm,11.273629049,11.273631591,0.000002542,140.0000
mixtral-dev251,9,sim,idle,11.273631591,11.273631748,0.000000157,84.0000
mixtral-dev251,9,sim,experts,11.273631748,11.275225726,0.001593978,700.0000
mixtral-dev251,9,sim,idle,11.275225726,11.275338543,0.000112817,84.0000
mixtral-dev251,9,sim,experts,11.275338543,11.278346677,0.003008134,700.0000
mixtral-dev251,9,sim,idle,11.278346677,11.278459494,0.000112817,84.0000
mixtral-dev251,9,sim,addnorm,11.278459494,11.278461579,0.000002084,140.0000
mixtral-dev251,9,sim,idle,11.278461579,11.278461736,0.000000157,84.0000
mixtral-dev251,9,sim,addnorm,11.278461736,11.278754587,0.000292851,140.0000
mixtral-dev251,9,sim,idle,11.278754587,11.278754744,0.000000157,84.0000
mixtral-dev251,9,sim,idle,11.278754744,11.278754900,0.000000157,84.0000
mixtral-dev251,9,sim,gate,11.278754900,11.278758203,0.000003302,280.0000
mixtral-dev251,9,sim,idle,11.278758203,11.280088926,0.001330724,84.0000
mixtral-dev251,9,sim,attention,11.280088926,11.292396892,0.012307966,700.0000
mixtral-dev251,9,sim,idle,11.292396892,11.292397049,0.000000157,84.0000
mixtral-dev251,9,sim,addnorm,11.292397049,11.292541059,0.000144010,140.0000
mixtral-dev251,9,sim,idle,11.292541059,11.292541216,0.000000157,84.0000
mixtral-dev251,9,sim,addnorm,11.292541216,11.292543749,0.000002533,140.0000
mixtral-dev251,9,sim,idle,11.292543749,11.292543906,0.000000157,84.0000
mixtral-dev251,9,sim,gate,11.292543906,11.292581304,0.000037398,280.0000
mixtral-dev251,9,sim,idle,11.292581304,11.292582460,0.000001156,84.0000
mixtral-dev251,9,sim,idle,11.292582460,11.292582617,0.000000157,84.0000
mixtral-dev251,9,sim,gate,11.292582617,11.292599664,0.000017046,280.0000
mixtral-dev251,9,sim,idle,11.292599664,11.301105878,0.008506214,84.0000
mixtral-dev251,9,sim,gate,11.301105878,11.301284931,0.000179053,280.0000
mixtral-dev251,9,sim,idle,11.301284931,11.301285087,0.000000157,84.0000
mixtral-dev251,9,sim,experts,11.301285087,11.360773480,0.059488392,700.0000
mixtral-dev251,9,sim,idle,11.360773480,11.360998178,0.000224698,84.0000
mixtral-dev251,9,sim,experts,11.360998178,11.374479328,0.013481149,700.0000
mixtral-dev251,9,sim,idle,11.374479328,11.374479485,0.000000158,84.0000
mixtral-dev251,9,sim,idle,11.374479485,11.374479642,0.000000157,84.0000
mixtral-dev251,9,sim,gate,11.374479642,11.374572570,0.000092928,280.0000
mixtral-dev251,9,sim,idle,11.374572570,11.374573726,0.000001156,84.0000
mixtral-dev251,9,sim,addnorm,11.374573726,11.374575833,0.000002107,140.0000
mixtral-dev251,9,sim,idle,11.374575833,11.374575990,0.000000157,84.0000
mixtral-dev251,9,sim,addnorm,11.374575990,11.374868841,0.000292851,140.0000
mixtral-dev251,9,sim,idle,11.374868841,11.374868998,0.000000157,84.0000
mixtral-dev251,9,sim,attention,11.374868998,11.399484929,0.024615932,700.0000
mixtral-dev251,9,sim,idle,11.399484929,11.399485087,0.000000158,84.0000
mixtral-dev251,9,sim,addnorm,11.399485087,11.399629097,0.000144010,140.0000
mixtral-dev251,9,sim,idle,11.399629097,11.399629253,0.000000157,84.0000
mixtral-dev251,9,sim,addnorm,11.399629253,11.399631795,0.000002542,140.0000
mixtral-dev251,9,sim,idle,11.399631795,11.399631952,0.000000157,84.0000
mixtral-dev251,9,sim,experts,11.399631952,11.401225930,0.001593978,700.0000
mixtral-dev251,9,sim,idle,11.401225930,11.401338747,0.000112817,84.0000
mixtral-dev251,9,sim,experts,11.401338747,11.404346882,0.003008134,700.0000
mixtral-dev251,9,sim,idle,11.404346882,11.404459699,0.000112817,84.0000
mixtral-dev251,9,sim,addnorm,11.404459699,11.404461783,0.000002084,140.0000
mixtral-dev251,9,sim,idle,11.404461783,11.404461940,0.000000157,84.0000
mixtral-dev251,9,sim,addnorm,11.404461940,11.404754791,0.000292851,140.0000
mixtral-dev251,9,sim,idle,11.404754791,11.404754948,0.000000157,84.0000
mixtral-dev251,9,sim,idle,11.404754948,11.404755105,0.000000157,84.0000
mixtral-dev251,9,sim,gate,11.404755105,11.404758407,0.000003302,280.0000
mixtral-dev251,9,sim,idle,11.404758407,11.426867059,0.022108652,84.0000
mixtral-dev251,9,sim,gate,11.426867059,11.427046112,0.000179053,280.0000
mixtral-dev251,9,sim,idle,11.427046112,11.427046269,0.000000157,84.0000
mixtral-dev251,9,sim,experts,11.427046269,11.446264129,0.019217861,700.0000
mixtral-dev251,9,sim,idle,11.446264129,11.446488828,0.000224698,84.0000
mixtral-dev251,9,sim,experts,11.446488828,11.466268565,0.019779738,700.0000
mixtral-dev251,9,sim,attention,11.466268565,11.478576531,0.012307966,700.0000
mixtral-dev251,9,sim,idle,11.478576531,11.478576688,0.000000157,84.0000
mixtral-dev251,9,sim,addnorm,11.478576688,11.478720698,0.000144010,140.0000
mixtral-dev251,9,sim,idle,11.478720698,11.478720854,0.000000157,84.0000
mixtral-dev251,9,sim,addnorm,11.478720854,11.478723388,0.000002533,140.0000
mixtral-dev251,9,sim,idle,11.478723388,11.478723545,0.000000157,84.0000
mixtral-dev251,9,sim,gate,11.478723545,11.478760943,0.000037398,280.0000
mixtral-dev251,9,sim,idle,11.478760943,11.478762099,0.000001156,84.0000
mixtral-dev251,9,sim,idle,11.478762099,11.478762256,0.000000157,84.0000
mixtral-dev251,9,sim,gate,11.478762256,11.478779303,0.000017046,280.0000
mixtral-dev251,9,sim,idle,11.478779303,11.490187712,0.011408410,84.0000
mixtral-dev251,9,sim,idle,11.490187712,11.490187869,0.000000157,84.0000
mixtral-dev251,9,sim,idle,11.490187869,11.490188026,0.000000157,84.0000
mixtral-dev251,9,sim,gate,11.490188026,11.490280954,0.000092928,280.0000
mixtral-dev251,9,sim,idle,11.490280954,11.490282110,0.000001156,84.0000
mixtral-dev251,9,sim,addnorm,11.490282110,11.490284216,0.000002107,140.0000
mixtral-dev251,9,sim,idle,11.490284216,11.490284373,0.000000157,84.0000
mixtral-dev251,9,sim,addnorm,11.490284373,11.490577224,0.000292851,140.0000
mixtral-dev251,9,sim,idle,11.490577224,11.490577381,0.000000157,84.0000
mixtral-dev251,9,sim,attention,11.490577381,11.515193313,0.024615932,700.0000
mixtral-dev251,9,sim,experts,11.515193313,11.526032692,0.010839379,700.0000
mixtral-dev251,9,sim,idle,11.526032692,11.526816787,0.000784095,84.0000
mixtral-dev251,9,sim,experts,11.526816787,11.536468202,0.009651415,700.0000
mixtral-dev251,9,sim,idle,11.536468202,11.536692900,0.000224698,84.0000
mixtral-dev251,9,sim,experts,11.536692900,11.550174050,0.013481149,700.0000
mixtral-dev251,9,sim,idle,11.550174050,11.572230023,0.022055973,84.0000
mixtral-dev251,9,sim,idle,11.572230023,11.572230180,0.000000157,84.0000
mixtral-dev251,9,sim,addnorm,11.572230180,11.572374190,0.000144010,140.0000
mixtral-dev251,9,sim,idle,11.572374190,11.572374346,0.000000157,84.0000
mixtral-dev251,9,sim,addnorm,11.572374346,11.572376888,0.000002542,140.0000
mixtral-dev251,9,sim,idle,11.572376888,11.572377045,0.000000157,84.0000
mixtral-dev251,9,sim,experts,11.572377045,11.573971023,0.001593978,700.0000
mixtral-dev251,9,sim,idle,11.573971023,11.574083840,0.000112817,84.0000
mixtral-dev251,9,sim,experts,11.574083840,11.577091975,0.003008134,700.0000
mixtral-dev251,9,sim,idle,11.577091975,11.577204792,0.000112817,84.0000
mixtral-dev251,9,sim,addnorm,11.577204792,11.577206876,0.000002084,140.0000
mixtral-dev251,9,sim,idle,11.577206876,11.577207033,0.000000157,84.0000
mixtral-dev251,9,sim,addnorm,11.577207033,11.577499884,0.000292851,140.0000
mixtral-dev251,9,sim,idle,11.577499884,11.577500041,0.000000157,84.0000
mixtral-dev251,9,sim,idle,11.577500041,11.577500198,0.000000157,84.0000
mixtral-dev251,9,sim,gate,11.577500198,11.577503500,0.000003302,280.0000
mixtral-dev251,9,sim,idle,11.577503500,11.599677263,0.022173763,84.0000
mixtral-dev251,9,sim,gate,11.599677263,11.599856316,0.000179053,280.0000
mixtral-dev251,9,sim,idle,11.599856316,11.599856472,0.000000157,84.0000
mixtral-dev251,9,sim,experts,11.599856472,11.619074333,0.019217861,700.0000
mixtral-dev251,9,sim,attention,11.619074333,11.631382299,0.012307966,700.0000
mixtral-dev251,9,sim,experts,11.631382299,11.651162037,0.019779738,700.0000
mixtral-dev251,9,sim,addnorm,11.651162037,11.651306046,0.000144010,140.0000
mixtral-dev251,9,sim,idle,11.651306046,11.651306372,0.000000325,84.0000
mixtral-dev251,9,sim,addnorm,11.651306372,11.651308905,0.000002533,140.0000
mixtral-dev251,9,sim,idle,11.651308905,11.651309254,0.000000349,84.0000
mixtral-dev251,9,sim,gate,11.651309254,11.651346652,0.000037398,280.0000
mixtral-dev251,9,sim,idle,11.651346652,11.651350401,0.000003749,84.0000
mixtral-dev251,9,sim,idle,11.651350401,11.651350999,0.000000598,84.0000
mixtral-dev251,9,sim,gate,11.651350999,11.651368045,0.000017046,280.0000
mixtral-dev251,9,sim,idle,11.651368045,11.679570293,0.028202248,84.0000
mixtral-dev251,9,sim,experts,11.679570293,11.690409672,0.010839379,700.0000
mixtral-dev251,9,sim,idle,11.690409672,11.690409909,0.000000237,84.0000
mixtral-dev251,9,sim,idle,11.690409909,11.690410070,0.000000161,84.0000
mixtral-dev251,9,sim,gate,11.690410070,11.690502998,0.000092928,280.0000
mixtral-dev251,9,sim,idle,11.690502998,11.690507743,0.000004745,84.0000
mixtral-dev251,9,sim,addnorm,11.690507743,11.690509849,0.000002107,140.0000
mixtral-dev251,9,sim,idle,11.690509849,11.690510620,0.000000771,84.0000
mixtral-dev251,9,sim,addnorm,11.690510620,11.690803472,0.000292851,140.0000
mixtral-dev251,9,sim,idle,11.690803472,11.690803656,0.000000184,84.0000
mixtral-dev251,9,sim,attention,11.690803656,11.715419588,0.024615932,700.0000
mixtral-dev251,9,sim,experts,11.715419588,11.725071003,0.009651415,700.0000
mixtral-dev251,9,sim,idle,11.725071003,11.725295701,0.000224698,84.0000
mixtral-dev251,9,sim,experts,11.725295701,11.738776851,0.013481149,700.0000
mixtral-dev251,9,sim,idle,11.738776851,11.760484808,0.021707957,84.0000
mixtral-dev251,9,sim,idle,11.760484808,11.760484965,0.000000157,84.0000
mixtral-dev251,9,sim,addnorm,11.760484965,11.760628974,0.000144010,140.0000
mixtral-dev251,9,sim,idle,11.760628974,11.760629131,0.000000157,84.0000
mixtral-dev251,9,sim,addnorm,11.760629131,11.760631673,0.000002542,140.0000
mixtral-dev251,9,sim,idle,11.760631673,11.760631830,0.000000157,84.0000
mixtral-dev251,9,sim,experts,11.760631830,11.762225808,0.001593978,700.0000
mixtral-dev251,9,sim,idle,11.762225808,11.762338625,0.000112817,84.0000
mixtral-dev251,9,sim,experts,11.762338625,11.765346759,0.003008134,700.0000
mixtral-dev251,9,sim,idle,11.765346759,11.765459577,0.000112817,84.0000
mixtral-dev251,9,sim,addnorm,11.765459577,11.765461661,0.000002084,140.0000
mixtral-dev251,9,sim,idle,11.765461661,11.765461818,0.000000157,84.0000
mixtral-dev251,9,sim,addnorm,11.765461818,11.765754669,0.000292851,140.0000
mixtral-dev251,9,sim,idle,11.765754669,11.765754826,0.000000157,84.0000
mixtral-dev251,9,sim,idle,11.765754826,11.765754983,0.000000157,84.0000
mixtral-dev251,9,sim,gate,11.765754983,11.765758285,0.000003302,280.0000
mixtral-dev251,9,sim,idle,11.765758285,11.788228366,0.022470081,84.0000
mixtral-dev251,9,sim,gate,11.788228366,11.788407419,0.000179053,280.0000
mixtral-dev251,9,sim,idle,11.788407419,11.788407575,0.000000157,84.0000
mixtral-dev251,9,sim,experts,11.788407575,11.807625436,0.019217861,700.0000
mixtral-dev251,9,sim,idle,11.807625436,11.807850134,0.000224698,84.0000
mixtral-dev251,9,sim,experts,11.807850134,11.827629872,0.019779738,700.0000
mixtral-dev251,9,sim,idle,11.827629872,11.845150612,0.017520740,84.0000
mixtral-dev251,9,sim,idle,11.845150612,11.845150769,0.000000157,84.0000
mixtral-dev251,9,sim,idle,11.845150769,11.845150926,0.000000157,84.0000
mixtral-dev251,9,sim,gate,11.845150926,11.845243854,0.000092928,280.0000
mixtral-dev251,9,sim,idle,11.845243854,11.845245010,0.000001156,84.0000
mixtral-dev251,9,sim,addnorm,11.845245010,11.845247116,0.000002107,140.0000
mixtral-dev251,9,sim,idle,11.845247116,11.845247273,0.000000157,84.0000
mixtral-dev251,9,sim,addnorm,11.845247273,11.845540124,0.000292851,140.0000
mixtral-dev251,9,sim,idle,11.845540124,11.845540281,0.000000157,84.0000
mixtral-dev251,9,sim,attention,11.845540281,11.870156213,0.024615932,700.0000
mixtral-dev251,9,sim,idle,11.870156213,12.261628054,0.391471841,84.0000
mixtral-dev251,10,sim,idle,12.261628054,12.544785662,0.283157608,84.0000
mixtral-dev251,10,sim,attention,12.544785662,12.557093628,0.012307966,700.0000
mixtral-dev251,10,sim,idle,12.557093628,12.557093785,0.000000157,84.0000
mixtral-dev251,10,sim,addnorm,12.557093785,12.557237795,0.000144010,140.0000
mixtral-dev251,10,sim,idle,12.557237795,12.557237951,0.000000157,84.0000
mixtral-dev251,10,sim,addnorm,12.557237951,12.557240485,0.000002533,140.0000
mixtral-dev251,10,sim,idle,12.557240485,12.557240642,0.000000157,84.0000
mixtral-dev251,10,sim,gate,12.557240642,12.557278040,0.000037398,280.0000
mixtral-dev251,10,sim,idle,12.557278040,12.557279196,0.000001156,84.0000
mixtral-dev251,10,sim,idle,12.557279196,12.557279353,0.000000157,84.0000
mixtral-dev251,10,sim,gate,12.557279353,12.557296399,0.000017046,280.0000
mixtral-dev251,10,sim,idle,12.557296399,12.579144285,0.021847886,84.0000
mixtral-dev251,10,sim,experts,12.579144285,12.589983664,0.010839379,700.0000
mixtral-dev251,10,sim,idle,12.589983664,12.590767759,0.000784095,84.0000
mixtral-dev251,10,sim,experts,12.590767759,12.600419174,0.009651415,700.0000
mixtral-dev251,10,sim,idle,12.600419174,12.600643872,0.000224698,84.0000
mixtral-dev251,10,sim,experts,12.600643872,12.614125022,0.013481149,700.0000
mixtral-dev251,10,sim,idle,12.614125022,12.635887843,0.021762821,84.0000
mixtral-dev251,10,sim,idle,12.635887843,12.635888000,0.000000157,84.0000
mixtral-dev251,10,sim,addnorm,12.635888000,12.636032009,0.000144010,140.0000
mixtral-dev251,10,sim,idle,12.636032009,12.636032166,0.000000157,84.0000
mixtral-dev251,10,sim,addnorm,12.636032166,12.636034708,0.000002542,140.0000
mixtral-dev251,10,sim,idle,12.636034708,12.636034865,0.000000157,84.0000
mixtral-dev251,10,sim,experts,12.636034865,12.637628843,0.001593978,700.0000
mixtral-dev251,10,sim,idle,12.637628843,12.637741660,0.000112817,84.0000
mixtral-dev251,10,sim,experts,12.637741660,12.640749794,0.003008134,700.0000
mixtral-dev251,10,sim,idle,12.640749794,12.640862611,0.000112817,84.0000
mixtral-dev251,10,sim,addnorm,12.640862611,12.640864696,0.000002084,140.0000
mixtral-dev251,10,sim,idle,12.640864696,12.640864853,0.000000157,84.0000
mixtral-dev251,10,sim,addnorm,12.640864853,12.641157704,0.000292851,140.0000
mixtral-dev251,10,sim,idle,12.641157704,12.641157861,0.000000157,84.0000
mixtral-dev251,10,sim,idle,12.641157861,12.641158018,0.000000157,84.0000
mixtral-dev251,10,sim,gate,12.641158018,12.641161320,0.000003302,280.0000
mixtral-dev251,10,sim,idle,12.641161320,12.642492044,0.001330724,84.0000
mixtral-dev251,10,sim,attention,12.642492044,12.654800010,0.012307966,700.0000
mixtral-dev251,10,sim,idle,12.654800010,12.654800166,0.000000157,84.0000
mixtral-dev251,10,sim,addnorm,12.654800166,12.654944176,0.000144010,140.0000
mixtral-dev251,10,sim,idle,12.654944176,12.654944333,0.000000157,84.0000
mixtral-dev251,10,sim,addnorm,12.654944333,12.654946866,0.000002533,140.0000
mixtral-dev251,10,sim,idle,12.654946866,12.654947023,0.000000157,84.0000
mixtral-dev251,10,sim,gate,12.654947023,12.654984421,0.000037398,280.0000
mixtral-dev251,10,sim,idle,12.654984421,12.654985578,0.000001156,84.0000
mixtral-dev251,10,sim,idle,12.654985578,12.654985734,0.000000157,84.0000
mixtral-dev251,10,sim,gate,12.654985734,12.655002781,0.000017046,280.0000
mixtral-dev251,10,sim,idle,12.655002781,12.663508995,0.008506214,84.0000
mixtral-dev251,10,sim,gate,12.663508995,12.663688048,0.000179053,280.0000
mixtral-dev251,10,sim,idle,12.663688048,12.663688205,0.000000157,84.0000
mixtral-dev251,10,sim,experts,12.663688205,12.723176597,0.059488392,700.0000
mixtral-dev251,10,sim,idle,12.723176597,12.723401295,0.000224698,84.0000
mixtral-dev251,10,sim,experts,12.723401295,12.736882445,0.013481149,700.0000
mixtral-dev251,10,sim,idle,12.736882445,12.736882602,0.000000158,84.0000
mixtral-dev251,10,sim,idle,12.736882602,12.736882759,0.000000157,84.0000
mixtral-dev251,10,sim,gate,12.736882759,12.736975687,0.000092928,280.0000
mixtral-dev251,10,sim,idle,12.736975687,12.736976843,0.000001156,84.0000
mixtral-dev251,10,sim,addnorm,12.736976843,12.736978950,0.000002107,140.0000
mixtral-dev251,10,sim,idle,12.736978950,12.736979107,0.000000157,84.0000
mixtral-dev251,10,sim,addnorm,12.736979107,12.737271958,0.000292851,140.0000
mixtral-dev251,10,sim,idle,12.737271958,12.737272115,0.000000157,84.0000
mixtral-dev251,10,sim,attention,12.737272115,12.761888047,0.024615932,700.0000
mixtral-dev251,10,sim,idle,12.761888047,12.761888204,0.000000158,84.0000
mixtral-dev251,10,sim,addnorm,12.761888204,12.762032214,0.000144010,140.0000
mixtral-dev251,10,sim,idle,12.762032214,12.762032371,0.000000157,84.0000
mixtral-dev251,10,sim,addnorm,12.762032371,12.762034913,0.000002542,140.0000
mixtral-dev251,10,sim,idle,12.762034913,12.762035069,0.000000157,84.0000
mixtral-dev251,10,sim,experts,12.762035069,12.763629047,0.001593978,700.0000
mixtral-dev251,10,sim,idle,12.763629047,12.763741864,0.000112817,84.0000
mixtral-dev251,10,sim,experts,12.763741864,12.766749999,0.003008134,700.0000
mixtral-dev251,10,sim,idle,12.766749999,12.766862816,0.000112817,84.0000
mixtral-dev251,10,sim,addnorm,12.766862816,12.766864900,0.000002084,140.0000
mixtral-dev251,10,sim,idle,12.766864900,12.766865057,0.000000157,84.0000
mixtral-dev251,10,sim,addnorm,12.766865057,12.767157908,0.000292851,140.0000
mixtral-dev251,10,sim,idle,12.767157908,12.767158065,0.000000157,84.0000
mixtral-dev251,10,sim,idle,12.767158065,12.767158222,0.000000157,84.0000
mixtral-dev251,10,sim,gate,12.767158222,12.767161524,0.000003302,280.0000
mixtral-dev251,10,sim,idle,12.767161524,12.789270176,0.022108652,84.0000
mixtral-dev251,10,sim,gate,12.789270176,12.789449229,0.000179053,280.0000
mixtral-dev251,10,sim,idle,12.789449229,12.789449386,0.000000157,84.0000
mixtral-dev251,10,sim,experts,12.789449386,12.808667246,0.019217861,700.0000
mixtral-dev251,10,sim,idle,12.808667246,12.808891945,0.000224698,84.0000
mixtral-dev251,10,sim,experts,12.808891945,12.828671682,0.019779738,700.0000
mixtral-dev251,10,sim,attention,12.828671682,12.840979648,0.012307966,700.0000
mixtral-dev251,10,sim,idle,12.840979648,12.840979805,0.000000157,84.0000
mixtral-dev251,10,sim,addnorm,12.840979805,12.841123815,0.000144010,140.0000
mixtral-dev251,10,sim,idle,12.841123815,12.841123972,0.000000157,84.0000
mixtral-dev251,10,sim,addnorm,12.841123972,12.841126505,0.000002533,140.0000
mixtral-dev251,10,sim,idle,12.841126505,12.841126662,0.000000157,84.0000
mixtral-dev251,10,sim,gate,12.841126662,12.841164060,0.000037398,280.0000
mixtral-dev251,10,sim,idle,12.841164060,12.841165216,0.000001156,84.0000
mixtral-dev251,10,sim,idle,12.841165216,12.841165373,0.000000157,84.0000
mixtral-dev251,10,sim,gate,12.841165373,12.841182420,0.000017046,280.0000
mixtral-dev251,10,sim,idle,12.841182420,12.852590829,0.011408410,84.0000
mixtral-dev251,10,sim,idle,12.852590829,12.852590986,0.000000157,84.0000
mixtral-dev251,10,sim,idle,12.852590986,12.852591143,0.000000157,84.0000
mixtral-dev251,10,sim,gate,12.852591143,12.852684071,0.000092928,280.0000
mixtral-dev251,10,sim,idle,12.852684071,12.852685227,0.000001156,84.0000
mixtral-dev251,10,sim,addnorm,12.852685227,12.852687334,0.000002107,140.0000
mixtral-dev251,10,sim,idle,12.852687334,12.852687490,0.000000157,84.0000
mixtral-dev251,10,sim,addnorm,12.852687490,12.852980342,0.000292851,140.0000
mixtral-dev251,10,sim,idle,12.852980342,12.852980498,0.000000157,84.0000
mixtral-dev251,10,sim,attention,12.852980498,12.877596430,0.024615932,700.0000
mixtral-dev251,10,sim,experts,12.877596430,12.888435809,0.010839379,700.0000
mixtral-dev251,10,sim,idle,12.888435809,12.889219904,0.000784095,84.0000
mixtral-dev251,10,sim,experts,12.889219904,12.898871319,0.009651415,700.0000
mixtral-dev251,10,sim,idle,12.898871319,12.899096017,0.000224698,84.0000
mixtral-dev251,10,sim,experts,12.899096017,12.912577167,0.013481149,700.0000
mixtral-dev251,10,sim,idle,12.912577167,12.934633140,0.022055973,84.0000
mixtral-dev251,10,sim,idle,12.934633140,12.934633297,0.000000157,84.0000
mixtral-dev251,10,sim,addnorm,12.934633297,12.934777307,0.000144010,140.0000
mixtral-dev251,10,sim,idle,12.934777307,12.934777463,0.000000157,84.0000
mixtral-dev251,10,sim,addnorm,12.934777463,12.934780006,0.000002542,140.0000
mixtral-dev251,10,sim,idle,12.934780006,12.934780162,0.000000157,84.0000
mixtral-dev251,10,sim,experts,12.934780162,12.936374140,0.001593978,700.0000
mixtral-dev251,10,sim,idle,12.936374140,12.936486957,0.000112817,84.0000
mixtral-dev251,10,sim,experts,12.936486957,12.939495092,0.003008134,700.0000
mixtral-dev251,10,sim,idle,12.939495092,12.939607909,0.000112817,84.0000
mixtral-dev251,10,sim,addnorm,12.939607909,12.939609993,0.000002084,140.0000
mixtral-dev251,10,sim,idle,12.939609993,12.939610150,0.000000157,84.0000
mixtral-dev251,10,sim,addnorm,12.939610150,12.939903001,0.000292851,140.0000
mixtral-dev251,10,sim,idle,12.939903001,12.939903158,0.000000157,84.0000
mixtral-dev251,10,sim,idle,12.939903158,12.939903315,0.000000157,84.0000
mixtral-dev251,10,sim,gate,12.939903315,12.939906617,0.000003302,280.0000
mixtral-dev251,10,sim,idle,12.939906617,12.962080380,0.022173763,84.0000
mixtral-dev251,10,sim,gate,12.962080380,12.962259433,0.000179053,280.0000
mixtral-dev251,10,sim,idle,12.962259433,12.962259590,0.000000157,84.0000
mixtral-dev251,10,sim,experts,12.962259590,12.981477450,0.019217861,700.0000
mixtral-dev251,10,sim,attention,12.981477450,12.993785416,0.012307966,700.0000
mixtral-dev251,10,sim,experts,12.993785416,13.013565154,0.019779738,700.0000
mixtral-dev251,10,sim,addnorm,13.013565154,13.013709163,0.000144010,140.0000
mixtral-dev251,10,sim,idle,13.013709163,13.013709489,0.000000325,84.0000
mixtral-dev251,10,sim,addnorm,13.013709489,13.013712022,0.000002533,140.0000
mixtral-dev251,10,sim,idle,13.013712022,13.013712371,0.000000349,84.0000
mixtral-dev251,10,sim,gate,13.013712371,13.013749770,0.000037398,280.0000
mixtral-dev251,10,sim,idle,13.013749770,13.013753518,0.000003749,84.0000
mixtral-dev251,10,sim,idle,13.013753518,13.013754116,0.000000598,84.0000
mixtral-dev251,10,sim,gate,13.013754116,13.013771163,0.000017046,280.0000
mixtral-dev251,10,sim,idle,13.013771163,13.041973410,0.028202248,84.0000
mixtral-dev251,10,sim,experts,13.041973410,13.052812789,0.010839379,700.0000
mixtral-dev251,10,sim,idle,13.052812789,13.052813026,0.000000237,84.0000
mixtral-dev251,10,sim,idle,13.052813026,13.052813187,0.000000161,84.0000
mixtral-dev251,10,sim,gate,13.052813187,13.052906115,0.000092928,280.0000
mixtral-dev251,10,sim,idle,13.052906115,13.052910860,0.000004745,84.0000
mixtral-dev251,10,sim,addnorm,13.052910860,13.052912966,0.000002107,140.0000
mixtral-dev251,10,sim,idle,13.052912966,13.052913737,0.000000771,84.0000
mixtral-dev251,10,sim,addnorm,13.052913737,13.053206589,0.000292851,140.0000
mixtral-dev251,10,sim,idle,13.053206589,13.053206773,0.000000184,84.0000
mixtral-dev251,10,sim,attention,13.053206773,13.077822705,0.024615932,700.0000
mixtral-dev251,10,sim,experts,13.077822705,13.087474120,0.009651415,700.0000
mixtral-dev251,10,sim,idle,13.087474120,13.087698818,0.000224698,84.0000
mixtral-dev251,10,sim,experts,13.087698818,13.101179968,0.013481149,700.0000
mixtral-dev251,10,sim,idle,13.101179968,13.122887925,0.021707957,84.0000
mixtral-dev251,10,sim,idle,13.122887925,13.122888082,0.000000157,84.0000
mixtral-dev251,10,sim,addnorm,13.122888082,13.123032092,0.000144010,140.0000
mixtral-dev251,10,sim,idle,13.123032092,13.123032248,0.000000157,84.0000
mixtral-dev251,10,sim,addnorm,13.123032248,13.123034790,0.000002542,140.0000
mixtral-dev251,10,sim,idle,13.123034790,13.123034947,0.000000157,84.0000
mixtral-dev251,10,sim,experts,13.123034947,13.124628925,0.001593978,700.0000
mixtral-dev251,10,sim,idle,13.124628925,13.124741742,0.000112817,84.0000
mixtral-dev251,10,sim,experts,13.124741742,13.127749877,0.003008134,700.0000
mixtral-dev251,10,sim,idle,13.127749877,13.127862694,0.000112817,84.0000
mixtral-dev251,10,sim,addnorm,13.127862694,13.127864778,0.000002084,140.0000
mixtral-dev251,10,sim,idle,13.127864778,13.127864935,0.000000157,84.0000
mixtral-dev251,10,sim,addnorm,13.127864935,13.128157786,0.000292851,140.0000
mixtral-dev251,10,sim,idle,13.128157786,13.128157943,0.000000157,84.0000
mixtral-dev251,10,sim,idle,13.128157943,13.128158100,0.000000157,84.0000
mixtral-dev251,10,sim,gate,13.128158100,13.128161402,0.000003302,280.0000
mixtral-dev251,10,sim,idle,13.128161402,13.150631483,0.022470081,84.0000
mixtral-dev251,10,sim,gate,13.150631483,13.150810536,0.000179053,280.0000
mixtral-dev251,10,sim,idle,13.150810536,13.150810693,0.000000157,84.0000
mixtral-dev251,10,sim,experts,13.150810693,13.170028553,0.019217861,700.0000
mixtral-dev251,10,sim,idle,13.170028553,13.170253252,0.000224698,84.0000
mixtral-dev251,10,sim,experts,13.170253252,13.190032989,0.019779738,700.0000
mixtral-dev251,10,sim,idle,13.190032989,13.207553729,0.017520740,84.0000
mixtral-dev251,10,sim,idle,13.207553729,13.207553886,0.000000157,84.0000
mixtral-dev251,10,sim,idle,13.207553886,13.207554043,0.000000157,84.0000
mixtral-dev251,10,sim,gate,13.207554043,13.207646971,0.000092928,280.0000
mixtral-dev251,10,sim,idle,13.207646971,13.207648127,0.000001156,84.0000
mixtral-dev251,10,sim,addnorm,13.207648127,13.207650233,0.000002107,140.0000
mixtral-dev251,10,sim,idle,13.207650233,13.207650390,0.000000157,84.0000
mixtral-dev251,10,sim,addnorm,13.207650390,13.207943241,0.000292851,140.0000
mixtral-dev251,10,sim,idle,13.207943241,13.207943398,0.000000157,84.0000
mixtral-dev251,10,sim,attention,13.207943398,13.232559330,0.024615932,700.0000
mixtral-dev251,10,sim,idle,13.232559330,13.624031171,0.391471841,84.0000
