model,iteration,direction,phase,start_s,end_s,duration_s,power_w
mixtral-dev68,1,sim,idle,0.000000000,0.095304287,0.095304287,84.0000
mixtral-dev68,1,sim,attention,0.095304287,0.107612253,0.012307966,700.0000
mixtral-dev68,1,sim,idle,0.107612253,0.107612414,0.000000162,84.0000
mixtral-dev68,1,sim,addnorm,0.107612414,0.107756619,0.000144205,140.0000
mixtral-dev68,1,sim,idle,0.107756619,0.107756781,0.000000162,84.0000
mixtral-dev68,1,sim,addnorm,0.107756781,0.107759321,0.000002540,140.0000
mixtral-dev68,1,sim,idle,0.107759321,0.107759483,0.000000162,84.0000
mixtral-dev68,1,sim,gate,0.107759483,0.107797905,0.000038422,280.0000
mixtral-dev68,1,sim,idle,0.107797905,0.107800389,0.000002484,84.0000
mixtral-dev68,1,sim,idle,0.107800389,0.107800551,0.000000162,84.0000
mixtral-dev68,1,sim,gate,0.107800551,0.107817655,0.000017104,280.0000
mixtral-dev68,1,sim,idle,0.107817655,0.123737272,0.015919617,84.0000
mixtral-dev68,1,sim,experts,0.123737272,0.134577272,0.010840001,700.0000
mixtral-dev68,1,sim,idle,0.134577272,0.140082892,0.005505620,84.0000
mixtral-dev68,1,sim,experts,0.140082892,0.149734281,0.009651388,700.0000
mixtral-dev68,1,sim,idle,0.149734281,0.151308003,0.001573722,84.0000
mixtral-dev68,1,sim,experts,0.151308003,0.164785180,0.013477177,700.0000
mixtral-dev68,1,sim,idle,0.164785180,0.190474522,0.025689342,84.0000
mixtral-dev68,1,sim,idle,0.190474522,0.190474684,0.000000162,84.0000
mixtral-dev68,1,sim,addnorm,0.190474684,0.190618889,0.000144205,140.0000
mixtral-dev68,1,sim,idle,0.190618889,0.190619050,0.000000162,84.0000
mixtral-dev68,1,sim,addnorm,0.190619050,0.190621588,0.000002538,140.0000
mixtral-dev68,1,sim,idle,0.190621588,0.190623515,0.000001927,84.0000
mixtral-dev68,1,sim,attention,0.190623515,0.202931481,0.012307966,700.0000
mixtral-dev68,1,sim,idle,0.202931481,0.202931642,0.000000162,84.0000
mixtral-dev68,1,sim,addnorm,0.202931642,0.203075847,0.000144205,140.0000
mixtral-dev68,1,sim,idle,0.203075847,0.203076009,0.000000162,84.0000
mixtral-dev68,1,sim,addnorm,0.203076009,0.203078549,0.000002540,140.0000
mixtral-dev68,1,sim,idle,0.203078549,0.203078711,0.000000162,84.0000
mixtral-dev68,1,sim,gate,0.203078711,0.203117133,0.000038422,280.0000
mixtral-dev68,1,sim,idle,0.203117133,0.203119617,0.000002484,84.0000
mixtral-dev68,1,sim,idle,0.203119617,0.203119779,0.000000162,84.0000
mixtral-dev68,1,sim,gate,0.203119779,0.203136883,0.000017104,280.0000
mixtral-dev68,1,sim,idle,0.203136883,0.219056500,0.015919617,84.0000
mixtral-dev68,1,sim,experts,0.219056500,0.229896500,0.010840001,700.0000
mixtral-dev68,1,sim,idle,0.229896500,0.235402120,0.005505620,84.0000
mixtral-dev68,1,sim,experts,0.235402120,0.245053508,0.009651388,700.0000
mixtral-dev68,1,sim,idle,0.245053508,0.246627231,0.001573722,84.0000
mixtral-dev68,1,sim,experts,0.246627231,0.260104408,0.013477177,700.0000
mixtral-dev68,1,sim,idle,0.260104408,0.285793750,0.025689342,84.0000
mixtral-dev68,1,sim,idle,0.285793750,0.285793912,0.000000162,84.0000
mixtral-dev68,1,sim,addnorm,0.285793912,0.285938116,0.000144205,140.0000
mixtral-dev68,1,sim,idle,0.285938116,0.285938278,0.000000162,84.0000
mixtral-dev68,1,sim,addnorm,0.285938278,0.285940816,0.000002538,140.0000
mixtral-dev68,1,sim,attention,0.285940816,0.298248782,0.012307966,700.0000
mixtral-dev68,1,sim,idle,0.298248782,0.298248943,0.000000162,84.0000
mixtral-dev68,1,sim,addnorm,0.298248943,0.298393148,0.000144205,140.0000
mixtral-dev68,1,sim,idle,0.298393148,0.298393310,0.000000162,84.0000
mixtral-dev68,1,sim,addnorm,0.298393310,0.298395850,0.000002540,140.0000
mixtral-dev68,1,sim,idle,0.298395850,0.298396012,0.000000162,84.0000
mixtral-dev68,1,sim,gate,0.298396012,0.298434434,0.000038422,280.0000
mixtral-dev68,1,sim,idle,0.298434434,0.298436918,0.000002484,84.0000
mixtral-dev68,1,sim,idle,0.298436918,0.298437080,0.000000162,84.0000
mixtral-dev68,1,sim,gate,0.298437080,0.298454184,0.000017104,280.0000
mixtral-dev68,1,sim,idle,0.298454184,0.314356697,0.015902513,84.0000
mixtral-dev68,1,sim,experts,0.314356697,0.325196697,0.010840001,700.0000
mixtral-dev68,1,sim,idle,0.325196697,0.330702317,0.005505620,84.0000
mixtral-dev68,1,sim,experts,0.330702317,0.340353705,0.009651388,700.0000
mixtral-dev68,1,sim,idle,0.340353705,0.341927428,0.001573722,84.0000
mixtral-dev68,1,sim,experts,0.341927428,0.355404605,0.013477177,700.0000
mixtral-dev68,1,sim,idle,0.355404605,0.381093947,0.025689342,84.0000
mixtral-dev68,1,sim,idle,0.381093947,0.381094109,0.000000162,84.0000
mixtral-dev68,1,sim,addnorm,0.381094109,0.381238313,0.000144205,140.0000
mixtral-dev68,1,sim,idle,0.381238313,0.381238475,0.000000162,84.0000
mixtral-dev68,1,sim,addnorm,0.381238475,0.381241013,0.000002538,140.0000
mixtral-dev68,1,sim,attention,0.381241013,0.393548979,0.012307966,700.0000
mixtral-dev68,1,sim,idle,0.393548979,0.393549140,0.000000162,84.0000
mixtral-dev68,1,sim,addnorm,0.393549140,0.393693345,0.000144205,140.0000
mixtral-dev68,1,sim,idle,0.393693345,0.393693507,0.000000162,84.0000
mixtral-dev68,1,sim,addnorm,0.393693507,0.393696047,0.000002540,140.0000
mixtral-dev68,1,sim,idle,0.393696047,0.393696209,0.000000162,84.0000
mixtral-dev68,1,sim,gate,0.393696209,0.393734631,0.000038422,280.0000
mixtral-dev68,1,sim,idle,0.393734631,0.393737115,0.000002484,84.0000
mixtral-dev68,1,sim,idle,0.393737115,0.393737277,0.000000162,84.0000
mixtral-dev68,1,sim,gate,0.393737277,0.393754381,0.000017104,280.0000
mixtral-dev68,1,sim,idle,0.393754381,0.409656894,0.015902513,84.0000
mixtral-dev68,1,sim,experts,0.409656894,0.420496894,0.010840001,700.0000
mixtral-dev68,1,sim,idle,0.420496894,0.426002514,0.005505620,84.0000
mixtral-dev68,1,sim,experts,0.426002514,0.435653902,0.009651388,700.0000
mixtral-dev68,1,sim,idle,0.435653902,0.437227625,0.001573722,84.0000
mixtral-dev68,1,sim,experts,0.437227625,0.450704802,0.013477177,700.0000
mixtral-dev68,1,sim,idle,0.450704802,0.476394144,0.025689342,84.0000
mixtral-dev68,1,sim,idle,0.476394144,0.476394306,0.000000162,84.0000
mixtral-dev68,1,sim,addnorm,0.476394306,0.476538510,0.000144205,140.0000
mixtral-dev68,1,sim,idle,0.476538510,0.476538672,0.000000162,84.0000
mixtral-dev68,1,sim,addnorm,0.476538672,0.476541210,0.000002538,140.0000
mixtral-dev68,1,sim,idle,0.476541210,0.605971400,0.129430191,84.0000
mixtral-dev68,1,sim,addnorm,0.605971400,0.605973489,0.000002089,140.0000
mixtral-dev68,1,sim,idle,0.605973489,0.605973651,0.000000162,84.0000
mixtral-dev68,1,sim,addnorm,0.605973651,0.606266419,0.000292768,140.0000
mixtral-dev68,1,sim,idle,0.606266419,0.606266580,0.000000162,84.0000
mixtral-dev68,1,sim,idle,0.606266580,0.606266742,0.000000162,84.0000
mixtral-dev68,1,sim,gate,0.606266742,0.606270060,0.000003318,280.0000
mixtral-dev68,1,sim,idle,0.606270060,0.611804286,0.005534226,84.0000
mixtral-dev68,1,sim,gate,0.611804286,0.611983416,0.000179130,280.0000
mixtral-dev68,1,sim,idle,0.611983416,0.611983578,0.000000162,84.0000
mixtral-dev68,1,sim,experts,0.611983578,0.631202067,0.019218489,700.0000
mixtral-dev68,1,sim,idle,0.631202067,0.632775789,0.001573722,84.0000
mixtral-dev68,1,sim,experts,0.632775789,0.652554648,0.019778859,700.0000
mixtral-dev68,1,sim,idle,0.652554648,0.668876825,0.016322177,84.0000
mixtral-dev68,1,sim,idle,0.668876825,0.668876987,0.000000162,84.0000
mixtral-dev68,1,sim,idle,0.668876987,0.668877149,0.000000162,84.0000
mixtral-dev68,1,sim,gate,0.668877149,0.668969747,0.000092598,280.0000
mixtral-dev68,1,sim,idle,0.668969747,0.668972231,0.000002484,84.0000
mixtral-dev68,1,sim,addnorm,0.668972231,0.668974317,0.000002086,140.0000
mixtral-dev68,1,sim,idle,0.668974317,0.668974479,0.000000162,84.0000
mixtral-dev68,1,sim,addnorm,0.668974479,0.669267247,0.000292768,140.0000
mixtral-dev68,1,sim,idle,0.669267247,0.669267408,0.000000162,84.0000
mixtral-dev68,1,sim,attention,0.669267408,0.693883340,0.024615932,700.0000
mixtral-dev68,1,sim,idle,0.693883340,0.716810383,0.022927043,84.0000
mixtral-dev68,1,sim,addnorm,0.716810383,0.716812472,0.000002089,140.0000
mixtral-dev68,1,sim,idle,0.716812472,0.716812633,0.000000162,84.0000
mixtral-dev68,1,sim,addnorm,0.716812633,0.717105401,0.000292768,140.0000
mixtral-dev68,1,sim,idle,0.717105401,0.717105563,0.000000162,84.0000
mixtral-dev68,1,sim,idle,0.717105563,0.717105725,0.000000162,84.0000
mixtral-dev68,1,sim,gate,0.717105725,0.717109043,0.000003318,280.0000
mixtral-dev68,1,sim,idle,0.717109043,0.722643269,0.005534226,84.0000
mixtral-dev68,1,sim,gate,0.722643269,0.722822399,0.000179130,280.0000
mixtral-dev68,1,sim,idle,0.722822399,0.722822560,0.000000162,84.0000
mixtral-dev68,1,sim,experts,0.722822560,0.742041050,0.019218489,700.0000
mixtral-dev68,1,sim,idle,0.742041050,0.743614772,0.001573722,84.0000
mixtral-dev68,1,sim,experts,0.743614772,0.763393631,0.019778859,700.0000
mixtral-dev68,1,sim,idle,0.763393631,0.779715808,0.016322177,84.0000
mixtral-dev68,1,sim,idle,0.779715808,0.779715970,0.000000162,84.0000
mixtral-dev68,1,sim,idle,0.779715970,0.779716131,0.000000162,84.0000
mixtral-dev68,1,sim,gate,0.779716131,0.779808730,0.000092598,280.0000
mixtral-dev68,1,sim,idle,0.779808730,0.779811214,0.000002484,84.0000
mixtral-dev68,1,sim,addnorm,0.779811214,0.779813300,0.000002086,140.0000
mixtral-dev68,1,sim,idle,0.779813300,0.779813461,0.000000162,84.0000
mixtral-dev68,1,sim,addnorm,0.779813461,0.780106229,0.000292768,140.0000
mixtral-dev68,1,sim,idle,0.780106229,0.780106391,0.000000162,84.0000
mixtral-dev68,1,sim,attention,0.780106391,0.804722323,0.024615932,700.0000
mixtral-dev68,1,sim,idle,0.804722323,0.841040863,0.036318540,84.0000
mixtral-dev68,1,sim,addnorm,0.841040863,0.841042952,0.000002089,140.0000
mixtral-dev68,1,sim,idle,0.841042952,0.841043114,0.000000162,84.0000
mixtral-dev68,1,sim,addnorm,0.841043114,0.841335882,0.000292768,140.0000
mixtral-dev68,1,sim,idle,0.841335882,0.841336043,0.000000162,84.0000
mixtral-dev68,1,sim,idle,0.841336043,0.841336205,0.000000162,84.0000
mixtral-dev68,1,sim,gate,0.841336205,0.841339523,0.000003318,280.0000
mixtral-dev68,1,sim,idle,0.841339523,0.846873749,0.005534226,84.0000
mixtral-dev68,1,sim,gate,0.846873749,0.847052879,0.000179130,280.0000
mixtral-dev68,1,sim,idle,0.847052879,0.847053041,0.000000162,84.0000
mixtral-dev68,1,sim,experts,0.847053041,0.866271530,0.019218489,700.0000
mixtral-dev68,1,sim,idle,0.866271530,0.867845252,0.001573722,84.0000
mixtral-dev68,1,sim,experts,0.867845252,0.887624111,0.019778859,700.0000
mixtral-dev68,1,sim,idle,0.887624111,0.903946288,0.016322177,84.0000
mixtral-dev68,1,sim,idle,0.903946288,0.903946450,0.000000162,84.0000
mixtral-dev68,1,sim,idle,0.903946450,0.903946612,0.000000162,84.0000
mixtral-dev68,1,sim,gate,0.903946612,0.904039210,0.000092598,280.0000
mixtral-dev68,1,sim,idle,0.904039210,0.904041694,0.000002484,84.0000
mixtral-dev68,1,sim,addnorm,0.904041694,0.904043780,0.000002086,140.0000
mixtral-dev68,1,sim,idle,0.904043780,0.904043942,0.000000162,84.0000
mixtral-dev68,1,sim,addnorm,0.904043942,0.904336710,0.000292768,140.0000
mixtral-dev68,1,sim,idle,0.904336710,0.904336871,0.000000162,84.0000
mixtral-dev68,1,sim,attention,0.904336871,0.928952803,0.024615932,700.0000
mixtral-dev68,1,sim,idle,0.928952803,0.935956187,0.007003384,84.0000
mixtral-dev68,1,sim,addnorm,0.935956187,0.935958276,0.000002089,140.0000
mixtral-dev68,1,sim,idle,0.935958276,0.935958437,0.000000162,84.0000
mixtral-dev68,1,sim,addnorm,0.935958437,0.936251205,0.000292768,140.0000
mixtral-dev68,1,sim,idle,0.936251205,0.936251367,0.000000162,84.0000
mixtral-dev68,1,sim,idle,0.936251367,0.936251529,0.000000162,84.0000
mixtral-dev68,1,sim,gate,0.936251529,0.936254847,0.000003318,280.0000
mixtral-dev68,1,sim,idle,0.936254847,0.941789073,0.005534226,84.0000
mixtral-dev68,1,sim,gate,0.941789073,0.941968203,0.000179130,280.0000
mixtral-dev68,1,sim,idle,0.941968203,0.941968364,0.000000162,84.0000
mixtral-dev68,1,sim,experts,0.941968364,0.961186854,0.019218489,700.0000
mixtral-dev68,1,sim,idle,0.961186854,0.962760576,0.001573722,84.0000
mixtral-dev68,1,sim,experts,0.962760576,0.982539435,0.019778859,700.0000
mixtral-dev68,1,sim,idle,0.982539435,0.998861612,0.016322177,84.0000
mixtral-dev68,1,sim,idle,0.998861612,0.998861774,0.000000162,84.0000
mixtral-dev68,1,sim,idle,0.998861774,0.998861935,0.000000162,84.0000
mixtral-dev68,1,sim,gate,0.998861935,0.998954534,0.000092598,280.0000
mixtral-dev68,1,sim,idle,0.998954534,0.998957018,0.000002484,84.0000
mixtral-dev68,1,sim,addnorm,0.998957018,0.998959104,0.000002086,140.0000
mixtral-dev68,1,sim,idle,0.998959104,0.998959266,0.000000162,84.0000
mixtral-dev68,1,sim,addnorm,0.998959266,0.999252034,0.000292768,140.0000
mixtral-dev68,1,sim,idle,0.999252034,0.999252195,0.000000162,84.0000
mixtral-dev68,1,sim,attention,0.999252195,1.023868127,0.024615932,700.0000
mixtral-dev68,1,sim,idle,1.023868127,1.111780669,0.087912542,84.0000
mixtral-dev68,2,sim,idle,1.111780669,1.207084956,0.095304287,84.0000
mixtral-dev68,2,sim,attention,1.207084956,1.219392922,0.012307966,700.0000
mixtral-dev68,2,sim,idle,1.219392922,1.219393083,0.000000162,84.0000
mixtral-dev68,2,sim,addnorm,1.219393083,1.219537288,0.000144205,140.0000
mixtral-dev68,2,sim,idle,1.219537288,1.219537450,0.000000162,84.0000
mixtral-dev68,2,sim,addnorm,1.219537450,1.219539990,0.000002540,140.0000
mixtral-dev68,2,sim,idle,1.219539990,1.219540152,0.000000162,84.0000
mixtral-dev68,2,sim,gate,1.219540152,1.219578574,0.000038422,280.0000
mixtral-dev68,2,sim,idle,1.219578574,1.219581058,0.000002484,84.0000
mixtral-dev68,2,sim,idle,1.219581058,1.219581220,0.000000162,84.0000
mixtral-dev68,2,sim,gate,1.219581220,1.219598324,0.000017104,280.0000
mixtral-dev68,2,sim,idle,1.219598324,1.235517941,0.015919617,84.0000
mixtral-dev68,2,sim,experts,1.235517941,1.246357941,0.010840001,700.0000
mixtral-dev68,2,sim,idle,1.246357941,1.251863561,0.005505620,84.0000
mixtral-dev68,2,sim,experts,1.251863561,1.261514950,0.009651388,700.0000
mixtral-dev68,2,sim,idle,1.261514950,1.263088672,0.001573722,84.0000
mixtral-dev68,2,sim,experts,1.263088672,1.276565849,0.013477177,700.0000
mixtral-dev68,2,sim,idle,1.276565849,1.302255191,0.025689342,84.0000
mixtral-dev68,2,sim,idle,1.302255191,1.302255353,0.000000162,84.0000
mixtral-dev68,2,sim,addnorm,1.302255353,1.302399558,0.000144205,140.0000
mixtral-dev68,2,sim,idle,1.302399558,1.302399719,0.000000162,84.0000
mixtral-dev68,2,sim,addnorm,1.302399719,1.302402257,0.000002538,140.0000
mixtral-dev68,2,sim,idle,1.302402257,1.302404184,0.000001927,84.0000
mixtral-dev68,2,sim,attention,1.302404184,1.314712150,0.012307966,700.0000
mixtral-dev68,2,sim,idle,1.314712150,1.314712311,0.000000162,84.0000
mixtral-dev68,2,sim,addnorm,1.314712311,1.314856516,0.000144205,140.0000
mixtral-dev68,2,sim,idle,1.314856516,1.314856678,0.000000162,84.0000
mixtral-dev68,2,sim,addnorm,1.314856678,1.314859218,0.000002540,140.0000
mixtral-dev68,2,sim,idle,1.314859218,1.314859380,0.000000162,84.0000
mixtral-dev68,2,sim,gate,1.314859380,1.314897802,0.000038422,280.0000
mixtral-dev68,2,sim,idle,1.314897802,1.314900286,0.000002484,84.0000
mixtral-dev68,2,sim,idle,1.314900286,1.314900448,0.000000162,84.0000
mixtral-dev68,2,sim,gate,1.314900448,1.314917552,0.000017104,280.0000
mixtral-dev68,2,sim,idle,1.314917552,1.330837169,0.015919617,84.0000
mixtral-dev68,2,sim,experts,1.330837169,1.341677169,0.010840001,700.0000
mixtral-dev68,2,sim,idle,1.341677169,1.347182789,0.005505620,84.0000
mixtral-dev68,2,sim,experts,1.347182789,1.356834177,0.009651388,700.0000
mixtral-dev68,2,sim,idle,1.356834177,1.358407900,0.001573722,84.0000
mixtral-dev68,2,sim,experts,1.358407900,1.371885077,0.013477177,700.0000
mixtral-dev68,2,sim,idle,1.371885077,1.397574419,0.025689342,84.0000
mixtral-dev68,2,sim,idle,1.397574419,1.397574581,0.000000162,84.0000
mixtral-dev68,2,sim,addnorm,1.397574581,1.397718785,0.000144205,140.0000
mixtral-dev68,2,sim,idle,1.397718785,1.397718947,0.000000162,84.0000
mixtral-dev68,2,sim,addnorm,1.397718947,1.397721485,0.000002538,140.0000
mixtral-dev68,2,sim,attention,1.397721485,1.410029451,0.012307966,700.0000
mixtral-dev68,2,sim,idle,1.410029451,1.410029612,0.000000162,84.0000
mixtral-dev68,2,sim,addnorm,1.410029612,1.410173817,0.000144205,140.0000
mixtral-dev68,2,sim,idle,1.410173817,1.410173979,0.000000162,84.0000
mixtral-dev68,2,sim,addnorm,1.410173979,1.410176519,0.000002540,140.0000
mixtral-dev68,2,sim,idle,1.410176519,1.410176681,0.000000162,84.0000
mixtral-dev68,2,sim,gate,1.410176681,1.410215103,0.000038422,280.0000
mixtral-dev68,2,sim,idle,1.410215103,1.410217587,0.000002484,84.0000
mixtral-dev68,2,sim,idle,1.410217587,1.410217749,0.000000162,84.0000
mixtral-dev68,2,sim,gate,1.410217749,1.410234853,0.000017104,280.0000
mixtral-dev68,2,sim,idle,1.410234853,1.426137366,0.015902513,84.0000
mixtral-dev68,2,sim,experts,1.426137366,1.436977366,0.010840001,700.0000
mixtral-dev68,2,sim,idle,1.436977366,1.442482986,0.005505620,84.0000
mixtral-dev68,2,sim,experts,1.442482986,1.452134374,0.009651388,700.0000
mixtral-dev68,2,sim,idle,1.452134374,1.453708097,0.001573722,84.0000
mixtral-dev68,2,sim,experts,1.453708097,1.467185274,0.013477177,700.0000
mixtral-dev68,2,sim,idle,1.467185274,1.492874616,0.025689342,84.0000
mixtral-dev68,2,sim,idle,1.492874616,1.492874778,0.000000162,84.0000
mixtral-dev68,2,sim,addnorm,1.492874778,1.493018982,0.000144205,140.0000
mixtral-dev68,2,sim,idle,1.493018982,1.493019144,0.000000162,84.0000
mixtral-dev68,2,sim,addnorm,1.493019144,1.493021682,0.000002538,140.0000
mixtral-dev68,2,sim,attention,1.493021682,1.505329648,0.012307966,700.0000
mixtral-dev68,2,sim,idle,1.505329648,1.505329809,0.000000162,84.0000
mixtral-dev68,2,sim,addnorm,1.505329809,1.505474014,0.000144205,140.0000
mixtral-dev68,2,sim,idle,1.505474014,1.505474176,0.000000162,84.0000
mixtral-dev68,2,sim,addnorm,1.505474176,1.505476716,0.000002540,140.0000
mixtral-dev68,2,sim,idle,1.505476716,1.505476878,0.000000162,84.0000
mixtral-dev68,2,sim,gate,1.505476878,1.505515300,0.000038422,280.0000
mixtral-dev68,2,sim,idle,1.505515300,1.505517784,0.000002484,84.0000
mixtral-dev68,2,sim,idle,1.505517784,1.505517946,0.000000162,84.0000
mixtral-dev68,2,sim,gate,1.505517946,1.505535050,0.000017104,280.0000
mixtral-dev68,2,sim,idle,1.505535050,1.521437563,0.015902513,84.0000
mixtral-dev68,2,sim,experts,1.521437563,1.532277563,0.010840001,700.0000
mixtral-dev68,2,sim,idle,1.532277563,1.537783183,0.005505620,84.0000
mixtral-dev68,2,sim,experts,1.537783183,1.547434571,0.009651388,700.0000
mixtral-dev68,2,sim,idle,1.547434571,1.549008294,0.001573722,84.0000
mixtral-dev68,2,sim,experts,1.549008294,1.562485471,0.013477177,700.0000
mixtral-dev68,2,sim,idle,1.562485471,1.588174813,0.025689342,84.0000
mixtral-dev68,2,sim,idle,1.588174813,1.588174975,0.000000162,84.0000
mixtral-dev68,2,sim,addnorm,1.588174975,1.588319179,0.000144205,140.0000
mixtral-dev68,2,sim,idle,1.588319179,1.588319341,0.000000162,84.0000
mixtral-dev68,2,sim,addnorm,1.588319341,1.588321879,0.000002538,140.0000
mixtral-dev68,2,sim,idle,1.588321879,1.717752069,0.129430191,84.0000
mixtral-dev68,2,sim,addnorm,1.717752069,1.717754158,0.000002089,140.0000
mixtral-dev68,2,sim,idle,1.717754158,1.717754320,0.000000162,84.0000
mixtral-dev68,2,sim,addnorm,1.717754320,1.718047088,0.000292768,140.0000
mixtral-dev68,2,sim,idle,1.718047088,1.718047249,0.000000162,84.0000
mixtral-dev68,2,sim,idle,1.718047249,1.718047411,0.000000162,84.0000
mixtral-dev68,2,sim,gate,1.718047411,1.718050729,0.000003318,280.0000
mixtral-dev68,2,sim,idle,1.718050729,1.723584955,0.005534226,84.0000
mixtral-dev68,2,sim,gate,1.723584955,1.723764085,0.000179130,280.0000
mixtral-dev68,2,sim,idle,1.723764085,1.723764247,0.000000162,84.0000
mixtral-dev68,2,sim,experts,1.723764247,1.742982736,0.019218489,700.0000
mixtral-dev68,2,sim,idle,1.742982736,1.744556458,0.001573722,84.0000
mixtral-dev68,2,sim,experts,1.744556458,1.764335317,0.019778859,700.0000
mixtral-dev68,2,sim,idle,1.764335317,1.780657494,0.016322177,84.0000
mixtral-dev68,2,sim,idle,1.780657494,1.780657656,0.000000162,84.0000
mixtral-dev68,2,sim,idle,1.780657656,1.780657818,0.000000162,84.0000
mixtral-dev68,2,sim,gate,1.780657818,1.780750416,0.000092598,280.0000
mixtral-dev68,2,sim,idle,1.780750416,1.780752900,0.000002484,84.0000
mixtral-dev68,2,sim,addnorm,1.780752900,1.780754986,0.000002086,140.0000
mixtral-dev68,2,sim,idle,1.780754986,1.780755148,0.000000162,84.0000
mixtral-dev68,2,sim,addnorm,1.780755148,1.781047916,0.000292768,140.0000
mixtral-dev68,2,sim,idle,1.781047916,1.781048077,0.000000162,84.0000
mixtral-dev68,2,sim,attention,1.781048077,1.805664009,0.024615932,700.0000
mixtral-dev68,2,sim,idle,1.805664009,1.828591052,0.022927043,84.0000
mixtral-dev68,2,sim,addnorm,1.828591052,1.828593141,0.000002089,140.0000
mixtral-dev68,2,sim,idle,1.828593141,1.828593302,0.000000162,84.0000
mixtral-dev68,2,sim,addnorm,1.828593302,1.828886070,0.000292768,140.0000
mixtral-dev68,2,sim,idle,1.828886070,1.828886232,0.000000162,84.0000
mixtral-dev68,2,sim,idle,1.828886232,1.828886394,0.000000162,84.0000
mixtral-dev68,2,sim,gate,1.828886394,1.828889712,0.000003318,280.0000
mixtral-dev68,2,sim,idle,1.828889712,1.834423938,0.005534226,84.0000
mixtral-dev68,2,sim,gate,1.834423938,1.834603068,0.000179130,280.0000
mixtral-dev68,2,sim,idle,1.834603068,1.834603229,0.000000162,84.0000
mixtral-dev68,2,sim,experts,1.834603229,1.853821719,0.019218489,700.0000
mixtral-dev68,2,sim,idle,1.853821719,1.855395441,0.001573722,84.0000
mixtral-dev68,2,sim,experts,1.855395441,1.875174300,0.019778859,700.0000
mixtral-dev68,2,sim,idle,1.875174300,1.891496477,0.016322177,84.0000
mixtral-dev68,2,sim,idle,1.891496477,1.891496639,0.000000162,84.0000
mixtral-dev68,2,sim,idle,1.891496639,1.891496800,0.000000162,84.0000
mixtral-dev68,2,sim,gate,1.891496800,1.891589399,0.000092598,280.0000
mixtral-dev68,2,sim,idle,1.891589399,1.891591883,0.000002484,84.0000
mixtral-dev68,2,sim,addnorm,1.891591883,1.891593969,0.000002086,140.0000
mixtral-dev68,2,sim,idle,1.891593969,1.891594130,0.000000162,84.0000
mixtral-dev68,2,sim,addnorm,1.891594130,1.891886898,0.000292768,140.0000
mixtral-dev68,2,sim,idle,1.891886898,1.891887060,0.000000162,84.0000
mixtral-dev68,2,sim,attention,1.891887060,1.916502992,0.024615932,700.0000
mixtral-dev68,2,sim,idle,1.916502992,1.952821532,0.036318540,84.0000
mixtral-dev68,2,sim,addnorm,1.952821532,1.952823621,0.000002089,140.0000
mixtral-dev68,2,sim,idle,1.952823621,1.952823783,0.000000162,84.0000
mixtral-dev68,2,sim,addnorm,1.952823783,1.953116551,0.000292768,140.0000
mixtral-dev68,2,sim,idle,1.953116551,1.953116712,0.000000162,84.0000
mixtral-dev68,2,sim,idle,1.953116712,1.953116874,0.000000162,84.0000
mixtral-dev68,2,sim,gate,1.953116874,1.953120192,0.000003318,280.0000
mixtral-dev68,2,sim,idle,1.953120192,1.958654418,0.005534226,84.0000
mixtral-dev68,2,sim,gate,1.958654418,1.958833548,0.000179130,280.0000
mixtral-dev68,2,sim,idle,1.958833548,1.958833710,0.000000162,84.0000
mixtral-dev68,2,sim,experts,1.958833710,1.978052199,0.019218489,700.0000
mixtral-dev68,2,sim,idle,1.978052199,1.979625921,0.001573722,84.0000
mixtral-dev68,2,sim,experts,1.979625921,1.999404780,0.019778859,700.0000
mixtral-dev68,2,sim,idle,1.999404780,2.015726957,0.016322177,84.0000
mixtral-dev68,2,sim,idle,2.015726957,2.015727119,0.000000162,84.0000
mixtral-dev68,2,sim,idle,2.015727119,2.015727281,0.000000162,84.0000
mixtral-dev68,2,sim,gate,2.015727281,2.015819879,0.000092598,280.0000
mixtral-dev68,2,sim,idle,2.015819879,2.015822363,0.000002484,84.0000
mixtral-dev68,2,sim,addnorm,2.015822363,2.015824449,0.000002086,140.0000
mixtral-dev68,2,sim,idle,2.015824449,2.015824611,0.000000162,84.0000
mixtral-dev68,2,sim,addnorm,2.015824611,2.016117379,0.000292768,140.0000
mixtral-dev68,2,sim,idle,2.016117379,2.016117540,0.000000162,84.0000
mixtral-dev68,2,sim,attention,2.016117540,2.040733472,0.024615932,700.0000
mixtral-dev68,2,sim,idle,2.040733472,2.047736856,0.007003384,84.0000
mixtral-dev68,2,sim,addnorm,2.047736856,2.047738945,0.000002089,140.0000
mixtral-dev68,2,sim,idle,2.047738945,2.047739106,0.000000162,84.0000
mixtral-dev68,2,sim,addnorm,2.047739106,2.048031874,0.000292768,140.0000
mixtral-dev68,2,sim,idle,2.048031874,2.048032036,0.000000162,84.0000
mixtral-dev68,2,sim,idle,2.048032036,2.048032198,0.000000162,84.0000
mixtral-dev68,2,sim,gate,2.048032198,2.048035516,0.000003318,280.0000
mixtral-dev68,2,sim,idle,2.048035516,2.053569742,0.005534226,84.0000
mixtral-dev68,2,sim,gate,2.053569742,2.053748872,0.000179130,280.0000
mixtral-dev68,2,sim,idle,2.053748872,2.053749033,0.000000162,84.0000
mixtral-dev68,2,sim,experts,2.053749033,2.072967523,0.019218489,700.0000
mixtral-dev68,2,sim,idle,2.072967523,2.074541245,0.001573722,84.0000
mixtral-dev68,2,sim,experts,2.074541245,2.094320104,0.019778859,700.0000
mixtral-dev68,2,sim,idle,2.094320104,2.110642281,0.016322177,84.0000
mixtral-dev68,2,sim,idle,2.110642281,2.110642443,0.000000162,84.0000
mixtral-dev68,2,sim,idle,2.110642443,2.110642604,0.000000162,84.0000
mixtral-dev68,2,sim,gate,2.110642604,2.110735203,0.000092598,280.0000
mixtral-dev68,2,sim,idle,2.110735203,2.110737687,0.000002484,84.0000
mixtral-dev68,2,sim,addnorm,2.110737687,2.110739773,0.000002086,140.0000
mixtral-dev68,2,sim,idle,2.110739773,2.110739935,0.000000162,84.0000
mixtral-dev68,2,sim,addnorm,2.110739935,2.111032703,0.000292768,140.0000
mixtral-dev68,2,sim,idle,2.111032703,2.111032864,0.000000162,84.0000
mixtral-dev68,2,sim,attention,2.111032864,2.135648796,0.024615932,700.0000
mixtral-dev68,2,sim,idle,2.135648796,2.223561338,0.087912542,84.0000
mixtral-dev68,3,sim,idle,2.223561338,2.318865625,0.095304287,84.0000
mixtral-dev68,3,sim,attention,2.318865625,2.331173591,0.012307966,700.0000
mixtral-dev68,3,sim,idle,2.331173591,2.331173752,0.000000162,84.0000
mixtral-dev68,3,sim,addnorm,2.331173752,2.331317957,0.000144205,140.0000
mixtral-dev68,3,sim,idle,2.331317957,2.331318119,0.000000162,84.0000
mixtral-dev68,3,sim,addnorm,2.331318119,2.331320659,0.000002540,140.0000
mixtral-dev68,3,sim,idle,2.331320659,2.331320821,0.000000162,84.0000
mixtral-dev68,3,sim,gate,2.331320821,2.331359243,0.000038422,280.0000
mixtral-dev68,3,sim,idle,2.331359243,2.331361727,0.000002484,84.0000
mixtral-dev68,3,sim,idle,2.331361727,2.331361889,0.000000162,84.0000
mixtral-dev68,3,sim,gate,2.331361889,2.331378993,0.000017104,280.0000
mixtral-dev68,3,sim,idle,2.331378993,2.347298610,0.015919617,84.0000
mixtral-dev68,3,sim,experts,2.347298610,2.358138610,0.010840001,700.0000
mixtral-dev68,3,sim,idle,2.358138610,2.363644230,0.005505620,84.0000
mixtral-dev68,3,sim,experts,2.363644230,2.373295619,0.009651388,700.0000
mixtral-dev68,3,sim,idle,2.373295619,2.374869341,0.001573722,84.0000
mixtral-dev68,3,sim,experts,2.374869341,2.388346518,0.013477177,700.0000
mixtral-dev68,3,sim,idle,2.388346518,2.414035860,0.025689342,84.0000
mixtral-dev68,3,sim,idle,2.414035860,2.414036022,0.000000162,84.0000
mixtral-dev68,3,sim,addnorm,2.414036022,2.414180227,0.000144205,140.0000
mixtral-dev68,3,sim,idle,2.414180227,2.414180388,0.000000162,84.0000
mixtral-dev68,3,sim,addnorm,2.414180388,2.414182926,0.000002538,140.0000
mixtral-dev68,3,sim,idle,2.414182926,2.414184853,0.000001927,84.0000
mixtral-dev68,3,sim,attention,2.414184853,2.426492819,0.012307966,700.0000
mixtral-dev68,3,sim,idle,2.426492819,2.426492980,0.000000162,84.0000
mixtral-dev68,3,sim,addnorm,2.426492980,2.426637185,0.000144205,140.0000
mixtral-dev68,3,sim,idle,2.426637185,2.426637347,0.000000162,84.0000
mixtral-dev68,3,sim,addnorm,2.426637347,2.426639887,0.000002540,140.0000
mixtral-dev68,3,sim,idle,2.426639887,2.426640049,0.000000162,84.0000
mixtral-dev68,3,sim,gate,2.426640049,2.426678471,0.000038422,280.0000
mixtral-dev68,3,sim,idle,2.426678471,2.426680955,0.000002484,84.0000
mixtral-dev68,3,sim,idle,2.426680955,2.426681117,0.000000162,84.0000
mixtral-dev68,3,sim,gate,2.426681117,2.426698221,0.000017104,280.0000
mixtral-dev68,3,sim,idle,2.426698221,2.442617838,0.015919617,84.0000
mixtral-dev68,3,sim,experts,2.442617838,2.453457838,0.010840001,700.0000
mixtral-dev68,3,sim,idle,2.453457838,2.458963458,0.005505620,84.0000
mixtral-dev68,3,sim,experts,2.458963458,2.468614846,0.009651388,700.0000
mixtral-dev68,3,sim,idle,2.468614846,2.470188569,0.001573722,84.0000
mixtral-dev68,3,sim,experts,2.470188569,2.483665746,0.013477177,700.0000
mixtral-dev68,3,sim,idle,2.483665746,2.509355088,0.025689342,84.0000
mixtral-dev68,3,sim,idle,2.509355088,2.509355250,0.000000162,84.0000
mixtral-dev68,3,sim,addnorm,2.509355250,2.509499454,0.000144205,140.0000
mixtral-dev68,3,sim,idle,2.509499454,2.509499616,0.000000162,84.0000
mixtral-dev68,3,sim,addnorm,2.509499616,2.509502154,0.000002538,140.0000
mixtral-dev68,3,sim,attention,2.509502154,2.521810120,0.012307966,700.0000
mixtral-dev68,3,sim,idle,2.521810120,2.521810281,0.000000162,84.0000
mixtral-dev68,3,sim,addnorm,2.521810281,2.521954486,0.000144205,140.0000
mixtral-dev68,3,sim,idle,2.521954486,2.521954648,0.000000162,84.0000
mixtral-dev68,3,sim,addnorm,2.521954648,2.521957188,0.000002540,140.0000
mixtral-dev68,3,sim,idle,2.521957188,2.521957350,0.000000162,84.0000
mixtral-dev68,3,sim,gate,2.521957350,2.521995772,0.000038422,280.0000
mixtral-dev68,3,sim,idle,2.521995772,2.521998256,0.000002484,84.0000
mixtral-dev68,3,sim,idle,2.521998256,2.521998418,0.000000162,84.0000
mixtral-dev68,3,sim,gate,2.521998418,2.522015522,0.000017104,280.0000
mixtral-dev68,3,sim,idle,2.522015522,2.537918035,0.015902513,84.0000
mixtral-dev68,3,sim,experts,2.537918035,2.548758035,0.010840001,700.0000
mixtral-dev68,3,sim,idle,2.548758035,2.554263655,0.005505620,84.0000
mixtral-dev68,3,sim,experts,2.554263655,2.563915043,0.009651388,700.0000
mixtral-dev68,3,sim,idle,2.563915043,2.565488766,0.001573722,84.0000
mixtral-dev68,3,sim,experts,2.565488766,2.578965943,0.013477177,700.0000
mixtral-dev68,3,sim,idle,2.578965943,2.604655285,0.025689342,84.0000
mixtral-dev68,3,sim,idle,2.604655285,2.604655447,0.000000162,84.0000
mixtral-dev68,3,sim,addnorm,2.604655447,2.604799651,0.000144205,140.0000
mixtral-dev68,3,sim,idle,2.604799651,2.604799813,0.000000162,84.0000
mixtral-dev68,3,sim,addnorm,2.604799813,2.604802351,0.000002538,140.0000
mixtral-dev68,3,sim,attention,2.604802351,2.617110317,0.012307966,700.0000
mixtral-dev68,3,sim,idle,2.617110317,2.617110478,0.000000162,84.0000
mixtral-dev68,3,sim,addnorm,2.617110478,2.617254683,0.000144205,140.0000
mixtral-dev68,3,sim,idle,2.617254683,2.617254845,0.000000162,84.0000
mixtral-dev68,3,sim,addnorm,2.617254845,2.617257385,0.000002540,140.0000
mixtral-dev68,3,sim,idle,2.617257385,2.617257547,0.000000162,84.0000
mixtral-dev68,3,sim,gate,2.617257547,2.617295969,0.000038422,280.0000
mixtral-dev68,3,sim,idle,2.617295969,2.617298453,0.000002484,84.0000
mixtral-dev68,3,sim,idle,2.617298453,2.617298615,0.000000162,84.0000
mixtral-dev68,3,sim,gate,2.617298615,2.617315719,0.000017104,280.0000
mixtral-dev68,3,sim,idle,2.617315719,2.633218232,0.015902513,84.0000
mixtral-dev68,3,sim,experts,2.633218232,2.644058232,0.010840001,700.0000
mixtral-dev68,3,sim,idle,2.644058232,2.649563852,0.005505620,84.0000
mixtral-dev68,3,sim,experts,2.649563852,2.659215240,0.009651388,700.0000
mixtral-dev68,3,sim,idle,2.659215240,2.660788963,0.001573722,84.0000
mixtral-dev68,3,sim,experts,2.660788963,2.674266140,0.013477177,700.0000
mixtral-dev68,3,sim,idle,2.674266140,2.699955482,0.025689342,84.0000
mixtral-dev68,3,sim,idle,2.699955482,2.699955644,0.000000162,84.0000
mixtral-dev68,3,sim,addnorm,2.699955644,2.700099848,0.000144205,140.0000
mixtral-dev68,3,sim,idle,2.700099848,2.700100010,0.000000162,84.0000
mixtral-dev68,3,sim,addnorm,2.700100010,2.700102548,0.000002538,140.0000
mixtral-dev68,3,sim,idle,2.700102548,2.829532738,0.129430191,84.0000
mixtral-dev68,3,sim,addnorm,2.829532738,2.829534827,0.000002089,140.0000
mixtral-dev68,3,sim,idle,2.829534827,2.829534989,0.000000162,84.0000
mixtral-dev68,3,sim,addnorm,2.829534989,2.829827757,0.000292768,140.0000
mixtral-dev68,3,sim,idle,2.829827757,2.829827918,0.000000162,84.0000
mixtral-dev68,3,sim,idle,2.829827918,2.829828080,0.000000162,84.0000
mixtral-dev68,3,sim,gate,2.829828080,2.829831398,0.000003318,280.0000
mixtral-dev68,3,sim,idle,2.829831398,2.835365624,0.005534226,84.0000
mixtral-dev68,3,sim,gate,2.835365624,2.835544754,0.000179130,280.0000
mixtral-dev68,3,sim,idle,2.835544754,2.835544916,0.000000162,84.0000
mixtral-dev68,3,sim,experts,2.835544916,2.854763405,0.019218489,700.0000
mixtral-dev68,3,sim,idle,2.854763405,2.856337127,0.001573722,84.0000
mixtral-dev68,3,sim,experts,2.856337127,2.876115986,0.019778859,700.0000
mixtral-dev68,3,sim,idle,2.876115986,2.892438163,0.016322177,84.0000
mixtral-dev68,3,sim,idle,2.892438163,2.892438325,0.000000162,84.0000
mixtral-dev68,3,sim,idle,2.892438325,2.892438487,0.000000162,84.0000
mixtral-dev68,3,sim,gate,2.892438487,2.892531085,0.000092598,280.0000
mixtral-dev68,3,sim,idle,2.892531085,2.892533569,0.000002484,84.0000
mixtral-dev68,3,sim,addnorm,2.892533569,2.892535655,0.000002086,140.0000
mixtral-dev68,3,sim,idle,2.892535655,2.892535817,0.000000162,84.0000
mixtral-dev68,3,sim,addnorm,2.892535817,2.892828585,0.000292768,140.0000
mixtral-dev68,3,sim,idle,2.892828585,2.892828746,0.000000162,84.0000
mixtral-dev68,3,sim,attention,2.892828746,2.917444678,0.024615932,700.0000
mixtral-dev68,3,sim,idle,2.917444678,2.940371721,0.022927043,84.0000
mixtral-dev68,3,sim,addnorm,2.940371721,2.940373810,0.000002089,140.0000
mixtral-dev68,3,sim,idle,2.940373810,2.940373971,0.000000162,84.0000
mixtral-dev68,3,sim,addnorm,2.940373971,2.940666739,0.000292768,140.0000
mixtral-dev68,3,sim,idle,2.940666739,2.940666901,0.000000162,84.0000
mixtral-dev68,3,sim,idle,2.940666901,2.940667063,0.000000162,84.0000
mixtral-dev68,3,sim,gate,2.940667063,2.940670381,0.000003318,280.0000
mixtral-dev68,3,sim,idle,2.940670381,2.946204607,0.005534226,84.0000
mixtral-dev68,3,sim,gate,2.946204607,2.946383737,0.000179130,280.0000
mixtral-dev68,3,sim,idle,2.946383737,2.946383898,0.000000162,84.0000
mixtral-dev68,3,sim,experts,2.946383898,2.965602388,0.019218489,700.0000
mixtral-dev68,3,sim,idle,2.965602388,2.967176110,0.001573722,84.0000
mixtral-dev68,3,sim,experts,2.967176110,2.986954969,0.019778859,700.0000
mixtral-dev68,3,sim,idle,2.986954969,3.003277146,0.016322177,84.0000
mixtral-dev68,3,sim,idle,3.003277146,3.003277308,0.000000162,84.0000
mixtral-dev68,3,sim,idle,3.003277308,3.003277469,0.000000162,84.0000
mixtral-dev68,3,sim,gate,3.003277469,3.003370068,0.000092598,280.0000
mixtral-dev68,3,sim,idle,3.003370068,3.003372552,0.000002484,84.0000
mixtral-dev68,3,sim,addnorm,3.003372552,3.003374638,0.000002086,140.0000
mixtral-dev68,3,sim,idle,3.003374638,3.003374799,0.000000162,84.0000
mixtral-dev68,3,sim,addnorm,3.003374799,3.003667567,0.000292768,140.0000
mixtral-dev68,3,sim,idle,3.003667567,3.003667729,0.000000162,84.0000
mixtral-dev68,3,sim,attention,3.003667729,3.028283661,0.024615932,700.0000
mixtral-dev68,3,sim,idle,3.028283661,3.064602201,0.036318540,84.0000
mixtral-dev68,3,sim,addnorm,3.064602201,3.064604290,0.000002089,140.0000
mixtral-dev68,3,sim,idle,3.064604290,3.064604452,0.000000162,84.0000
mixtral-dev68,3,sim,addnorm,3.064604452,3.064897220,0.000292768,140.0000
mixtral-dev68,3,sim,idle,3.064897220,3.064897381,0.000000162,84.0000
mixtral-dev68,3,sim,idle,3.064897381,3.064897543,0.000000162,84.0000
mixtral-dev68,3,sim,gate,3.064897543,3.064900861,0.000003318,280.0000
mixtral-dev68,3,sim,idle,3.064900861,3.070435087,0.005534226,84.0000
mixtral-dev68,3,sim,gate,3.070435087,3.070614217,0.000179130,280.0000
mixtral-dev68,3,sim,idle,3.070614217,3.070614379,0.000000162,84.0000
mixtral-dev68,3,sim,experts,3.070614379,3.089832868,0.019218489,700.0000
mixtral-dev68,3,sim,idle,3.089832868,3.091406590,0.001573722,84.0000
mixtral-dev68,3,sim,experts,3.091406590,3.111185449,0.019778859,700.0000
mixtral-dev68,3,sim,idle,3.111185449,3.127507626,0.016322177,84.0000
mixtral-dev68,3,sim,idle,3.127507626,3.127507788,0.000000162,84.0000
mixtral-dev68,3,sim,idle,3.127507788,3.127507950,0.000000162,84.0000
mixtral-dev68,3,sim,gate,3.127507950,3.127600548,0.000092598,280.0000
mixtral-dev68,3,sim,idle,3.127600548,3.127603032,0.000002484,84.0000
mixtral-dev68,3,sim,addnorm,3.127603032,3.127605118,0.000002086,140.0000
mixtral-dev68,3,sim,idle,3.127605118,3.127605280,0.000000162,84.0000
mixtral-dev68,3,sim,addnorm,3.127605280,3.127898048,0.000292768,140.0000
mixtral-dev68,3,sim,idle,3.127898048,3.127898209,0.000000162,84.0000
mixtral-dev68,3,sim,attention,3.127898209,3.152514141,0.024615932,700.0000
mixtral-dev68,3,sim,idle,3.152514141,3.159517525,0.007003384,84.0000
mixtral-dev68,3,sim,addnorm,3.159517525,3.159519614,0.000002089,140.0000
mixtral-dev68,3,sim,idle,3.159519614,3.159519775,0.000000162,84.0000
mixtral-dev68,3,sim,addnorm,3.159519775,3.159812543,0.000292768,140.0000
mixtral-dev68,3,sim,idle,3.159812543,3.159812705,0.000000162,84.0000
mixtral-dev68,3,sim,idle,3.159812705,3.159812867,0.000000162,84.0000
mixtral-dev68,3,sim,gate,3.159812867,3.159816185,0.000003318,280.0000
mixtral-dev68,3,sim,idle,3.159816185,3.165350411,0.005534226,84.0000
mixtral-dev68,3,sim,gate,3.165350411,3.165529541,0.000179130,280.0000
mixtral-dev68,3,sim,idle,3.165529541,3.165529702,0.000000162,84.0000
mixtral-dev68,3,sim,experts,3.165529702,3.184748192,0.019218489,700.0000
mixtral-dev68,3,sim,idle,3.184748192,3.186321914,0.001573722,84.0000
mixtral-dev68,3,sim,experts,3.186321914,3.206100773,0.019778859,700.0000
mixtral-dev68,3,sim,idle,3.206100773,3.222422950,0.016322177,84.0000
mixtral-dev68,3,sim,idle,3.222422950,3.222423112,0.000000162,84.0000
mixtral-dev68,3,sim,idle,3.222423112,3.222423273,0.000000162,84.0000
mixtral-dev68,3,sim,gate,3.222423273,3.222515872,0.000092598,280.0000
mixtral-dev68,3,sim,idle,3.222515872,3.222518356,0.000002484,84.0000
mixtral-dev68,3,sim,addnorm,3.222518356,3.222520442,0.000002086,140.0000
mixtral-dev68,3,sim,idle,3.222520442,3.222520604,0.000000162,84.0000
mixtral-dev68,3,sim,addnorm,3.222520604,3.222813372,0.000292768,140.0000
mixtral-dev68,3,sim,idle,3.222813372,3.222813533,0.000000162,84.0000
mixtral-dev68,3,sim,attention,3.222813533,3.247429465,0.024615932,700.0000
mixtral-dev68,3,sim,idle,3.247429465,3.335342007,0.087912542,84.0000
mixtral-dev68,4,sim,idle,3.335342007,3.430646294,0.095304287,84.0000
mixtral-dev68,4,sim,attention,3.430646294,3.442954260,0.012307966,700.0000
mixtral-dev68,4,sim,idle,3.442954260,3.442954421,0.000000162,84.0000
mixtral-dev68,4,sim,addnorm,3.442954421,3.443098626,0.000144205,140.0000
mixtral-dev68,4,sim,idle,3.443098626,3.443098788,0.000000162,84.0000
mixtral-dev68,4,sim,addnorm,3.443098788,3.443101328,0.000002540,140.0000
mixtral-dev68,4,sim,idle,3.443101328,3.443101490,0.000000162,84.0000
mixtral-dev68,4,sim,gate,3.443101490,3.443139912,0.000038422,280.0000
mixtral-dev68,4,sim,idle,3.443139912,3.443142396,0.000002484,84.0000
mixtral-dev68,4,sim,idle,3.443142396,3.443142558,0.000000162,84.0000
mixtral-dev68,4,sim,gate,3.443142558,3.443159662,0.000017104,280.0000
mixtral-dev68,4,sim,idle,3.443159662,3.459079279,0.015919617,84.0000
mixtral-dev68,4,sim,experts,3.459079279,3.469919279,0.010840001,700.0000
mixtral-dev68,4,sim,idle,3.469919279,3.475424899,0.005505620,84.0000
mixtral-dev68,4,sim,experts,3.475424899,3.485076288,0.009651388,700.0000
mixtral-dev68,4,sim,idle,3.485076288,3.486650010,0.001573722,84.0000
mixtral-dev68,4,sim,experts,3.486650010,3.500127187,0.013477177,700.0000
mixtral-dev68,4,sim,idle,3.500127187,3.525816529,0.025689342,84.0000
mixtral-dev68,4,sim,idle,3.525816529,3.525816691,0.000000162,84.0000
mixtral-dev68,4,sim,addnorm,3.525816691,3.525960896,0.000144205,140.0000
mixtral-dev68,4,sim,idle,3.525960896,3.525961057,0.000000162,84.0000
mixtral-dev68,4,sim,addnorm,3.525961057,3.525963595,0.000002538,140.0000
mixtral-dev68,4,sim,idle,3.525963595,3.525965522,0.000001927,84.0000
mixtral-dev68,4,sim,attention,3.525965522,3.538273488,0.012307966,700.0000
mixtral-dev68,4,sim,idle,3.538273488,3.538273649,0.000000162,84.0000
mixtral-dev68,4,sim,addnorm,3.538273649,3.538417854,0.000144205,140.0000
mixtral-dev68,4,sim,idle,3.538417854,3.538418016,0.000000162,84.0000
mixtral-dev68,4,sim,addnorm,3.538418016,3.538420556,0.000002540,140.0000
mixtral-dev68,4,sim,idle,3.538420556,3.538420718,0.000000162,84.0000
mixtral-dev68,4,sim,gate,3.538420718,3.538459140,0.000038422,280.0000
mixtral-dev68,4,sim,idle,3.538459140,3.538461624,0.000002484,84.0000
mixtral-dev68,4,sim,idle,3.538461624,3.538461786,0.000000162,84.0000
mixtral-dev68,4,sim,gate,3.538461786,3.538478890,0.000017104,280.0000
mixtral-dev68,4,sim,idle,3.538478890,3.554398507,0.015919617,84.0000
mixtral-dev68,4,sim,experts,3.554398507,3.565238507,0.010840001,700.0000
mixtral-dev68,4,sim,idle,3.565238507,3.570744127,0.005505620,84.0000
mixtral-dev68,4,sim,experts,3.570744127,3.580395515,0.009651388,700.0000
mixtral-dev68,4,sim,idle,3.580395515,3.581969238,0.001573722,84.0000
mixtral-dev68,4,sim,experts,3.581969238,3.595446415,0.013477177,700.0000
mixtral-dev68,4,sim,idle,3.595446415,3.621135757,0.025689342,84.0000
mixtral-dev68,4,sim,idle,3.621135757,3.621135919,0.000000162,84.0000
mixtral-dev68,4,sim,addnorm,3.621135919,3.621280123,0.000144205,140.0000
mixtral-dev68,4,sim,idle,3.621280123,3.621280285,0.000000162,84.0000
mixtral-dev68,4,sim,addnorm,3.621280285,3.621282823,0.000002538,140.0000
mixtral-dev68,4,sim,attention,3.621282823,3.633590789,0.012307966,700.0000
mixtral-dev68,4,sim,idle,3.633590789,3.633590950,0.000000162,84.0000
mixtral-dev68,4,sim,addnorm,3.633590950,3.633735155,0.000144205,140.0000
mixtral-dev68,4,sim,idle,3.633735155,3.633735317,0.000000162,84.0000
mixtral-dev68,4,sim,addnorm,3.633735317,3.633737857,0.000002540,140.0000
mixtral-dev68,4,sim,idle,3.633737857,3.633738019,0.000000162,84.0000
mixtral-dev68,4,sim,gate,3.633738019,3.633776441,0.000038422,280.0000
mixtral-dev68,4,sim,idle,3.633776441,3.633778925,0.000002484,84.0000
mixtral-dev68,4,sim,idle,3.633778925,3.633779087,0.000000162,84.0000
mixtral-dev68,4,sim,gate,3.633779087,3.633796191,0.000017104,280.0000
mixtral-dev68,4,sim,idle,3.633796191,3.649698704,0.015902513,84.0000
mixtral-dev68,4,sim,experts,3.649698704,3.660538704,0.010840001,700.0000
mixtral-dev68,4,sim,idle,3.660538704,3.666044324,0.005505620,84.0000
mixtral-dev68,4,sim,experts,3.666044324,3.675695712,0.009651388,700.0000
mixtral-dev68,4,sim,idle,3.675695712,3.677269435,0.001573722,84.0000
mixtral-dev68,4,sim,experts,3.677269435,3.690746612,0.013477177,700.0000
mixtral-dev68,4,sim,idle,3.690746612,3.716435954,0.025689342,84.0000
mixtral-dev68,4,sim,idle,3.716435954,3.716436116,0.000000162,84.0000
mixtral-dev68,4,sim,addnorm,3.716436116,3.716580320,0.000144205,140.0000
mixtral-dev68,4,sim,idle,3.716580320,3.716580482,0.000000162,84.0000
mixtral-dev68,4,sim,addnorm,3.716580482,3.716583020,0.000002538,140.0000
mixtral-dev68,4,sim,attention,3.716583020,3.728890986,0.012307966,700.0000
mixtral-dev68,4,sim,idle,3.728890986,3.728891147,0.000000162,84.0000
mixtral-dev68,4,sim,addnorm,3.728891147,3.729035352,0.000144205,140.0000
mixtral-dev68,4,sim,idle,3.729035352,3.729035514,0.000000162,84.0000
mixtral-dev68,4,sim,addnorm,3.729035514,3.729038054,0.000002540,140.0000
mixtral-dev68,4,sim,idle,3.729038054,3.729038216,0.000000162,84.0000
mixtral-dev68,4,sim,gate,3.729038216,3.729076638,0.000038422,280.0000
mixtral-dev68,4,sim,idle,3.729076638,3.729079122,0.000002484,84.0000
mixtral-dev68,4,sim,idle,3.729079122,3.729079284,0.000000162,84.0000
mixtral-dev68,4,sim,gate,3.729079284,3.729096388,0.000017104,280.0000
mixtral-dev68,4,sim,idle,3.729096388,3.744998901,0.015902513,84.0000
mixtral-dev68,4,sim,experts,3.744998901,3.755838901,0.010840001,700.0000
mixtral-dev68,4,sim,idle,3.755838901,3.761344521,0.005505620,84.0000
mixtral-dev68,4,sim,experts,3.761344521,3.770995909,0.009651388,700.0000
mixtral-dev68,4,sim,idle,3.770995909,3.772569632,0.001573722,84.0000
mixtral-dev68,4,sim,experts,3.772569632,3.786046809,0.013477177,700.0000
mixtral-dev68,4,sim,idle,3.786046809,3.811736151,0.025689342,84.0000
mixtral-dev68,4,sim,idle,3.811736151,3.811736313,0.000000162,84.0000
mixtral-dev68,4,sim,addnorm,3.811736313,3.811880517,0.000144205,140.0000
mixtral-dev68,4,sim,idle,3.811880517,3.811880679,0.000000162,84.0000
mixtral-dev68,4,sim,addnorm,3.811880679,3.811883217,0.000002538,140.0000
mixtral-dev68,4,sim,idle,3.811883217,3.941313407,0.129430191,84.0000
mixtral-dev68,4,sim,addnorm,3.941313407,3.941315496,0.000002089,140.0000
mixtral-dev68,4,sim,idle,3.941315496,3.941315658,0.000000162,84.0000
mixtral-dev68,4,sim,addnorm,3.941315658,3.941608426,0.000292768,140.0000
mixtral-dev68,4,sim,idle,3.941608426,3.941608587,0.000000162,84.0000
mixtral-dev68,4,sim,idle,3.941608587,3.941608749,0.000000162,84.0000
mixtral-dev68,4,sim,gate,3.941608749,3.941612067,0.000003318,280.0000
mixtral-dev68,4,sim,idle,3.941612067,3.947146293,0.005534226,84.0000
mixtral-dev68,4,sim,gate,3.947146293,3.947325423,0.000179130,280.0000
mixtral-dev68,4,sim,idle,3.947325423,3.947325585,0.000000162,84.0000
mixtral-dev68,4,sim,experts,3.947325585,3.966544074,0.019218489,700.0000
mixtral-dev68,4,sim,idle,3.966544074,3.968117796,0.001573722,84.0000
mixtral-dev68,4,sim,experts,3.968117796,3.987896655,0.019778859,700.0000
mixtral-dev68,4,sim,idle,3.987896655,4.004218832,0.016322177,84.0000
mixtral-dev68,4,sim,idle,4.004218832,4.004218994,0.000000162,84.0000
mixtral-dev68,4,sim,idle,4.004218994,4.004219156,0.000000162,84.0000
mixtral-dev68,4,sim,gate,4.004219156,4.004311754,0.000092598,280.0000
mixtral-dev68,4,sim,idle,4.004311754,4.004314238,0.000002484,84.0000
mixtral-dev68,4,sim,addnorm,4.004314238,4.004316324,0.000002086,140.0000
mixtral-dev68,4,sim,idle,4.004316324,4.004316486,0.000000162,84.0000
mixtral-dev68,4,sim,addnorm,4.004316486,4.004609254,0.000292768,140.0000
mixtral-dev68,4,sim,idle,4.004609254,4.004609415,0.000000162,84.0000
mixtral-dev68,4,sim,attention,4.004609415,4.029225347,0.024615932,700.0000
mixtral-dev68,4,sim,idle,4.029225347,4.052152390,0.022927043,84.0000
mixtral-dev68,4,sim,addnorm,4.052152390,4.052154479,0.000002089,140.0000
mixtral-dev68,4,sim,idle,4.052154479,4.052154640,0.000000162,84.0000
mixtral-dev68,4,sim,addnorm,4.052154640,4.052447408,0.000292768,140.0000
mixtral-dev68,4,sim,idle,4.052447408,4.052447570,0.000000162,84.0000
mixtral-dev68,4,sim,idle,4.052447570,4.052447732,0.000000162,84.0000
mixtral-dev68,4,sim,gate,4.052447732,4.052451050,0.000003318,280.0000
mixtral-dev68,4,sim,idle,4.052451050,4.057985276,0.005534226,84.0000
mixtral-dev68,4,sim,gate,4.057985276,4.058164406,0.000179130,280.0000
mixtral-dev68,4,sim,idle,4.058164406,4.058164567,0.000000162,84.0000
mixtral-dev68,4,sim,experts,4.058164567,4.077383057,0.019218489,700.0000
mixtral-dev68,4,sim,idle,4.077383057,4.078956779,0.001573722,84.0000
mixtral-dev68,4,sim,experts,4.078956779,4.098735638,0.019778859,700.0000
mixtral-dev68,4,sim,idle,4.098735638,4.115057815,0.016322177,84.0000
mixtral-dev68,4,sim,idle,4.115057815,4.115057977,0.000000162,84.0000
mixtral-dev68,4,sim,idle,4.115057977,4.115058138,0.000000162,84.0000
mixtral-dev68,4,sim,gate,4.115058138,4.115150737,0.000092598,280.0000
mixtral-dev68,4,sim,idle,4.115150737,4.115153221,0.000002484,84.0000
mixtral-dev68,4,sim,addnorm,4.115153221,4.115155307,0.000002086,140.0000
mixtral-dev68,4,sim,idle,4.115155307,4.115155469,0.000000162,84.0000
mixtral-dev68,4,sim,addnorm,4.115155469,4.115448237,0.000292768,140.0000
mixtral-dev68,4,sim,idle,4.115448237,4.115448398,0.000000162,84.0000
mixtral-dev68,4,sim,attention,4.115448398,4.140064330,0.024615932,700.0000
mixtral-dev68,4,sim,idle,4.140064330,4.176382870,0.036318540,84.0000
mixtral-dev68,4,sim,addnorm,4.176382870,4.176384959,0.000002089,140.0000
mixtral-dev68,4,sim,idle,4.176384959,4.176385121,0.000000162,84.0000
mixtral-dev68,4,sim,addnorm,4.176385121,4.176677889,0.000292768,140.0000
mixtral-dev68,4,sim,idle,4.176677889,4.176678050,0.000000162,84.0000
mixtral-dev68,4,sim,idle,4.176678050,4.176678212,0.000000162,84.0000
mixtral-dev68,4,sim,gate,4.176678212,4.176681530,0.000003318,280.0000
mixtral-dev68,4,sim,idle,4.176681530,4.182215756,0.005534226,84.0000
mixtral-dev68,4,sim,gate,4.182215756,4.182394886,0.000179130,280.0000
mixtral-dev68,4,sim,idle,4.182394886,4.182395048,0.000000162,84.0000
mixtral-dev68,4,sim,experts,4.182395048,4.201613537,0.019218489,700.0000
mixtral-dev68,4,sim,idle,4.201613537,4.203187259,0.001573722,84.0000
mixtral-dev68,4,sim,experts,4.203187259,4.222966118,0.019778859,700.0000
mixtral-dev68,4,sim,idle,4.222966118,4.239288295,0.016322177,84.0000
mixtral-dev68,4,sim,idle,4.239288295,4.239288457,0.000000162,84.0000
mixtral-dev68,4,sim,idle,4.239288457,4.239288619,0.000000162,84.0000
mixtral-dev68,4,sim,gate,4.239288619,4.239381217,0.000092598,280.0000
mixtral-dev68,4,sim,idle,4.239381217,4.239383701,0.000002484,84.0000
mixtral-dev68,4,sim,addnorm,4.239383701,4.239385787,0.000002086,140.0000
mixtral-dev68,4,sim,idle,4.239385787,4.239385949,0.000000162,84.0000
mixtral-dev68,4,sim,addnorm,4.239385949,4.239678717,0.000292768,140.0000
mixtral-dev68,4,sim,idle,4.239678717,4.239678878,0.000000162,84.0000
mixtral-dev68,4,sim,attention,4.239678878,4.264294810,0.024615932,700.0000
mixtral-dev68,4,sim,idle,4.264294810,4.271298194,0.007003384,84.0000
mixtral-dev68,4,sim,addnorm,4.271298194,4.271300283,0.000002089,140.0000
mixtral-dev68,4,sim,idle,4.271300283,4.271300444,0.000000162,84.0000
mixtral-dev68,4,sim,addnorm,4.271300444,4.271593212,0.000292768,140.0000
mixtral-dev68,4,sim,idle,4.271593212,4.271593374,0.000000162,84.0000
mixtral-dev68,4,sim,idle,4.271593374,4.271593536,0.000000162,84.0000
mixtral-dev68,4,sim,gate,4.271593536,4.271596854,0.000003318,280.0000
mixtral-dev68,4,sim,idle,4.271596854,4.277131080,0.005534226,84.0000
mixtral-dev68,4,sim,gate,4.277131080,4.277310210,0.000179130,280.0000
mixtral-dev68,4,sim,idle,4.277310210,4.277310371,0.000000162,84.0000
mixtral-dev68,4,sim,experts,4.277310371,4.296528861,0.019218489,700.0000
mixtral-dev68,4,sim,idle,4.296528861,4.298102583,0.001573722,84.0000
mixtral-dev68,4,sim,experts,4.298102583,4.317881442,0.019778859,700.0000
mixtral-dev68,4,sim,idle,4.317881442,4.334203619,0.016322177,84.0000
mixtral-dev68,4,sim,idle,4.334203619,4.334203781,0.000000162,84.0000
mixtral-dev68,4,sim,idle,4.334203781,4.334203942,0.000000162,84.0000
mixtral-dev68,4,sim,gate,4.334203942,4.334296541,0.000092598,280.0000
mixtral-dev68,4,sim,idle,4.334296541,4.334299025,0.000002484,84.0000
mixtral-dev68,4,sim,addnorm,4.334299025,4.334301111,0.000002086,140.0000
mixtral-dev68,4,sim,idle,4.334301111,4.334301273,0.000000162,84.0000
mixtral-dev68,4,sim,addnorm,4.334301273,4.334594041,0.000292768,140.0000
mixtral-dev68,4,sim,idle,4.334594041,4.334594202,0.000000162,84.0000
mixtral-dev68,4,sim,attention,4.334594202,4.359210134,0.024615932,700.0000
mixtral-dev68,4,sim,idle,4.359210134,4.447122676,0.087912542,84.0000
mixtral-dev68,5,sim,idle,4.447122676,4.542426963,0.095304287,84.0000
mixtral-dev68,5,sim,attention,4.542426963,4.554734929,0.012307966,700.0000
mixtral-dev68,5,sim,idle,4.554734929,4.554735090,0.000000162,84.0000
mixtral-dev68,5,sim,addnorm,4.554735090,4.554879295,0.000144205,140.0000
mixtral-dev68,5,sim,idle,4.554879295,4.554879457,0.000000162,84.0000
mixtral-dev68,5,sim,addnorm,4.554879457,4.554881997,0.000002540,140.0000
mixtral-dev68,5,sim,idle,4.554881997,4.554882159,0.000000162,84.0000
mixtral-dev68,5,sim,gate,4.554882159,4.554920581,0.000038422,280.0000
mixtral-dev68,5,sim,idle,4.554920581,4.554923065,0.000002484,84.0000
mixtral-dev68,5,sim,idle,4.554923065,4.554923227,0.000000162,84.0000
mixtral-dev68,5,sim,gate,4.554923227,4.554940331,0.000017104,280.0000
mixtral-dev68,5,sim,idle,4.554940331,4.570859948,0.015919617,84.0000
mixtral-dev68,5,sim,experts,4.570859948,4.581699948,0.010840001,700.0000
mixtral-dev68,5,sim,idle,4.581699948,4.587205568,0.005505620,84.0000
mixtral-dev68,5,sim,experts,4.587205568,4.596856957,0.009651388,700.0000
mixtral-dev68,5,sim,idle,4.596856957,4.598430679,0.001573722,84.0000
mixtral-dev68,5,sim,experts,4.598430679,4.611907856,0.013477177,700.0000
mixtral-dev68,5,sim,idle,4.611907856,4.637597198,0.025689342,84.0000
mixtral-dev68,5,sim,idle,4.637597198,4.637597360,0.000000162,84.0000
mixtral-dev68,5,sim,addnorm,4.637597360,4.637741565,0.000144205,140.0000
mixtral-dev68,5,sim,idle,4.637741565,4.637741726,0.000000162,84.0000
mixtral-dev68,5,sim,addnorm,4.637741726,4.637744264,0.000002538,140.0000
mixtral-dev68,5,sim,idle,4.637744264,4.637746191,0.000001927,84.0000
mixtral-dev68,5,sim,attention,4.637746191,4.650054157,0.012307966,700.0000
mixtral-dev68,5,sim,idle,4.650054157,4.650054318,0.000000162,84.0000
mixtral-dev68,5,sim,addnorm,4.650054318,4.650198523,0.000144205,140.0000
mixtral-dev68,5,sim,idle,4.650198523,4.650198685,0.000000162,84.0000
mixtral-dev68,5,sim,addnorm,4.650198685,4.650201225,0.000002540,140.0000
mixtral-dev68,5,sim,idle,4.650201225,4.650201387,0.000000162,84.0000
mixtral-dev68,5,sim,gate,4.650201387,4.650239809,0.000038422,280.0000
mixtral-dev68,5,sim,idle,4.650239809,4.650242293,0.000002484,84.0000
mixtral-dev68,5,sim,idle,4.650242293,4.650242455,0.000000162,84.0000
mixtral-dev68,5,sim,gate,4.650242455,4.650259559,0.000017104,280.0000
mixtral-dev68,5,sim,idle,4.650259559,4.666179176,0.015919617,84.0000
mixtral-dev68,5,sim,experts,4.666179176,4.677019176,0.010840001,700.0000
mixtral-dev68,5,sim,idle,4.677019176,4.682524796,0.005505620,84.0000
mixtral-dev68,5,sim,experts,4.682524796,4.692176184,0.009651388,700.0000
mixtral-dev68,5,sim,idle,4.692176184,4.693749907,0.001573722,84.0000
mixtral-dev68,5,sim,experts,4.693749907,4.707227084,0.013477177,700.0000
mixtral-dev68,5,sim,idle,4.707227084,4.732916426,0.025689342,84.0000
mixtral-dev68,5,sim,idle,4.732916426,4.732916588,0.000000162,84.0000
mixtral-dev68,5,sim,addnorm,4.732916588,4.733060792,0.000144205,140.0000
mixtral-dev68,5,sim,idle,4.733060792,4.733060954,0.000000162,84.0000
mixtral-dev68,5,sim,addnorm,4.733060954,4.733063492,0.000002538,140.0000
mixtral-dev68,5,sim,attention,4.733063492,4.745371458,0.012307966,700.0000
mixtral-dev68,5,sim,idle,4.745371458,4.745371619,0.000000162,84.0000
mixtral-dev68,5,sim,addnorm,4.745371619,4.745515824,0.000144205,140.0000
mixtral-dev68,5,sim,idle,4.745515824,4.745515986,0.000000162,84.0000
mixtral-dev68,5,sim,addnorm,4.745515986,4.745518526,0.000002540,140.0000
mixtral-dev68,5,sim,idle,4.745518526,4.745518688,0.000000162,84.0000
mixtral-dev68,5,sim,gate,4.745518688,4.745557110,0.000038422,280.0000
mixtral-dev68,5,sim,idle,4.745557110,4.745559594,0.000002484,84.0000
mixtral-dev68,5,sim,idle,4.745559594,4.745559756,0.000000162,84.0000
mixtral-dev68,5,sim,gate,4.745559756,4.745576860,0.000017104,280.0000
mixtral-dev68,5,sim,idle,4.745576860,4.761479373,0.015902513,84.0000
mixtral-dev68,5,sim,experts,4.761479373,4.772319373,0.010840001,700.0000
mixtral-dev68,5,sim,idle,4.772319373,4.777824993,0.005505620,84.0000
mixtral-dev68,5,sim,experts,4.777824993,4.787476381,0.009651388,700.0000
mixtral-dev68,5,sim,idle,4.787476381,4.789050104,0.001573722,84.0000
mixtral-dev68,5,sim,experts,4.789050104,4.802527281,0.013477177,700.0000
mixtral-dev68,5,sim,idle,4.802527281,4.828216623,0.025689342,84.0000
mixtral-dev68,5,sim,idle,4.828216623,4.828216785,0.000000162,84.0000
mixtral-dev68,5,sim,addnorm,4.828216785,4.828360989,0.000144205,140.0000
mixtral-dev68,5,sim,idle,4.828360989,4.828361151,0.000000162,84.0000
mixtral-dev68,5,sim,addnorm,4.828361151,4.828363689,0.000002538,140.0000
mixtral-dev68,5,sim,attention,4.828363689,4.840671655,0.012307966,700.0000
mixtral-dev68,5,sim,idle,4.840671655,4.840671816,0.000000162,84.0000
mixtral-dev68,5,sim,addnorm,4.840671816,4.840816021,0.000144205,140.0000
mixtral-dev68,5,sim,idle,4.840816021,4.840816183,0.000000162,84.0000
mixtral-dev68,5,sim,addnorm,4.840816183,4.840818723,0.000002540,140.0000
mixtral-dev68,5,sim,idle,4.840818723,4.840818885,0.000000162,84.0000
mixtral-dev68,5,sim,gate,4.840818885,4.840857307,0.000038422,280.0000
mixtral-dev68,5,sim,idle,4.840857307,4.840859791,0.000002484,84.0000
mixtral-dev68,5,sim,idle,4.840859791,4.840859953,0.000000162,84.0000
mixtral-dev68,5,sim,gate,4.840859953,4.840877057,0.000017104,280.0000
mixtral-dev68,5,sim,idle,4.840877057,4.856779570,0.015902513,84.0000
mixtral-dev68,5,sim,experts,4.856779570,4.867619570,0.010840001,700.0000
mixtral-dev68,5,sim,idle,4.867619570,4.873125190,0.005505620,84.0000
mixtral-dev68,5,sim,experts,4.873125190,4.882776578,0.009651388,700.0000
mixtral-dev68,5,sim,idle,4.882776578,4.884350301,0.001573722,84.0000
mixtral-dev68,5,sim,experts,4.884350301,4.897827478,0.013477177,700.0000
mixtral-dev68,5,sim,idle,4.897827478,4.923516820,0.025689342,84.0000
mixtral-dev68,5,sim,idle,4.923516820,4.923516982,0.000000162,84.0000
mixtral-dev68,5,sim,addnorm,4.923516982,4.923661186,0.000144205,140.0000
mixtral-dev68,5,sim,idle,4.923661186,4.923661348,0.000000162,84.0000
mixtral-dev68,5,sim,addnorm,4.923661348,4.923663886,0.000002538,140.0000
mixtral-dev68,5,sim,idle,4.923663886,5.053094076,0.129430191,84.0000
mixtral-dev68,5,sim,addnorm,5.053094076,5.053096165,0.000002089,140.0000
mixtral-dev68,5,sim,idle,5.053096165,5.053096327,0.000000162,84.0000
mixtral-dev68,5,sim,addnorm,5.053096327,5.053389095,0.000292768,140.0000
mixtral-dev68,5,sim,idle,5.053389095,5.053389256,0.000000162,84.0000
mixtral-dev68,5,sim,idle,5.053389256,5.053389418,0.000000162,84.0000
mixtral-dev68,5,sim,gate,5.053389418,5.053392736,0.000003318,280.0000
mixtral-dev68,5,sim,idle,5.053392736,5.058926962,0.005534226,84.0000
mixtral-dev68,5,sim,gate,5.058926962,5.059106092,0.000179130,280.0000
mixtral-dev68,5,sim,idle,5.059106092,5.059106254,0.000000162,84.0000
mixtral-dev68,5,sim,experts,5.059106254,5.078324743,0.019218489,700.0000
mixtral-dev68,5,sim,idle,5.078324743,5.079898465,0.001573722,84.0000
mixtral-dev68,5,sim,experts,5.079898465,5.099677324,0.019778859,700.0000
mixtral-dev68,5,sim,idle,5.099677324,5.115999501,0.016322177,84.0000
mixtral-dev68,5,sim,idle,5.115999501,5.115999663,0.000000162,84.0000
mixtral-dev68,5,sim,idle,5.115999663,5.115999825,0.000000162,84.0000
mixtral-dev68,5,sim,gate,5.115999825,5.116092423,0.000092598,280.0000
mixtral-dev68,5,sim,idle,5.116092423,5.116094907,0.000002484,84.0000
mixtral-dev68,5,sim,addnorm,5.116094907,5.116096993,0.000002086,140.0000
mixtral-dev68,5,sim,idle,5.116096993,5.116097155,0.000000162,84.0000
mixtral-dev68,5,sim,addnorm,5.116097155,5.116389923,0.000292768,140.0000
mixtral-dev68,5,sim,idle,5.116389923,5.116390084,0.000000162,84.0000
mixtral-dev68,5,sim,attention,5.116390084,5.141006016,0.024615932,700.0000
mixtral-dev68,5,sim,idle,5.141006016,5.163933059,0.022927043,84.0000
mixtral-dev68,5,sim,addnorm,5.163933059,5.163935148,0.000002089,140.0000
mixtral-dev68,5,sim,idle,5.163935148,5.163935309,0.000000162,84.0000
mixtral-dev68,5,sim,addnorm,5.163935309,5.164228077,0.000292768,140.0000
mixtral-dev68,5,sim,idle,5.164228077,5.164228239,0.000000162,84.0000
mixtral-dev68,5,sim,idle,5.164228239,5.164228401,0.000000162,84.0000
mixtral-dev68,5,sim,gate,5.164228401,5.164231719,0.000003318,280.0000
mixtral-dev68,5,sim,idle,5.164231719,5.169765945,0.005534226,84.0000
mixtral-dev68,5,sim,gate,5.169765945,5.169945075,0.000179130,280.0000
mixtral-dev68,5,sim,idle,5.169945075,5.169945236,0.000000162,84.0000
mixtral-dev68,5,sim,experts,5.169945236,5.189163726,0.019218489,700.0000
mixtral-dev68,5,sim,idle,5.189163726,5.190737448,0.001573722,84.0000
mixtral-dev68,5,sim,experts,5.190737448,5.210516307,0.019778859,700.0000
mixtral-dev68,5,sim,idle,5.210516307,5.226838484,0.016322177,84.0000
mixtral-dev68,5,sim,idle,5.226838484,5.226838646,0.000000162,84.0000
mixtral-dev68,5,sim,idle,5.226838646,5.226838807,0.000000162,84.0000
mixtral-dev68,5,sim,gate,5.226838807,5.226931406,0.000092598,280.0000
mixtral-dev68,5,sim,idle,5.226931406,5.226933890,0.000002484,84.0000
mixtral-dev68,5,sim,addnorm,5.226933890,5.226935976,0.000002086,140.0000
mixtral-dev68,5,sim,idle,5.226935976,5.226936138,0.000000162,84.0000
mixtral-dev68,5,sim,addnorm,5.226936138,5.227228906,0.000292768,140.0000
mixtral-dev68,5,sim,idle,5.227228906,5.227229067,0.000000162,84.0000
mixtral-dev68,5,sim,attention,5.227229067,5.251844999,0.024615932,700.0000
mixtral-dev68,5,sim,idle,5.251844999,5.288163539,0.036318540,84.0000
mixtral-dev68,5,sim,addnorm,5.288163539,5.288165628,0.000002089,140.0000
mixtral-dev68,5,sim,idle,5.288165628,5.288165790,0.000000162,84.0000
mixtral-dev68,5,sim,addnorm,5.288165790,5.288458558,0.000292768,140.0000
mixtral-dev68,5,sim,idle,5.288458558,5.288458719,0.000000162,84.0000
mixtral-dev68,5,sim,idle,5.288458719,5.288458881,0.000000162,84.0000
mixtral-dev68,5,sim,gate,5.288458881,5.288462199,0.000003318,280.0000
mixtral-dev68,5,sim,idle,5.288462199,5.293996425,0.005534226,84.0000
mixtral-dev68,5,sim,gate,5.293996425,5.294175555,0.000179130,280.0000
mixtral-dev68,5,sim,idle,5.294175555,5.294175717,0.000000162,84.0000
mixtral-dev68,5,sim,experts,5.294175717,5.313394206,0.019218489,700.0000
mixtral-dev68,5,sim,idle,5.313394206,5.314967928,0.001573722,84.0000
mixtral-dev68,5,sim,experts,5.314967928,5.334746787,0.019778859,700.0000
mixtral-dev68,5,sim,idle,5.334746787,5.351068964,0.016322177,84.0000
mixtral-dev68,5,sim,idle,5.351068964,5.351069126,0.000000162,84.0000
mixtral-dev68,5,sim,idle,5.351069126,5.351069288,0.000000162,84.0000
mixtral-dev68,5,sim,gate,5.351069288,5.351161886,0.000092598,280.0000
mixtral-dev68,5,sim,idle,5.351161886,5.351164370,0.000002484,84.0000
mixtral-dev68,5,sim,addnorm,5.351164370,5.351166456,0.000002086,140.0000
mixtral-dev68,5,sim,idle,5.351166456,5.351166618,0.000000162,84.0000
mixtral-dev68,5,sim,addnorm,5.351166618,5.351459386,0.000292768,140.0000
mixtral-dev68,5,sim,idle,5.351459386,5.351459547,0.000000162,84.0000
mixtral-dev68,5,sim,attention,5.351459547,5.376075479,0.024615932,700.0000
mixtral-dev68,5,sim,idle,5.376075479,5.383078863,0.007003384,84.0000
mixtral-dev68,5,sim,addnorm,5.383078863,5.383080952,0.000002089,140.0000
mixtral-dev68,5,sim,idle,5.383080952,5.383081113,0.000000162,84.0000
mixtral-dev68,5,sim,addnorm,5.383081113,5.383373881,0.000292768,140.0000
mixtral-dev68,5,sim,idle,5.383373881,5.383374043,0.000000162,84.0000
mixtral-dev68,5,sim,idle,5.383374043,5.383374205,0.000000162,84.0000
mixtral-dev68,5,sim,gate,5.383374205,5.383377523,0.000003318,280.0000
mixtral-dev68,5,sim,idle,5.383377523,5.388911749,0.005534226,84.0000
mixtral-dev68,5,sim,gate,5.388911749,5.389090879,0.000179130,280.0000
mixtral-dev68,5,sim,idle,5.389090879,5.389091040,0.000000162,84.0000
mixtral-dev68,5,sim,experts,5.389091040,5.408309530,0.019218489,700.0000
mixtral-dev68,5,sim,idle,5.408309530,5.409883252,0.001573722,84.0000
mixtral-dev68,5,sim,experts,5.409883252,5.429662111,0.019778859,700.0000
mixtral-dev68,5,sim,idle,5.429662111,5.445984288,0.016322177,84.0000
mixtral-dev68,5,sim,idle,5.445984288,5.445984450,0.000000162,84.0000
mixtral-dev68,5,sim,idle,5.445984450,5.445984611,0.000000162,84.0000
mixtral-dev68,5,sim,gate,5.445984611,5.446077210,0.000092598,280.0000
mixtral-dev68,5,sim,idle,5.446077210,5.446079694,0.000002484,84.0000
mixtral-dev68,5,sim,addnorm,5.446079694,5.446081780,0.000002086,140.0000
mixtral-dev68,5,sim,idle,5.446081780,5.446081942,0.000000162,84.0000
mixtral-dev68,5,sim,addnorm,5.446081942,5.446374710,0.000292768,140.0000
mixtral-dev68,5,sim,idle,5.446374710,5.446374871,0.000000162,84.0000
mixtral-dev68,5,sim,attention,5.446374871,5.470990803,0.024615932,700.0000
mixtral-dev68,5,sim,idle,5.470990803,5.558903345,0.087912542,84.0000
mixtral-dev68,6,sim,idle,5.558903345,5.654207632,0.095304287,84.0000
mixtral-dev68,6,sim,attention,5.654207632,5.666515598,0.012307966,700.0000
mixtral-dev68,6,sim,idle,5.666515598,5.666515759,0.000000162,84.0000
mixtral-dev68,6,sim,addnorm,5.666515759,5.666659964,0.000144205,140.0000
mixtral-dev68,6,sim,idle,5.666659964,5.666660126,0.000000162,84.0000
mixtral-dev68,6,sim,addnorm,5.666660126,5.666662666,0.000002540,140.0000
mixtral-dev68,6,sim,idle,5.666662666,5.666662828,0.000000162,84.0000
mixtral-dev68,6,sim,gate,5.666662828,5.666701250,0.000038422,280.0000
mixtral-dev68,6,sim,idle,5.666701250,5.666703734,0.000002484,84.0000
mixtral-dev68,6,sim,idle,5.666703734,5.666703896,0.000000162,84.0000
mixtral-dev68,6,sim,gate,5.666703896,5.666721000,0.000017104,280.0000
mixtral-dev68,6,sim,idle,5.666721000,5.682640617,0.015919617,84.0000
mixtral-dev68,6,sim,experts,5.682640617,5.693480617,0.010840001,700.0000
mixtral-dev68,6,sim,idle,5.693480617,5.698986237,0.005505620,84.0000
mixtral-dev68,6,sim,experts,5.698986237,5.708637626,0.009651388,700.0000
mixtral-dev68,6,sim,idle,5.708637626,5.710211348,0.001573722,84.0000
mixtral-dev68,6,sim,experts,5.710211348,5.723688525,0.013477177,700.0000
mixtral-dev68,6,sim,idle,5.723688525,5.749377867,0.025689342,84.0000
mixtral-dev68,6,sim,idle,5.749377867,5.749378029,0.000000162,84.0000
mixtral-dev68,6,sim,addnorm,5.749378029,5.749522234,0.000144205,140.0000
mixtral-dev68,6,sim,idle,5.749522234,5.749522395,0.000000162,84.0000
mixtral-dev68,6,sim,addnorm,5.749522395,5.749524933,0.000002538,140.0000
mixtral-dev68,6,sim,idle,5.749524933,5.749526860,0.000001927,84.0000
mixtral-dev68,6,sim,attention,5.749526860,5.761834826,0.012307966,700.0000
mixtral-dev68,6,sim,idle,5.761834826,5.761834987,0.000000162,84.0000
mixtral-dev68,6,sim,addnorm,5.761834987,5.761979192,0.000144205,140.0000
mixtral-dev68,6,sim,idle,5.761979192,5.761979354,0.000000162,84.0000
mixtral-dev68,6,sim,addnorm,5.761979354,5.761981894,0.000002540,140.0000
mixtral-dev68,6,sim,idle,5.761981894,5.761982056,0.000000162,84.0000
mixtral-dev68,6,sim,gate,5.761982056,5.762020478,0.000038422,280.0000
mixtral-dev68,6,sim,idle,5.762020478,5.762022962,0.000002484,84.0000
mixtral-dev68,6,sim,idle,5.762022962,5.762023124,0.000000162,84.0000
mixtral-dev68,6,sim,gate,5.762023124,5.762040228,0.000017104,280.0000
mixtral-dev68,6,sim,idle,5.762040228,5.777959845,0.015919617,84.0000
mixtral-dev68,6,sim,experts,5.777959845,5.788799845,0.010840001,700.0000
mixtral-dev68,6,sim,idle,5.788799845,5.794305465,0.005505620,84.0000
mixtral-dev68,6,sim,experts,5.794305465,5.803956853,0.009651388,700.0000
mixtral-dev68,6,sim,idle,5.803956853,5.805530576,0.001573722,84.0000
mixtral-dev68,6,sim,experts,5.805530576,5.819007753,0.013477177,700.0000
mixtral-dev68,6,sim,idle,5.819007753,5.844697095,0.025689342,84.0000
mixtral-dev68,6,sim,idle,5.844697095,5.844697257,0.000000162,84.0000
mixtral-dev68,6,sim,addnorm,5.844697257,5.844841461,0.000144205,140.0000
mixtral-dev68,6,sim,idle,5.844841461,5.844841623,0.000000162,84.0000
mixtral-dev68,6,sim,addnorm,5.844841623,5.844844161,0.000002538,140.0000
mixtral-dev68,6,sim,attention,5.844844161,5.857152127,0.012307966,700.0000
mixtral-dev68,6,sim,idle,5.857152127,5.857152288,0.000000162,84.0000
mixtral-dev68,6,sim,addnorm,5.857152288,5.857296493,0.000144205,140.0000
mixtral-dev68,6,sim,idle,5.857296493,5.857296655,0.000000162,84.0000
mixtral-dev68,6,sim,addnorm,5.857296655,5.857299195,0.000002540,140.0000
mixtral-dev68,6,sim,idle,5.857299195,5.857299357,0.000000162,84.0000
mixtral-dev68,6,sim,gate,5.857299357,5.857337779,0.000038422,280.0000
mixtral-dev68,6,sim,idle,5.857337779,5.857340263,0.000002484,84.0000
mixtral-dev68,6,sim,idle,5.857340263,5.857340425,0.000000162,84.0000
mixtral-dev68,6,sim,gate,5.857340425,5.857357529,0.000017104,280.0000
mixtral-dev68,6,sim,idle,5.857357529,5.873260042,0.015902513,84.0000
mixtral-dev68,6,sim,experts,5.873260042,5.884100042,0.010840001,700.0000
mixtral-dev68,6,sim,idle,5.884100042,5.889605662,0.005505620,84.0000
mixtral-dev68,6,sim,experts,5.889605662,5.899257051,0.009651388,700.0000
mixtral-dev68,6,sim,idle,5.899257051,5.900830773,0.001573722,84.0000
mixtral-dev68,6,sim,experts,5.900830773,5.914307950,0.013477177,700.0000
mixtral-dev68,6,sim,idle,5.914307950,5.939997292,0.025689342,84.0000
mixtral-dev68,6,sim,idle,5.939997292,5.939997454,0.000000162,84.0000
mixtral-dev68,6,sim,addnorm,5.939997454,5.940141658,0.000144205,140.0000
mixtral-dev68,6,sim,idle,5.940141658,5.940141820,0.000000162,84.0000
mixtral-dev68,6,sim,addnorm,5.940141820,5.940144358,0.000002538,140.0000
mixtral-dev68,6,sim,attention,5.940144358,5.952452324,0.012307966,700.0000
mixtral-dev68,6,sim,idle,5.952452324,5.952452485,0.000000162,84.0000
mixtral-dev68,6,sim,addnorm,5.952452485,5.952596690,0.000144205,140.0000
mixtral-dev68,6,sim,idle,5.952596690,5.952596852,0.000000162,84.0000
mixtral-dev68,6,sim,addnorm,5.952596852,5.952599392,0.000002540,140.0000
mixtral-dev68,6,sim,idle,5.952599392,5.952599554,0.000000162,84.0000
mixtral-dev68,6,sim,gate,5.952599554,5.952637976,0.000038422,280.0000
mixtral-dev68,6,sim,idle,5.952637976,5.952640460,0.000002484,84.0000
mixtral-dev68,6,sim,idle,5.952640460,5.952640622,0.000000162,84.0000
mixtral-dev68,6,sim,gate,5.952640622,5.952657726,0.000017104,280.0000
mixtral-dev68,6,sim,idle,5.952657726,5.968560239,0.015902513,84.0000
mixtral-dev68,6,sim,experts,5.968560239,5.979400239,0.010840001,700.0000
mixtral-dev68,6,sim,idle,5.979400239,5.984905859,0.005505620,84.0000
mixtral-dev68,6,sim,experts,5.984905859,5.994557247,0.009651388,700.0000
mixtral-dev68,6,sim,idle,5.994557247,5.996130970,0.001573722,84.0000
mixtral-dev68,6,sim,experts,5.996130970,6.009608147,0.013477177,700.0000
mixtral-dev68,6,sim,idle,6.009608147,6.035297489,0.025689342,84.0000
mixtral-dev68,6,sim,idle,6.035297489,6.035297651,0.000000162,84.0000
mixtral-dev68,6,sim,addnorm,6.035297651,6.035441855,0.000144205,140.0000
mixtral-dev68,6,sim,idle,6.035441855,6.035442017,0.000000162,84.0000
mixtral-dev68,6,sim,addnorm,6.035442017,6.035444555,0.000002538,140.0000
mixtral-dev68,6,sim,idle,6.035444555,6.164874745,0.129430191,84.0000
mixtral-dev68,6,sim,addnorm,6.164874745,6.164876834,0.000002089,140.0000
mixtral-dev68,6,sim,idle,6.164876834,6.164876996,0.000000162,84.0000
mixtral-dev68,6,sim,addnorm,6.164876996,6.165169764,0.000292768,140.0000
mixtral-dev68,6,sim,idle,6.165169764,6.165169925,0.000000162,84.0000
mixtral-dev68,6,sim,idle,6.165169925,6.165170087,0.000000162,84.0000
mixtral-dev68,6,sim,gate,6.165170087,6.165173405,0.000003318,280.0000
mixtral-dev68,6,sim,idle,6.165173405,6.170707631,0.005534226,84.0000
mixtral-dev68,6,sim,gate,6.170707631,6.170886761,0.000179130,280.0000
mixtral-dev68,6,sim,idle,6.170886761,6.170886923,0.000000162,84.0000
mixtral-dev68,6,sim,experts,6.170886923,6.190105412,0.019218489,700.0000
mixtral-dev68,6,sim,idle,6.190105412,6.191679134,0.001573722,84.0000
mixtral-dev68,6,sim,experts,6.191679134,6.211457993,0.019778859,700.0000
mixtral-dev68,6,sim,idle,6.211457993,6.227780170,0.016322177,84.0000
mixtral-dev68,6,sim,idle,6.227780170,6.227780332,0.000000162,84.0000
mixtral-dev68,6,sim,idle,6.227780332,6.227780494,0.000000162,84.0000
mixtral-dev68,6,sim,gate,6.227780494,6.227873092,0.000092598,280.0000
mixtral-dev68,6,sim,idle,6.227873092,6.227875576,0.000002484,84.0000
mixtral-dev68,6,sim,addnorm,6.227875576,6.227877662,0.000002086,140.0000
mixtral-dev68,6,sim,idle,6.227877662,6.227877824,0.000000162,84.0000
mixtral-dev68,6,sim,addnorm,6.227877824,6.228170592,0.000292768,140.0000
mixtral-dev68,6,sim,idle,6.228170592,6.228170753,0.000000162,84.0000
mixtral-dev68,6,sim,attention,6.228170753,6.252786685,0.024615932,700.0000
mixtral-dev68,6,sim,idle,6.252786685,6.275713728,0.022927043,84.0000
mixtral-dev68,6,sim,addnorm,6.275713728,6.275715817,0.000002089,140.0000
mixtral-dev68,6,sim,idle,6.275715817,6.275715978,0.000000162,84.0000
mixtral-dev68,6,sim,addnorm,6.275715978,6.276008746,0.000292768,140.0000
mixtral-dev68,6,sim,idle,6.276008746,6.276008908,0.000000162,84.0000
mixtral-dev68,6,sim,idle,6.276008908,6.276009070,0.000000162,84.0000
mixtral-dev68,6,sim,gate,6.276009070,6.276012388,0.000003318,280.0000
mixtral-dev68,6,sim,idle,6.276012388,6.281546614,0.005534226,84.0000
mixtral-dev68,6,sim,gate,6.281546614,6.281725744,0.000179130,280.0000
mixtral-dev68,6,sim,idle,6.281725744,6.281725905,0.000000162,84.0000
mixtral-dev68,6,sim,experts,6.281725905,6.300944395,0.019218489,700.0000
mixtral-dev68,6,sim,idle,6.300944395,6.302518117,0.001573722,84.0000
mixtral-dev68,6,sim,experts,6.302518117,6.322296976,0.019778859,700.0000
mixtral-dev68,6,sim,idle,6.322296976,6.338619153,0.016322177,84.0000
mixtral-dev68,6,sim,idle,6.338619153,6.338619315,0.000000162,84.0000
mixtral-dev68,6,sim,idle,6.338619315,6.338619476,0.000000162,84.0000
mixtral-dev68,6,sim,gate,6.338619476,6.338712075,0.000092598,280.0000
mixtral-dev68,6,sim,idle,6.338712075,6.338714559,0.000002484,84.0000
mixtral-dev68,6,sim,addnorm,6.338714559,6.338716645,0.000002086,140.0000
mixtral-dev68,6,sim,idle,6.338716645,6.338716807,0.000000162,84.0000
mixtral-dev68,6,sim,addnorm,6.338716807,6.339009575,0.000292768,140.0000
mixtral-dev68,6,sim,idle,6.339009575,6.339009736,0.000000162,84.0000
mixtral-dev68,6,sim,attention,6.339009736,6.363625668,0.024615932,700.0000
mixtral-dev68,6,sim,idle,6.363625668,6.399944208,0.036318540,84.0000
mixtral-dev68,6,sim,addnorm,6.399944208,6.399946297,0.000002089,140.0000
mixtral-dev68,6,sim,idle,6.399946297,6.399946459,0.000000162,84.0000
mixtral-dev68,6,sim,addnorm,6.399946459,6.400239227,0.000292768,140.0000
mixtral-dev68,6,sim,idle,6.400239227,6.400239388,0.000000162,84.0000
mixtral-dev68,6,sim,idle,6.400239388,6.400239550,0.000000162,84.0000
mixtral-dev68,6,sim,gate,6.400239550,6.400242868,0.000003318,280.0000
mixtral-dev68,6,sim,idle,6.400242868,6.405777094,0.005534226,84.0000
mixtral-dev68,6,sim,gate,6.405777094,6.405956224,0.000179130,280.0000
mixtral-dev68,6,sim,idle,6.405956224,6.405956386,0.000000162,84.0000
mixtral-dev68,6,sim,experts,6.405956386,6.425174875,0.019218489,700.0000
mixtral-dev68,6,sim,idle,6.425174875,6.426748597,0.001573722,84.0000
mixtral-dev68,6,sim,experts,6.426748597,6.446527456,0.019778859,700.0000
mixtral-dev68,6,sim,idle,6.446527456,6.462849633,0.016322177,84.0000
mixtral-dev68,6,sim,idle,6.462849633,6.462849795,0.000000162,84.0000
mixtral-dev68,6,sim,idle,6.462849795,6.462849957,0.000000162,84.0000
mixtral-dev68,6,sim,gate,6.462849957,6.462942555,0.000092598,280.0000
mixtral-dev68,6,sim,idle,6.462942555,6.462945039,0.000002484,84.0000
mixtral-dev68,6,sim,addnorm,6.462945039,6.462947125,0.000002086,140.0000
mixtral-dev68,6,sim,idle,6.462947125,6.462947287,0.000000162,84.0000
mixtral-dev68,6,sim,addnorm,6.462947287,6.463240055,0.000292768,140.0000
mixtral-dev68,6,sim,idle,6.463240055,6.463240216,0.000000162,84.0000
mixtral-dev68,6,sim,attention,6.463240216,6.487856148,0.024615932,700.0000
mixtral-dev68,6,sim,idle,6.487856148,6.494859532,0.007003384,84.0000
mixtral-dev68,6,sim,addnorm,6.494859532,6.494861621,0.000002089,140.0000
mixtral-dev68,6,sim,idle,6.494861621,6.494861782,0.000000162,84.0000
mixtral-dev68,6,sim,addnorm,6.494861782,6.495154550,0.000292768,140.0000
mixtral-dev68,6,sim,idle,6.495154550,6.495154712,0.000000162,84.0000
mixtral-dev68,6,sim,idle,6.495154712,6.495154874,0.000000162,84.0000
mixtral-dev68,6,sim,gate,6.495154874,6.495158192,0.000003318,280.0000
mixtral-dev68,6,sim,idle,6.495158192,6.500692418,0.005534226,84.0000
mixtral-dev68,6,sim,gate,6.500692418,6.500871548,0.000179130,280.0000
mixtral-dev68,6,sim,idle,6.500871548,6.500871709,0.000000162,84.0000
mixtral-dev68,6,sim,experts,6.500871709,6.520090199,0.019218489,700.0000
mixtral-dev68,6,sim,idle,6.520090199,6.521663921,0.001573722,84.0000
mixtral-dev68,6,sim,experts,6.521663921,6.541442780,0.019778859,700.0000
mixtral-dev68,6,sim,idle,6.541442780,6.557764957,0.016322177,84.0000
mixtral-dev68,6,sim,idle,6.557764957,6.557765119,0.000000162,84.0000
mixtral-dev68,6,sim,idle,6.557765119,6.557765280,0.000000162,84.0000
mixtral-dev68,6,sim,gate,6.557765280,6.557857879,0.000092598,280.0000
mixtral-dev68,6,sim,idle,6.557857879,6.557860363,0.000002484,84.0000
mixtral-dev68,6,sim,addnorm,6.557860363,6.557862449,0.000002086,140.0000
mixtral-dev68,6,sim,idle,6.557862449,6.557862611,0.000000162,84.0000
mixtral-dev68,6,sim,addnorm,6.557862611,6.558155379,0.000292768,140.0000
mixtral-dev68,6,sim,idle,6.558155379,6.558155540,0.000000162,84.0000
mixtral-dev68,6,sim,attention,6.558155540,6.582771472,0.024615932,700.0000
mixtral-dev68,6,sim,idle,6.582771472,6.670684014,0.087912542,84.0000
mixtral-dev68,7,sim,idle,6.670684014,6.765988301,0.095304287,84.0000
mixtral-dev68,7,sim,attention,6.765988301,6.778296267,0.012307966,700.0000
mixtral-dev68,7,sim,idle,6.778296267,6.778296428,0.000000162,84.0000
mixtral-dev68,7,sim,addnorm,6.778296428,6.778440633,0.000144205,140.0000
mixtral-dev68,7,sim,idle,6.778440633,6.778440795,0.000000162,84.0000
mixtral-dev68,7,sim,addnorm,6.778440795,6.778443335,0.000002540,140.0000
mixtral-dev68,7,sim,idle,6.778443335,6.778443497,0.000000162,84.0000
mixtral-dev68,7,sim,gate,6.778443497,6.778481919,0.000038422,280.0000
mixtral-dev68,7,sim,idle,6.778481919,6.778484403,0.000002484,84.0000
mixtral-dev68,7,sim,idle,6.778484403,6.778484565,0.000000162,84.0000
mixtral-dev68,7,sim,gate,6.778484565,6.778501669,0.000017104,280.0000
mixtral-dev68,7,sim,idle,6.778501669,6.794421286,0.015919617,84.0000
mixtral-dev68,7,sim,experts,6.794421286,6.805261286,0.010840001,700.0000
mixtral-dev68,7,sim,idle,6.805261286,6.810766906,0.005505620,84.0000
mixtral-dev68,7,sim,experts,6.810766906,6.820418295,0.009651388,700.0000
mixtral-dev68,7,sim,idle,6.820418295,6.821992017,0.001573722,84.0000
mixtral-dev68,7,sim,experts,6.821992017,6.835469194,0.013477177,700.0000
mixtral-dev68,7,sim,idle,6.835469194,6.861158536,0.025689342,84.0000
mixtral-dev68,7,sim,idle,6.861158536,6.861158698,0.000000162,84.0000
mixtral-dev68,7,sim,addnorm,6.861158698,6.861302903,0.000144205,140.0000
mixtral-dev68,7,sim,idle,6.861302903,6.861303064,0.000000162,84.0000
mixtral-dev68,7,sim,addnorm,6.861303064,6.861305602,0.000002538,140.0000
mixtral-dev68,7,sim,idle,6.861305602,6.861307529,0.000001927,84.0000
mixtral-dev68,7,sim,attention,6.861307529,6.873615495,0.012307966,700.0000
mixtral-dev68,7,sim,idle,6.873615495,6.873615656,0.000000162,84.0000
mixtral-dev68,7,sim,addnorm,6.873615656,6.873759861,0.000144205,140.0000
mixtral-dev68,7,sim,idle,6.873759861,6.873760023,0.000000162,84.0000
mixtral-dev68,7,sim,addnorm,6.873760023,6.873762563,0.000002540,140.0000
mixtral-dev68,7,sim,idle,6.873762563,6.873762725,0.000000162,84.0000
mixtral-dev68,7,sim,gate,6.873762725,6.873801147,0.000038422,280.0000
mixtral-dev68,7,sim,idle,6.873801147,6.873803631,0.000002484,84.0000
mixtral-dev68,7,sim,idle,6.873803631,6.873803793,0.000000162,84.0000
mixtral-dev68,7,sim,gate,6.873803793,6.873820897,0.000017104,280.0000
mixtral-dev68,7,sim,idle,6.873820897,6.889740514,0.015919617,84.0000
mixtral-dev68,7,sim,experts,6.889740514,6.900580514,0.010840001,700.0000
mixtral-dev68,7,sim,idle,6.900580514,6.906086134,0.005505620,84.0000
mixtral-dev68,7,sim,experts,6.906086134,6.915737522,0.009651388,700.0000
mixtral-dev68,7,sim,idle,6.915737522,6.917311245,0.001573722,84.0000
mixtral-dev68,7,sim,experts,6.917311245,6.930788422,0.013477177,700.0000
mixtral-dev68,7,sim,idle,6.930788422,6.956477764,0.025689342,84.0000
mixtral-dev68,7,sim,idle,6.956477764,6.956477926,0.000000162,84.0000
mixtral-dev68,7,sim,addnorm,6.956477926,6.956622130,0.000144205,140.0000
mixtral-dev68,7,sim,idle,6.956622130,6.956622292,0.000000162,84.0000
mixtral-dev68,7,sim,addnorm,6.956622292,6.956624830,0.000002538,140.0000
mixtral-dev68,7,sim,attention,6.956624830,6.968932796,0.012307966,700.0000
mixtral-dev68,7,sim,idle,6.968932796,6.968932957,0.000000162,84.0000
mixtral-dev68,7,sim,addnorm,6.968932957,6.969077162,0.000144205,140.0000
mixtral-dev68,7,sim,idle,6.969077162,6.969077324,0.000000162,84.0000
mixtral-dev68,7,sim,addnorm,6.969077324,6.969079864,0.000002540,140.0000
mixtral-dev68,7,sim,idle,6.969079864,6.969080026,0.000000162,84.0000
mixtral-dev68,7,sim,gate,6.969080026,6.969118448,0.000038422,280.0000
mixtral-dev68,7,sim,idle,6.969118448,6.969120932,0.000002484,84.0000
mixtral-dev68,7,sim,idle,6.969120932,6.969121094,0.000000162,84.0000
mixtral-dev68,7,sim,gate,6.969121094,6.969138198,0.000017104,280.0000
mixtral-dev68,7,sim,idle,6.969138198,6.985040711,0.015902513,84.0000
mixtral-dev68,7,sim,experts,6.985040711,6.995880711,0.010840001,700.0000
mixtral-dev68,7,sim,idle,6.995880711,7.001386331,0.005505620,84.0000
mixtral-dev68,7,sim,experts,7.001386331,7.011037720,0.009651388,700.0000
mixtral-dev68,7,sim,idle,7.011037720,7.012611442,0.001573722,84.0000
mixtral-dev68,7,sim,experts,7.012611442,7.026088619,0.013477177,700.0000
mixtral-dev68,7,sim,idle,7.026088619,7.051777961,0.025689342,84.0000
mixtral-dev68,7,sim,idle,7.051777961,7.051778123,0.000000162,84.0000
mixtral-dev68,7,sim,addnorm,7.051778123,7.051922327,0.000144205,140.0000
mixtral-dev68,7,sim,idle,7.051922327,7.051922489,0.000000162,84.0000
mixtral-dev68,7,sim,addnorm,7.051922489,7.051925027,0.000002538,140.0000
mixtral-dev68,7,sim,attention,7.051925027,7.064232993,0.012307966,700.0000
mixtral-dev68,7,sim,idle,7.064232993,7.064233154,0.000000162,84.0000
mixtral-dev68,7,sim,addnorm,7.064233154,7.064377359,0.000144205,140.0000
mixtral-dev68,7,sim,idle,7.064377359,7.064377521,0.000000162,84.0000
mixtral-dev68,7,sim,addnorm,7.064377521,7.064380061,0.000002540,140.0000
mixtral-dev68,7,sim,idle,7.064380061,7.064380223,0.000000162,84.0000
mixtral-dev68,7,sim,gate,7.064380223,7.064418645,0.000038422,280.0000
mixtral-dev68,7,sim,idle,7.064418645,7.064421129,0.000002484,84.0000
mixtral-dev68,7,sim,idle,7.064421129,7.064421291,0.000000162,84.0000
mixtral-dev68,7,sim,gate,7.064421291,7.064438395,0.000017104,280.0000
mixtral-dev68,7,sim,idle,7.064438395,7.080340908,0.015902513,84.0000
mixtral-dev68,7,sim,experts,7.080340908,7.091180908,0.010840001,700.0000
mixtral-dev68,7,sim,idle,7.091180908,7.096686528,0.005505620,84.0000
mixtral-dev68,7,sim,experts,7.096686528,7.106337917,0.009651388,700.0000
mixtral-dev68,7,sim,idle,7.106337917,7.107911639,0.001573722,84.0000
mixtral-dev68,7,sim,experts,7.107911639,7.121388816,0.013477177,700.0000
mixtral-dev68,7,sim,idle,7.121388816,7.147078158,0.025689342,84.0000
mixtral-dev68,7,sim,idle,7.147078158,7.147078320,0.000000162,84.0000
mixtral-dev68,7,sim,addnorm,7.147078320,7.147222524,0.000144205,140.0000
mixtral-dev68,7,sim,idle,7.147222524,7.147222686,0.000000162,84.0000
mixtral-dev68,7,sim,addnorm,7.147222686,7.147225224,0.000002538,140.0000
mixtral-dev68,7,sim,idle,7.147225224,7.276655414,0.129430191,84.0000
mixtral-dev68,7,sim,addnorm,7.276655414,7.276657503,0.000002089,140.0000
mixtral-dev68,7,sim,idle,7.276657503,7.276657665,0.000000162,84.0000
mixtral-dev68,7,sim,addnorm,7.276657665,7.276950433,0.000292768,140.0000
mixtral-dev68,7,sim,idle,7.276950433,7.276950594,0.000000162,84.0000
mixtral-dev68,7,sim,idle,7.276950594,7.276950756,0.000000162,84.0000
mixtral-dev68,7,sim,gate,7.276950756,7.276954074,0.000003318,280.0000
mixtral-dev68,7,sim,idle,7.276954074,7.282488300,0.005534226,84.0000
mixtral-dev68,7,sim,gate,7.282488300,7.282667430,0.000179130,280.0000
mixtral-dev68,7,sim,idle,7.282667430,7.282667592,0.000000162,84.0000
mixtral-dev68,7,sim,experts,7.282667592,7.301886081,0.019218489,700.0000
mixtral-dev68,7,sim,idle,7.301886081,7.303459803,0.001573722,84.0000
mixtral-dev68,7,sim,experts,7.303459803,7.323238662,0.019778859,700.0000
mixtral-dev68,7,sim,idle,7.323238662,7.339560839,0.016322177,84.0000
mixtral-dev68,7,sim,idle,7.339560839,7.339561001,0.000000162,84.0000
mixtral-dev68,7,sim,idle,7.339561001,7.339561163,0.000000162,84.0000
mixtral-dev68,7,sim,gate,7.339561163,7.339653761,0.000092598,280.0000
mixtral-dev68,7,sim,idle,7.339653761,7.339656245,0.000002484,84.0000
mixtral-dev68,7,sim,addnorm,7.339656245,7.339658331,0.000002086,140.0000
mixtral-dev68,7,sim,idle,7.339658331,7.339658493,0.000000162,84.0000
mixtral-dev68,7,sim,addnorm,7.339658493,7.339951261,0.000292768,140.0000
mixtral-dev68,7,sim,idle,7.339951261,7.339951422,0.000000162,84.0000
mixtral-dev68,7,sim,attention,7.339951422,7.364567354,0.024615932,700.0000
mixtral-dev68,7,sim,idle,7.364567354,7.387494397,0.022927043,84.0000
mixtral-dev68,7,sim,addnorm,7.387494397,7.387496486,0.000002089,140.0000
mixtral-dev68,7,sim,idle,7.387496486,7.387496647,0.000000162,84.0000
mixtral-dev68,7,sim,addnorm,7.387496647,7.387789415,0.000292768,140.0000
mixtral-dev68,7,sim,idle,7.387789415,7.387789577,0.000000162,84.0000
mixtral-dev68,7,sim,idle,7.387789577,7.387789739,0.000000162,84.0000
mixtral-dev68,7,sim,gate,7.387789739,7.387793057,0.000003318,280.0000
mixtral-dev68,7,sim,idle,7.387793057,7.393327283,0.005534226,84.0000
mixtral-dev68,7,sim,gate,7.393327283,7.393506413,0.000179130,280.0000
mixtral-dev68,7,sim,idle,7.393506413,7.393506574,0.000000162,84.0000
mixtral-dev68,7,sim,experts,7.393506574,7.412725064,0.019218489,700.0000
mixtral-dev68,7,sim,idle,7.412725064,7.414298786,0.001573722,84.0000
mixtral-dev68,7,sim,experts,7.414298786,7.434077645,0.019778859,700.0000
mixtral-dev68,7,sim,idle,7.434077645,7.450399822,0.016322177,84.0000
mixtral-dev68,7,sim,idle,7.450399822,7.450399984,0.000000162,84.0000
mixtral-dev68,7,sim,idle,7.450399984,7.450400145,0.000000162,84.0000
mixtral-dev68,7,sim,gate,7.450400145,7.450492744,0.000092598,280.0000
mixtral-dev68,7,sim,idle,7.450492744,7.450495228,0.000002484,84.0000
mixtral-dev68,7,sim,addnorm,7.450495228,7.450497314,0.000002086,140.0000
mixtral-dev68,7,sim,idle,7.450497314,7.450497476,0.000000162,84.0000
mixtral-dev68,7,sim,addnorm,7.450497476,7.450790244,0.000292768,140.0000
mixtral-dev68,7,sim,idle,7.450790244,7.450790405,0.000000162,84.0000
mixtral-dev68,7,sim,attention,7.450790405,7.475406337,0.024615932,700.0000
mixtral-dev68,7,sim,idle,7.475406337,7.511724877,0.036318540,84.0000
mixtral-dev68,7,sim,addnorm,7.511724877,7.511726966,0.000002089,140.0000
mixtral-dev68,7,sim,idle,7.511726966,7.511727128,0.000000162,84.0000
mixtral-dev68,7,sim,addnorm,7.511727128,7.512019896,0.000292768,140.0000
mixtral-dev68,7,sim,idle,7.512019896,7.512020057,0.000000162,84.0000
mixtral-dev68,7,sim,idle,7.512020057,7.512020219,0.000000162,84.0000
mixtral-dev68,7,sim,gate,7.512020219,7.512023537,0.000003318,280.0000
mixtral-dev68,7,sim,idle,7.512023537,7.517557763,0.005534226,84.0000
mixtral-dev68,7,sim,gate,7.517557763,7.517736893,0.000179130,280.0000
mixtral-dev68,7,sim,idle,7.517736893,7.517737055,0.000000162,84.0000
mixtral-dev68,7,sim,experts,7.517737055,7.536955544,0.019218489,700.0000
mixtral-dev68,7,sim,idle,7.536955544,7.538529266,0.001573722,84.0000
mixtral-dev68,7,sim,experts,7.538529266,7.558308125,0.019778859,700.0000
mixtral-dev68,7,sim,idle,7.558308125,7.574630302,0.016322177,84.0000
mixtral-dev68,7,sim,idle,7.574630302,7.574630464,0.000000162,84.0000
mixtral-dev68,7,sim,idle,7.574630464,7.574630626,0.000000162,84.0000
mixtral-dev68,7,sim,gate,7.574630626,7.574723224,0.000092598,280.0000
mixtral-dev68,7,sim,idle,7.574723224,7.574725708,0.000002484,84.0000
mixtral-dev68,7,sim,addnorm,7.574725708,7.574727794,0.000002086,140.0000
mixtral-dev68,7,sim,idle,7.574727794,7.574727956,0.000000162,84.0000
mixtral-dev68,7,sim,addnorm,7.574727956,7.575020724,0.000292768,140.0000
mixtral-dev68,7,sim,idle,7.575020724,7.575020885,0.000000162,84.0000
mixtral-dev68,7,sim,attention,7.575020885,7.599636817,0.024615932,700.0000
mixtral-dev68,7,sim,idle,7.599636817,7.606640201,0.007003384,84.0000
mixtral-dev68,7,sim,addnorm,7.606640201,7.606642290,0.000002089,140.0000
mixtral-dev68,7,sim,idle,7.606642290,7.606642451,0.000000162,84.0000
mixtral-dev68,7,sim,addnorm,7.606642451,7.606935219,0.000292768,140.0000
mixtral-dev68,7,sim,idle,7.606935219,7.606935381,0.000000162,84.0000
mixtral-dev68,7,sim,idle,7.606935381,7.606935543,0.000000162,84.0000
mixtral-dev68,7,sim,gate,7.606935543,7.606938861,0.000003318,280.0000
mixtral-dev68,7,sim,idle,7.606938861,7.612473087,0.005534226,84.0000
mixtral-dev68,7,sim,gate,7.612473087,7.612652217,0.000179130,280.0000
mixtral-dev68,7,sim,idle,7.612652217,7.612652378,0.000000162,84.0000
mixtral-dev68,7,sim,experts,7.612652378,7.631870868,0.019218489,700.0000
mixtral-dev68,7,sim,idle,7.631870868,7.633444590,0.001573722,84.0000
mixtral-dev68,7,sim,experts,7.633444590,7.653223449,0.019778859,700.0000
mixtral-dev68,7,sim,idle,7.653223449,7.669545626,0.016322177,84.0000
mixtral-dev68,7,sim,idle,7.669545626,7.669545788,0.000000162,84.0000
mixtral-dev68,7,sim,idle,7.669545788,7.669545949,0.000000162,84.0000
mixtral-dev68,7,sim,gate,7.669545949,7.669638548,0.000092598,280.0000
mixtral-dev68,7,sim,idle,7.669638548,7.669641032,0.000002484,84.0000
mixtral-dev68,7,sim,addnorm,7.669641032,7.669643118,0.000002086,140.0000
mixtral-dev68,7,sim,idle,7.669643118,7.669643280,0.000000162,84.0000
mixtral-dev68,7,sim,addnorm,7.669643280,7.669936048,0.000292768,140.0000
mixtral-dev68,7,sim,idle,7.669936048,7.669936209,0.000000162,84.0000
mixtral-dev68,7,sim,attention,7.669936209,7.694552141,0.024615932,700.0000
mixtral-dev68,7,sim,idle,7.694552141,7.782464683,0.087912542,84.0000
mixtral-dev68,8,sim,idle,7.782464683,7.877768970,0.095304287,84.0000
mixtral-dev68,8,sim,attention,7.877768970,7.890076936,0.012307966,700.0000
mixtral-dev68,8,sim,idle,7.890076936,7.890077097,0.000000162,84.0000
mixtral-dev68,8,sim,addnorm,7.890077097,7.890221302,0.000144205,140.0000
mixtral-dev68,8,sim,idle,7.890221302,7.890221464,0.000000162,84.0000
mixtral-dev68,8,sim,addnorm,7.890221464,7.890224004,0.000002540,140.0000
mixtral-dev68,8,sim,idle,7.890224004,7.890224166,0.000000162,84.0000
mixtral-dev68,8,sim,gate,7.890224166,7.890262588,0.000038422,280.0000
mixtral-dev68,8,sim,idle,7.890262588,7.890265072,0.000002484,84.0000
mixtral-dev68,8,sim,idle,7.890265072,7.890265234,0.000000162,84.0000
mixtral-dev68,8,sim,gate,7.890265234,7.890282338,0.000017104,280.0000
mixtral-dev68,8,sim,idle,7.890282338,7.906201955,0.015919617,84.0000
mixtral-dev68,8,sim,experts,7.906201955,7.917041955,0.010840001,700.0000
mixtral-dev68,8,sim,idle,7.917041955,7.922547575,0.005505620,84.0000
mixtral-dev68,8,sim,experts,7.922547575,7.932198964,0.009651388,700.0000
mixtral-dev68,8,sim,idle,7.932198964,7.933772686,0.001573722,84.0000
mixtral-dev68,8,sim,experts,7.933772686,7.947249863,0.013477177,700.0000
mixtral-dev68,8,sim,idle,7.947249863,7.972939205,0.025689342,84.0000
mixtral-dev68,8,sim,idle,7.972939205,7.972939367,0.000000162,84.0000
mixtral-dev68,8,sim,addnorm,7.972939367,7.973083572,0.000144205,140.0000
mixtral-dev68,8,sim,idle,7.973083572,7.973083733,0.000000162,84.0000
mixtral-dev68,8,sim,addnorm,7.973083733,7.973086271,0.000002538,140.0000
mixtral-dev68,8,sim,idle,7.973086271,7.973088198,0.000001927,84.0000
mixtral-dev68,8,sim,attention,7.973088198,7.985396164,0.012307966,700.0000
mixtral-dev68,8,sim,idle,7.985396164,7.985396325,0.000000162,84.0000
mixtral-dev68,8,sim,addnorm,7.985396325,7.985540530,0.000144205,140.0000
mixtral-dev68,8,sim,idle,7.985540530,7.985540692,0.000000162,84.0000
mixtral-dev68,8,sim,addnorm,7.985540692,7.985543232,0.000002540,140.0000
mixtral-dev68,8,sim,idle,7.985543232,7.985543394,0.000000162,84.0000
mixtral-dev68,8,sim,gate,7.985543394,7.985581816,0.000038422,280.0000
mixtral-dev68,8,sim,idle,7.985581816,7.985584300,0.000002484,84.0000
mixtral-dev68,8,sim,idle,7.985584300,7.985584462,0.000000162,84.0000
mixtral-dev68,8,sim,gate,7.985584462,7.985601566,0.000017104,280.0000
mixtral-dev68,8,sim,idle,7.985601566,8.001521183,0.015919617,84.0000
mixtral-dev68,8,sim,experts,8.001521183,8.012361183,0.010840001,700.0000
mixtral-dev68,8,sim,idle,8.012361183,8.017866803,0.005505620,84.0000
mixtral-dev68,8,sim,experts,8.017866803,8.027518192,0.009651388,700.0000
mixtral-dev68,8,sim,idle,8.027518192,8.029091914,0.001573722,84.0000
mixtral-dev68,8,sim,experts,8.029091914,8.042569091,0.013477177,700.0000
mixtral-dev68,8,sim,idle,8.042569091,8.068258433,0.025689342,84.0000
mixtral-dev68,8,sim,idle,8.068258433,8.068258595,0.000000162,84.0000
mixtral-dev68,8,sim,addnorm,8.068258595,8.068402799,0.000144205,140.0000
mixtral-dev68,8,sim,idle,8.068402799,8.068402961,0.000000162,84.0000
mixtral-dev68,8,sim,addnorm,8.068402961,8.068405499,0.000002538,140.0000
mixtral-dev68,8,sim,attention,8.068405499,8.080713465,0.012307966,700.0000
mixtral-dev68,8,sim,idle,8.080713465,8.080713626,0.000000162,84.0000
mixtral-dev68,8,sim,addnorm,8.080713626,8.080857831,0.000144205,140.0000
mixtral-dev68,8,sim,idle,8.080857831,8.080857993,0.000000162,84.0000
mixtral-dev68,8,sim,addnorm,8.080857993,8.080860533,0.000002540,140.0000
mixtral-dev68,8,sim,idle,8.080860533,8.080860695,0.000000162,84.0000
mixtral-dev68,8,sim,gate,8.080860695,8.080899117,0.000038422,280.0000
mixtral-dev68,8,sim,idle,8.080899117,8.080901601,0.000002484,84.0000
mixtral-dev68,8,sim,idle,8.080901601,8.080901763,0.000000162,84.0000
mixtral-dev68,8,sim,gate,8.080901763,8.080918867,0.000017104,280.0000
mixtral-dev68,8,sim,idle,8.080918867,8.096821380,0.015902513,84.0000
mixtral-dev68,8,sim,experts,8.096821380,8.107661380,0.010840001,700.0000
mixtral-dev68,8,sim,idle,8.107661380,8.113167000,0.005505620,84.0000
mixtral-dev68,8,sim,experts,8.113167000,8.122818389,0.009651388,700.0000
mixtral-dev68,8,sim,idle,8.122818389,8.124392111,0.001573722,84.0000
mixtral-dev68,8,sim,experts,8.124392111,8.137869288,0.013477177,700.0000
mixtral-dev68,8,sim,idle,8.137869288,8.163558630,0.025689342,84.0000
mixtral-dev68,8,sim,idle,8.163558630,8.163558792,0.000000162,84.0000
mixtral-dev68,8,sim,addnorm,8.163558792,8.163702996,0.000144205,140.0000
mixtral-dev68,8,sim,idle,8.163702996,8.163703158,0.000000162,84.0000
mixtral-dev68,8,sim,addnorm,8.163703158,8.163705696,0.000002538,140.0000
mixtral-dev68,8,sim,attention,8.163705696,8.176013662,0.012307966,700.0000
mixtral-dev68,8,sim,idle,8.176013662,8.176013823,0.000000162,84.0000
mixtral-dev68,8,sim,addnorm,8.176013823,8.176158028,0.000144205,140.0000
mixtral-dev68,8,sim,idle,8.176158028,8.176158190,0.000000162,84.0000
mixtral-dev68,8,sim,addnorm,8.176158190,8.176160730,0.000002540,140.0000
mixtral-dev68,8,sim,idle,8.176160730,8.176160892,0.000000162,84.0000
mixtral-dev68,8,sim,gate,8.176160892,8.176199314,0.000038422,280.0000
mixtral-dev68,8,sim,idle,8.176199314,8.176201798,0.000002484,84.0000
mixtral-dev68,8,sim,idle,8.176201798,8.176201960,0.000000162,84.0000
mixtral-dev68,8,sim,gate,8.176201960,8.176219064,0.000017104,280.0000
mixtral-dev68,8,sim,idle,8.176219064,8.192121577,0.015902513,84.0000
mixtral-dev68,8,sim,experts,8.192121577,8.202961577,0.010840001,700.0000
mixtral-dev68,8,sim,idle,8.202961577,8.208467197,0.005505620,84.0000
mixtral-dev68,8,sim,experts,8.208467197,8.218118586,0.009651388,700.0000
mixtral-dev68,8,sim,idle,8.218118586,8.219692308,0.001573722,84.0000
mixtral-dev68,8,sim,experts,8.219692308,8.233169485,0.013477177,700.0000
mixtral-dev68,8,sim,idle,8.233169485,8.258858827,0.025689342,84.0000
mixtral-dev68,8,sim,idle,8.258858827,8.258858989,0.000000162,84.0000
mixtral-dev68,8,sim,addnorm,8.258858989,8.259003193,0.000144205,140.0000
mixtral-dev68,8,sim,idle,8.259003193,8.259003355,0.000000162,84.0000
mixtral-dev68,8,sim,addnorm,8.259003355,8.259005893,0.000002538,140.0000
mixtral-dev68,8,sim,idle,8.259005893,8.388436083,0.129430191,84.0000
mixtral-dev68,8,sim,addnorm,8.388436083,8.388438172,0.000002089,140.0000
mixtral-dev68,8,sim,idle,8.388438172,8.388438334,0.000000162,84.0000
mixtral-dev68,8,sim,addnorm,8.388438334,8.388731102,0.000292768,140.0000
mixtral-dev68,8,sim,idle,8.388731102,8.388731263,0.000000162,84.0000
mixtral-dev68,8,sim,idle,8.388731263,8.388731425,0.000000162,84.0000
mixtral-dev68,8,sim,gate,8.388731425,8.388734743,0.000003318,280.0000
mixtral-dev68,8,sim,idle,8.388734743,8.394268969,0.005534226,84.0000
mixtral-dev68,8,sim,gate,8.394268969,8.394448099,0.000179130,280.0000
mixtral-dev68,8,sim,idle,8.394448099,8.394448261,0.000000162,84.0000
mixtral-dev68,8,sim,experts,8.394448261,8.413666750,0.019218489,700.0000
mixtral-dev68,8,sim,idle,8.413666750,8.415240472,0.001573722,84.0000
mixtral-dev68,8,sim,experts,8.415240472,8.435019331,0.019778859,700.0000
mixtral-dev68,8,sim,idle,8.435019331,8.451341508,0.016322177,84.0000
mixtral-dev68,8,sim,idle,8.451341508,8.451341670,0.000000162,84.0000
mixtral-dev68,8,sim,idle,8.451341670,8.451341832,0.000000162,84.0000
mixtral-dev68,8,sim,gate,8.451341832,8.451434430,0.000092598,280.0000
mixtral-dev68,8,sim,idle,8.451434430,8.451436914,0.000002484,84.0000
mixtral-dev68,8,sim,addnorm,8.451436914,8.451439000,0.000002086,140.0000
mixtral-dev68,8,sim,idle,8.451439000,8.451439162,0.000000162,84.0000
mixtral-dev68,8,sim,addnorm,8.451439162,8.451731930,0.000292768,140.0000
mixtral-dev68,8,sim,idle,8.451731930,8.451732091,0.000000162,84.0000
mixtral-dev68,8,sim,attention,8.451732091,8.476348023,0.024615932,700.0000
mixtral-dev68,8,sim,idle,8.476348023,8.499275066,0.022927043,84.0000
mixtral-dev68,8,sim,addnorm,8.499275066,8.499277155,0.000002089,140.0000
mixtral-dev68,8,sim,idle,8.499277155,8.499277316,0.000000162,84.0000
mixtral-dev68,8,sim,addnorm,8.499277316,8.499570084,0.000292768,140.0000
mixtral-dev68,8,sim,idle,8.499570084,8.499570246,0.000000162,84.0000
mixtral-dev68,8,sim,idle,8.499570246,8.499570408,0.000000162,84.0000
mixtral-dev68,8,sim,gate,8.499570408,8.499573726,0.000003318,280.0000
mixtral-dev68,8,sim,idle,8.499573726,8.505107952,0.005534226,84.0000
mixtral-dev68,8,sim,gate,8.505107952,8.505287082,0.000179130,280.0000
mixtral-dev68,8,sim,idle,8.505287082,8.505287243,0.000000162,84.0000
mixtral-dev68,8,sim,experts,8.505287243,8.524505733,0.019218489,700.0000
mixtral-dev68,8,sim,idle,8.524505733,8.526079455,0.001573722,84.0000
mixtral-dev68,8,sim,experts,8.526079455,8.545858314,0.019778859,700.0000
mixtral-dev68,8,sim,idle,8.545858314,8.562180491,0.016322177,84.0000
mixtral-dev68,8,sim,idle,8.562180491,8.562180653,0.000000162,84.0000
mixtral-dev68,8,sim,idle,8.562180653,8.562180814,0.000000162,84.0000
mixtral-dev68,8,sim,gate,8.562180814,8.562273413,0.000092598,280.0000
mixtral-dev68,8,sim,idle,8.562273413,8.562275897,0.000002484,84.0000
mixtral-dev68,8,sim,addnorm,8.562275897,8.562277983,0.000002086,140.0000
mixtral-dev68,8,sim,idle,8.562277983,8.562278145,0.000000162,84.0000
mixtral-dev68,8,sim,addnorm,8.562278145,8.562570913,0.000292768,140.0000
mixtral-dev68,8,sim,idle,8.562570913,8.562571074,0.000000162,84.0000
mixtral-dev68,8,sim,attention,8.562571074,8.587187006,0.024615932,700.0000
mixtral-dev68,8,sim,idle,8.587187006,8.623505546,0.036318540,84.0000
mixtral-dev68,8,sim,addnorm,8.623505546,8.623507635,0.000002089,140.0000
mixtral-dev68,8,sim,idle,8.623507635,8.623507797,0.000000162,84.0000
mixtral-dev68,8,sim,addnorm,8.623507797,8.623800565,0.000292768,140.0000
mixtral-dev68,8,sim,idle,8.623800565,8.623800726,0.000000162,84.0000
mixtral-dev68,8,sim,idle,8.623800726,8.623800888,0.000000162,84.0000
mixtral-dev68,8,sim,gate,8.623800888,8.623804206,0.000003318,280.0000
mixtral-dev68,8,sim,idle,8.623804206,8.629338432,0.005534226,84.0000
mixtral-dev68,8,sim,gate,8.629338432,8.629517562,0.000179130,280.0000
mixtral-dev68,8,sim,idle,8.629517562,8.629517724,0.000000162,84.0000
mixtral-dev68,8,sim,experts,8.629517724,8.648736213,0.019218489,700.0000
mixtral-dev68,8,sim,idle,8.648736213,8.650309935,0.001573722,84.0000
mixtral-dev68,8,sim,experts,8.650309935,8.670088794,0.019778859,700.0000
mixtral-dev68,8,sim,idle,8.670088794,8.686410971,0.016322177,84.0000
mixtral-dev68,8,sim,idle,8.686410971,8.686411133,0.000000162,84.0000
mixtral-dev68,8,sim,idle,8.686411133,8.686411295,0.000000162,84.0000
mixtral-dev68,8,sim,gate,8.686411295,8.686503893,0.000092598,280.0000
mixtral-dev68,8,sim,idle,8.686503893,8.686506377,0.000002484,84.0000
mixtral-dev68,8,sim,addnorm,8.686506377,8.686508463,0.000002086,140.0000
mixtral-dev68,8,sim,idle,8.686508463,8.686508625,0.000000162,84.0000
mixtral-dev68,8,sim,addnorm,8.686508625,8.686801393,0.000292768,140.0000
mixtral-dev68,8,sim,idle,8.686801393,8.686801554,0.000000162,84.0000
mixtral-dev68,8,sim,attention,8.686801554,8.711417486,0.024615932,700.0000
mixtral-dev68,8,sim,idle,8.711417486,8.718420870,0.007003384,84.0000
mixtral-dev68,8,sim,addnorm,8.718420870,8.718422959,0.000002089,140.0000
mixtral-dev68,8,sim,idle,8.718422959,8.718423120,0.000000162,84.0000
mixtral-dev68,8,sim,addnorm,8.718423120,8.718715888,0.000292768,140.0000
mixtral-dev68,8,sim,idle,8.718715888,8.718716050,0.000000162,84.0000
mixtral-dev68,8,sim,idle,8.718716050,8.718716212,0.000000162,84.0000
mixtral-dev68,8,sim,gate,8.718716212,8.718719530,0.000003318,280.0000
mixtral-dev68,8,sim,idle,8.718719530,8.724253756,0.005534226,84.0000
mixtral-dev68,8,sim,gate,8.724253756,8.724432886,0.000179130,280.0000
mixtral-dev68,8,sim,idle,8.724432886,8.724433047,0.000000162,84.0000
mixtral-dev68,8,sim,experts,8.724433047,8.743651537,0.019218489,700.0000
mixtral-dev68,8,sim,idle,8.743651537,8.745225259,0.001573722,84.0000
mixtral-dev68,8,sim,experts,8.745225259,8.765004118,0.019778859,700.0000
mixtral-dev68,8,sim,idle,8.765004118,8.781326295,0.016322177,84.0000
mixtral-dev68,8,sim,idle,8.781326295,8.781326457,0.000000162,84.0000
mixtral-dev68,8,sim,idle,8.781326457,8.781326618,0.000000162,84.0000
mixtral-dev68,8,sim,gate,8.781326618,8.781419217,0.000092598,280.0000
mixtral-dev68,8,sim,idle,8.781419217,8.781421701,0.000002484,84.0000
mixtral-dev68,8,sim,addnorm,8.781421701,8.781423787,0.000002086,140.0000
mixtral-dev68,8,sim,idle,8.781423787,8.781423949,0.000000162,84.0000
mixtral-dev68,8,sim,addnorm,8.781423949,8.781716717,0.000292768,140.0000
mixtral-dev68,8,sim,idle,8.781716717,8.781716878,0.000000162,84.0000
mixtral-dev68,8,sim,attention,8.781716878,8.806332810,0.024615932,700.0000
mixtral-dev68,8,sim,idle,8.806332810,8.894245352,0.087912542,84.0000
mixtral-dev68,9,sim,idle,8.894245352,8.989549639,0.095304287,84.0000
mixtral-dev68,9,sim,attention,8.989549639,9.001857605,0.012307966,700.0000
mixtral-dev68,9,sim,idle,9.001857605,9.001857766,0.000000162,84.0000
mixtral-dev68,9,sim,addnorm,9.001857766,9.002001971,0.000144205,140.0000
mixtral-dev68,9,sim,idle,9.002001971,9.002002133,0.000000162,84.0000
mixtral-dev68,9,sim,addnorm,9.002002133,9.002004673,0.000002540,140.0000
mixtral-dev68,9,sim,idle,9.002004673,9.002004835,0.000000162,84.0000
mixtral-dev68,9,sim,gate,9.002004835,9.002043257,0.000038422,280.0000
mixtral-dev68,9,sim,idle,9.002043257,9.002045741,0.000002484,84.0000
mixtral-dev68,9,sim,idle,9.002045741,9.002045903,0.000000162,84.0000
mixtral-dev68,9,sim,gate,9.002045903,9.002063007,0.000017104,280.0000
mixtral-dev68,9,sim,idle,9.002063007,9.017982624,0.015919617,84.0000
mixtral-dev68,9,sim,experts,9.017982624,9.028822624,0.010840001,700.0000
mixtral-dev68,9,sim,idle,9.028822624,9.034328244,0.005505620,84.0000
mixtral-dev68,9,sim,experts,9.034328244,9.043979633,0.009651388,700.0000
mixtral-dev68,9,sim,idle,9.043979633,9.045553355,0.001573722,84.0000
mixtral-dev68,9,sim,experts,9.045553355,9.059030532,0.013477177,700.0000
mixtral-dev68,9,sim,idle,9.059030532,9.084719874,0.025689342,84.0000
mixtral-dev68,9,sim,idle,9.084719874,9.084720036,0.000000162,84.0000
mixtral-dev68,9,sim,addnorm,9.084720036,9.084864241,0.000144205,140.0000
mixtral-dev68,9,sim,idle,9.084864241,9.084864402,0.000000162,84.0000
mixtral-dev68,9,sim,addnorm,9.084864402,9.084866940,0.000002538,140.0000
mixtral-dev68,9,sim,idle,9.084866940,9.084868867,0.000001927,84.0000
mixtral-dev68,9,sim,attention,9.084868867,9.097176833,0.012307966,700.0000
mixtral-dev68,9,sim,idle,9.097176833,9.097176994,0.000000162,84.0000
mixtral-dev68,9,sim,addnorm,9.097176994,9.097321199,0.000144205,140.0000
mixtral-dev68,9,sim,idle,9.097321199,9.097321361,0.000000162,84.0000
mixtral-dev68,9,sim,addnorm,9.097321361,9.097323901,0.000002540,140.0000
mixtral-dev68,9,sim,idle,9.097323901,9.097324063,0.000000162,84.0000
mixtral-dev68,9,sim,gate,9.097324063,9.097362485,0.000038422,280.0000
mixtral-dev68,9,sim,idle,9.097362485,9.097364969,0.000002484,84.0000
mixtral-dev68,9,sim,idle,9.097364969,9.097365131,0.000000162,84.0000
mixtral-dev68,9,sim,gate,9.097365131,9.097382235,0.000017104,280.0000
mixtral-dev68,9,sim,idle,9.097382235,9.113301852,0.015919617,84.0000
mixtral-dev68,9,sim,experts,9.113301852,9.124141852,0.010840001,700.0000
mixtral-dev68,9,sim,idle,9.124141852,9.129647472,0.005505620,84.0000
mixtral-dev68,9,sim,experts,9.129647472,9.139298861,0.009651388,700.0000
mixtral-dev68,9,sim,idle,9.139298861,9.140872583,0.001573722,84.0000
mixtral-dev68,9,sim,experts,9.140872583,9.154349760,0.013477177,700.0000
mixtral-dev68,9,sim,idle,9.154349760,9.180039102,0.025689342,84.0000
mixtral-dev68,9,sim,idle,9.180039102,9.180039264,0.000000162,84.0000
mixtral-dev68,9,sim,addnorm,9.180039264,9.180183468,0.000144205,140.0000
mixtral-dev68,9,sim,idle,9.180183468,9.180183630,0.000000162,84.0000
mixtral-dev68,9,sim,addnorm,9.180183630,9.180186168,0.000002538,140.0000
mixtral-dev68,9,sim,attention,9.180186168,9.192494134,0.012307966,700.0000
mixtral-dev68,9,sim,idle,9.192494134,9.192494295,0.000000162,84.0000
mixtral-dev68,9,sim,addnorm,9.192494295,9.192638500,0.000144205,140.0000
mixtral-dev68,9,sim,idle,9.192638500,9.192638662,0.000000162,84.0000
mixtral-dev68,9,sim,addnorm,9.192638662,9.192641202,0.000002540,140.0000
mixtral-dev68,9,sim,idle,9.192641202,9.192641364,0.000000162,84.0000
mixtral-dev68,9,sim,gate,9.192641364,9.192679786,0.000038422,280.0000
mixtral-dev68,9,sim,idle,9.192679786,9.192682270,0.000002484,84.0000
mixtral-dev68,9,sim,idle,9.192682270,9.192682432,0.000000162,84.0000
mixtral-dev68,9,sim,gate,9.192682432,9.192699536,0.000017104,280.0000
mixtral-dev68,9,sim,idle,9.192699536,9.208602049,0.015902513,84.0000
mixtral-dev68,9,sim,experts,9.208602049,9.219442049,0.010840001,700.0000
mixtral-dev68,9,sim,idle,9.219442049,9.224947669,0.005505620,84.0000
mixtral-dev68,9,sim,experts,9.224947669,9.234599058,0.009651388,700.0000
mixtral-dev68,9,sim,idle,9.234599058,9.236172780,0.001573722,84.0000
mixtral-dev68,9,sim,experts,9.236172780,9.249649957,0.013477177,700.0000
mixtral-dev68,9,sim,idle,9.249649957,9.275339299,0.025689342,84.0000
mixtral-dev68,9,sim,idle,9.275339299,9.275339461,0.000000162,84.0000
mixtral-dev68,9,sim,addnorm,9.275339461,9.275483665,0.000144205,140.0000
mixtral-dev68,9,sim,idle,9.275483665,9.275483827,0.000000162,84.0000
mixtral-dev68,9,sim,addnorm,9.275483827,9.275486365,0.000002538,140.0000
mixtral-dev68,9,sim,attention,9.275486365,9.287794331,0.012307966,700.0000
mixtral-dev68,9,sim,idle,9.287794331,9.287794492,0.000000162,84.0000
mixtral-dev68,9,sim,addnorm,9.287794492,9.287938697,0.000144205,140.0000
mixtral-dev68,9,sim,idle,9.287938697,9.287938859,0.000000162,84.0000
mixtral-dev68,9,sim,addnorm,9.287938859,9.287941399,0.000002540,140.0000
mixtral-dev68,9,sim,idle,9.287941399,9.287941561,0.000000162,84.0000
mixtral-dev68,9,sim,gate,9.287941561,9.287979983,0.000038422,280.0000
mixtral-dev68,9,sim,idle,9.287979983,9.287982467,0.000002484,84.0000
mixtral-dev68,9,sim,idle,9.287982467,9.287982629,0.000000162,84.0000
mixtral-dev68,9,sim,gate,9.287982629,9.287999733,0.000017104,280.0000
mixtral-dev68,9,sim,idle,9.287999733,9.303902246,0.015902513,84.0000
mixtral-dev68,9,sim,experts,9.303902246,9.314742246,0.010840001,700.0000
mixtral-dev68,9,sim,idle,9.314742246,9.320247866,0.005505620,84.0000
mixtral-dev68,9,sim,experts,9.320247866,9.329899255,0.009651388,700.0000
mixtral-dev68,9,sim,idle,9.329899255,9.331472977,0.001573722,84.0000
mixtral-dev68,9,sim,experts,9.331472977,9.344950154,0.013477177,700.0000
mixtral-dev68,9,sim,idle,9.344950154,9.370639496,0.025689342,84.0000
mixtral-dev68,9,sim,idle,9.370639496,9.370639658,0.000000162,84.0000
mixtral-dev68,9,sim,addnorm,9.370639658,9.370783862,0.000144205,140.0000
mixtral-dev68,9,sim,idle,9.370783862,9.370784024,0.000000162,84.0000
mixtral-dev68,9,sim,addnorm,9.370784024,9.370786562,0.000002538,140.0000
mixtral-dev68,9,sim,idle,9.370786562,9.500216752,0.129430191,84.0000
mixtral-dev68,9,sim,addnorm,9.500216752,9.500218841,0.000002089,140.0000
mixtral-dev68,9,sim,idle,9.500218841,9.500219003,0.000000162,84.0000
mixtral-dev68,9,sim,addnorm,9.500219003,9.500511771,0.000292768,140.0000
mixtral-dev68,9,sim,idle,9.500511771,9.500511932,0.000000162,84.0000
mixtral-dev68,9,sim,idle,9.500511932,9.500512094,0.000000162,84.0000
mixtral-dev68,9,sim,gate,9.500512094,9.500515412,0.000003318,280.0000
mixtral-dev68,9,sim,idle,9.500515412,9.506049638,0.005534226,84.0000
mixtral-dev68,9,sim,gate,9.506049638,9.506228768,0.000179130,280.0000
mixtral-dev68,9,sim,idle,9.506228768,9.506228930,0.000000162,84.0000
mixtral-dev68,9,sim,experts,9.506228930,9.525447419,0.019218489,700.0000
mixtral-dev68,9,sim,idle,9.525447419,9.527021141,0.001573722,84.0000
mixtral-dev68,9,sim,experts,9.527021141,9.546800000,0.019778859,700.0000
mixtral-dev68,9,sim,idle,9.546800000,9.563122177,0.016322177,84.0000
mixtral-dev68,9,sim,idle,9.563122177,9.563122339,0.000000162,84.0000
mixtral-dev68,9,sim,idle,9.563122339,9.563122501,0.000000162,84.0000
mixtral-dev68,9,sim,gate,9.563122501,9.563215099,0.000092598,280.0000
mixtral-dev68,9,sim,idle,9.563215099,9.563217583,0.000002484,84.0000
mixtral-dev68,9,sim,addnorm,9.563217583,9.563219669,0.000002086,140.0000
mixtral-dev68,9,sim,idle,9.563219669,9.563219831,0.000000162,84.0000
mixtral-dev68,9,sim,addnorm,9.563219831,9.563512599,0.000292768,140.0000
mixtral-dev68,9,sim,idle,9.563512599,9.563512760,0.000000162,84.0000
mixtral-dev68,9,sim,attention,9.563512760,9.588128692,0.024615932,700.0000
mixtral-dev68,9,sim,idle,9.588128692,9.611055735,0.022927043,84.0000
mixtral-dev68,9,sim,addnorm,9.611055735,9.611057824,0.000002089,140.0000
mixtral-dev68,9,sim,idle,9.611057824,9.611057985,0.000000162,84.0000
mixtral-dev68,9,sim,addnorm,9.611057985,9.611350753,0.000292768,140.0000
mixtral-dev68,9,sim,idle,9.611350753,9.611350915,0.000000162,84.0000
mixtral-dev68,9,sim,idle,9.611350915,9.611351077,0.000000162,84.0000
mixtral-dev68,9,sim,gate,9.611351077,9.611354395,0.000003318,280.0000
mixtral-dev68,9,sim,idle,9.611354395,9.616888621,0.005534226,84.0000
mixtral-dev68,9,sim,gate,9.616888621,9.617067751,0.000179130,280.0000
mixtral-dev68,9,sim,idle,9.617067751,9.617067912,0.000000162,84.0000
mixtral-dev68,9,sim,experts,9.617067912,9.636286402,0.019218489,700.0000
mixtral-dev68,9,sim,idle,9.636286402,9.637860124,0.001573722,84.0000
mixtral-dev68,9,sim,experts,9.637860124,9.657638983,0.019778859,700.0000
mixtral-dev68,9,sim,idle,9.657638983,9.673961160,0.016322177,84.0000
mixtral-dev68,9,sim,idle,9.673961160,9.673961322,0.000000162,84.0000
mixtral-dev68,9,sim,idle,9.673961322,9.673961483,0.000000162,84.0000
mixtral-dev68,9,sim,gate,9.673961483,9.674054082,0.000092598,280.0000
mixtral-dev68,9,sim,idle,9.674054082,9.674056566,0.000002484,84.0000
mixtral-dev68,9,sim,addnorm,9.674056566,9.674058652,0.000002086,140.0000
mixtral-dev68,9,sim,idle,9.674058652,9.674058814,0.000000162,84.0000
mixtral-dev68,9,sim,addnorm,9.674058814,9.674351582,0.000292768,140.0000
mixtral-dev68,9,sim,idle,9.674351582,9.674351743,0.000000162,84.0000
mixtral-dev68,9,sim,attention,9.674351743,9.698967675,0.024615932,700.0000
mixtral-dev68,9,sim,idle,9.698967675,9.735286215,0.036318540,84.0000
mixtral-dev68,9,sim,addnorm,9.735286215,9.735288304,0.000002089,140.0000
mixtral-dev68,9,sim,idle,9.735288304,9.735288466,0.000000162,84.0000
mixtral-dev68,9,sim,addnorm,9.735288466,9.735581234,0.000292768,140.0000
mixtral-dev68,9,sim,idle,9.735581234,9.735581395,0.000000162,84.0000
mixtral-dev68,9,sim,idle,9.735581395,9.735581557,0.000000162,84.0000
mixtral-dev68,9,sim,gate,9.735581557,9.735584875,0.000003318,280.0000
mixtral-dev68,9,sim,idle,9.735584875,9.741119101,0.005534226,84.0000
mixtral-dev68,9,sim,gate,9.741119101,9.741298231,0.000179130,280.0000
mixtral-dev68,9,sim,idle,9.741298231,9.741298393,0.000000162,84.0000
mixtral-dev68,9,sim,experts,9.741298393,9.760516882,0.019218489,700.0000
mixtral-dev68,9,sim,idle,9.760516882,9.762090604,0.001573722,84.0000
mixtral-dev68,9,sim,experts,9.762090604,9.781869463,0.019778859,700.0000
mixtral-dev68,9,sim,idle,9.781869463,9.798191640,0.016322177,84.0000
mixtral-dev68,9,sim,idle,9.798191640,9.798191802,0.000000162,84.0000
mixtral-dev68,9,sim,idle,9.798191802,9.798191964,0.000000162,84.0000
mixtral-dev68,9,sim,gate,9.798191964,9.798284562,0.000092598,280.0000
mixtral-dev68,9,sim,idle,9.798284562,9.798287046,0.000002484,84.0000
mixtral-dev68,9,sim,addnorm,9.798287046,9.798289132,0.000002086,140.0000
mixtral-dev68,9,sim,idle,9.798289132,9.798289294,0.000000162,84.0000
mixtral-dev68,9,sim,addnorm,9.798289294,9.798582062,0.000292768,140.0000
mixtral-dev68,9,sim,idle,9.798582062,9.798582223,0.000000162,84.0000
mixtral-dev68,9,sim,attention,9.798582223,9.823198155,0.024615932,700.0000
mixtral-dev68,9,sim,idle,9.823198155,9.830201539,0.007003384,84.0000
mixtral-dev68,9,sim,addnorm,9.830201539,9.830203628,0.000002089,140.0000
mixtral-dev68,9,sim,idle,9.830203628,9.830203789,0.000000162,84.0000
mixtral-dev68,9,sim,addnorm,9.830203789,9.830496557,0.000292768,140.0000
mixtral-dev68,9,sim,idle,9.830496557,9.830496719,0.000000162,84.0000
mixtral-dev68,9,sim,idle,9.830496719,9.830496881,0.000000162,84.0000
mixtral-dev68,9,sim,gate,9.830496881,9.830500199,0.000003318,280.0000
mixtral-dev68,9,sim,idle,9.830500199,9.836034425,0.005534226,84.0000
mixtral-dev68,9,sim,gate,9.836034425,9.836213555,0.000179130,280.0000
mixtral-dev68,9,sim,idle,9.836213555,9.836213716,0.000000162,84.0000
mixtral-dev68,9,sim,experts,9.836213716,9.855432206,0.019218489,700.0000
mixtral-dev68,9,sim,idle,9.855432206,9.857005928,0.001573722,84.0000
mixtral-dev68,9,sim,experts,9.857005928,9.876784787,0.019778859,700.0000
mixtral-dev68,9,sim,idle,9.876784787,9.893106964,0.016322177,84.0000
mixtral-dev68,9,sim,idle,9.893106964,9.893107126,0.000000162,84.0000
mixtral-dev68,9,sim,idle,9.893107126,9.893107287,0.000000162,84.0000
mixtral-dev68,9,sim,gate,9.893107287,9.893199886,0.000092598,280.0000
mixtral-dev68,9,sim,idle,9.893199886,9.893202370,0.000002484,84.0000
mixtral-dev68,9,sim,addnorm,9.893202370,9.893204456,0.000002086,140.0000
mixtral-dev68,9,sim,idle,9.893204456,9.893204618,0.000000162,84.0000
mixtral-dev68,9,sim,addnorm,9.893204618,9.893497386,0.000292768,140.0000
mixtral-dev68,9,sim,idle,9.893497386,9.893497547,0.000000162,84.0000
mixtral-dev68,9,sim,attention,9.893497547,9.918113479,0.024615932,700.0000
mixtral-dev68,9,sim,idle,9.918113479,10.006026021,0.087912542,84.0000
mixtral-dev68,10,sim,idle,10.006026021,10.101330308,0.095304287,84.0000
mixtral-dev68,10,sim,attention,10.101330308,10.113638274,0.012307966,700.0000
mixtral-dev68,10,sim,idle,10.113638274,10.113638435,0.000000162,84.0000
mixtral-dev68,10,sim,addnorm,10.113638435,10.113782640,0.000144205,140.0000
mixtral-dev68,10,sim,idle,10.113782640,10.113782802,0.000000162,84.0000
mixtral-dev68,10,sim,addnorm,10.113782802,10.113785342,0.000002540,140.0000
mixtral-dev68,10,sim,idle,10.113785342,10.113785504,0.000000162,84.0000
mixtral-dev68,10,sim,gate,10.113785504,10.113823926,0.000038422,280.0000
mixtral-dev68,10,sim,idle,10.113823926,10.113826410,0.000002484,84.0000
mixtral-dev68,10,sim,idle,10.113826410,10.113826572,0.000000162,84.0000
mixtral-dev68,10,sim,gate,10.113826572,10.113843676,0.000017104,280.0000
mixtral-dev68,10,sim,idle,10.113843676,10.129763293,0.015919617,84.0000
mixtral-dev68,10,sim,experts,10.129763293,10.140603293,0.010840001,700.0000
mixtral-dev68,10,sim,idle,10.140603293,10.146108913,0.005505620,84.0000
mixtral-dev68,10,sim,experts,10.146108913,10.155760302,0.009651388,700.0000
mixtral-dev68,10,sim,idle,10.155760302,10.157334024,0.001573722,84.0000
mixtral-dev68,10,sim,experts,10.157334024,10.170811201,0.013477177,700.0000
mixtral-dev68,10,sim,idle,10.170811201,10.196500543,0.025689342,84.0000
mixtral-dev68,10,sim,idle,10.196500543,10.196500705,0.000000162,84.0000
mixtral-dev68,10,sim,addnorm,10.196500705,10.196644910,0.000144205,140.0000
mixtral-dev68,10,sim,idle,10.196644910,10.196645071,0.000000162,84.0000
mixtral-dev68,10,sim,addnorm,10.196645071,10.196647609,0.000002538,140.0000
mixtral-dev68,10,sim,idle,10.196647609,10.196649536,0.000001927,84.0000
mixtral-dev68,10,sim,attention,10.196649536,10.208957502,0.012307966,700.0000
mixtral-dev68,10,sim,idle,10.208957502,10.208957663,0.000000162,84.0000
mixtral-dev68,10,sim,addnorm,10.208957663,10.209101868,0.000144205,140.0000
mixtral-dev68,10,sim,idle,10.209101868,10.209102030,0.000000162,84.0000
mixtral-dev68,10,sim,addnorm,10.209102030,10.209104570,0.000002540,140.0000
mixtral-dev68,10,sim,idle,10.209104570,10.209104732,0.000000162,84.0000
mixtral-dev68,10,sim,gate,10.209104732,10.209143154,0.000038422,280.0000
mixtral-dev68,10,sim,idle,10.209143154,10.209145638,0.000002484,84.0000
mixtral-dev68,10,sim,idle,10.209145638,10.209145800,0.000000162,84.0000
mixtral-dev68,10,sim,gate,10.209145800,10.209162904,0.000017104,280.0000
mixtral-dev68,10,sim,idle,10.209162904,10.225082521,0.015919617,84.0000
mixtral-dev68,10,sim,experts,10.225082521,10.235922521,0.010840001,700.0000
mixtral-dev68,10,sim,idle,10.235922521,10.241428141,0.005505620,84.0000
mixtral-dev68,10,sim,experts,10.241428141,10.251079530,0.009651388,700.0000
mixtral-dev68,10,sim,idle,10.251079530,10.252653252,0.001573722,84.0000
mixtral-dev68,10,sim,experts,10.252653252,10.266130429,0.013477177,700.0000
mixtral-dev68,10,sim,idle,10.266130429,10.291819771,0.025689342,84.0000
mixtral-dev68,10,sim,idle,10.291819771,10.291819933,0.000000162,84.0000
mixtral-dev68,10,sim,addnorm,10.291819933,10.291964137,0.000144205,140.0000
mixtral-dev68,10,sim,idle,10.291964137,10.291964299,0.000000162,84.0000
mixtral-dev68,10,sim,addnorm,10.291964299,10.291966837,0.000002538,140.0000
mixtral-dev68,10,sim,attention,10.291966837,10.304274803,0.012307966,700.0000
mixtral-dev68,10,sim,idle,10.304274803,10.304274964,0.000000162,84.0000
mixtral-dev68,10,sim,addnorm,10.304274964,10.304419169,0.000144205,140.0000
mixtral-dev68,10,sim,idle,10.304419169,10.304419331,0.000000162,84.0000
mixtral-dev68,10,sim,addnorm,10.304419331,10.304421871,0.000002540,140.0000
mixtral-dev68,10,sim,idle,10.304421871,10.304422033,0.000000162,84.0000
mixtral-dev68,10,sim,gate,10.304422033,10.304460455,0.000038422,280.0000
mixtral-dev68,10,sim,idle,10.304460455,10.304462939,0.000002484,84.0000
mixtral-dev68,10,sim,idle,10.304462939,10.304463101,0.000000162,84.0000
mixtral-dev68,10,sim,gate,10.304463101,10.304480205,0.000017104,280.0000
mixtral-dev68,10,sim,idle,10.304480205,10.320382718,0.015902513,84.0000
mixtral-dev68,10,sim,experts,10.320382718,10.331222718,0.010840001,700.0000
mixtral-dev68,10,sim,idle,10.331222718,10.336728338,0.005505620,84.0000
mixtral-dev68,10,sim,experts,10.336728338,10.346379727,0.009651388,700.0000
mixtral-dev68,10,sim,idle,10.346379727,10.347953449,0.001573722,84.0000
mixtral-dev68,10,sim,experts,10.347953449,10.361430626,0.013477177,700.0000
mixtral-dev68,10,sim,idle,10.361430626,10.387119968,0.025689342,84.0000
mixtral-dev68,10,sim,idle,10.387119968,10.387120130,0.000000162,84.0000
mixtral-dev68,10,sim,addnorm,10.387120130,10.387264335,0.000144205,140.0000
mixtral-dev68,10,sim,idle,10.387264335,10.387264496,0.000000162,84.0000
mixtral-dev68,10,sim,addnorm,10.387264496,10.387267034,0.000002538,140.0000
mixtral-dev68,10,sim,attention,10.387267034,10.399575000,0.012307966,700.0000
mixtral-dev68,10,sim,idle,10.399575000,10.399575161,0.000000162,84.0000
mixtral-dev68,10,sim,addnorm,10.399575161,10.399719366,0.000144205,140.0000
mixtral-dev68,10,sim,idle,10.399719366,10.399719528,0.000000162,84.0000
mixtral-dev68,10,sim,addnorm,10.399719528,10.399722068,0.000002540,140.0000
mixtral-dev68,10,sim,idle,10.399722068,10.399722230,0.000000162,84.0000
mixtral-dev68,10,sim,gate,10.399722230,10.399760652,0.000038422,280.0000
mixtral-dev68,10,sim,idle,10.399760652,10.399763136,0.000002484,84.0000
mixtral-dev68,10,sim,idle,10.399763136,10.399763298,0.000000162,84.0000
mixtral-dev68,10,sim,gate,10.399763298,10.399780402,0.000017104,280.0000
mixtral-dev68,10,sim,idle,10.399780402,10.415682915,0.015902513,84.0000
mixtral-dev68,10,sim,experts,10.415682915,10.426522915,0.010840001,700.0000
mixtral-dev68,10,sim,idle,10.426522915,10.432028535,0.005505620,84.0000
mixtral-dev68,10,sim,experts,10.432028535,10.441679924,0.009651388,700.0000
mixtral-dev68,10,sim,idle,10.441679924,10.443253646,0.001573722,84.0000
mixtral-dev68,10,sim,experts,10.443253646,10.456730823,0.013477177,700.0000
mixtral-dev68,10,sim,idle,10.456730823,10.482420165,0.025689342,84.0000
mixtral-dev68,10,sim,idle,10.482420165,10.482420327,0.000000162,84.0000
mixtral-dev68,10,sim,addnorm,10.482420327,10.482564531,0.000144205,140.0000
mixtral-dev68,10,sim,idle,10.482564531,10.482564693,0.000000162,84.0000
mixtral-dev68,10,sim,addnorm,10.482564693,10.482567231,0.000002538,140.0000
mixtral-dev68,10,sim,idle,10.482567231,10.611997421,0.129430191,84.0000
mixtral-dev68,10,sim,addnorm,10.611997421,10.611999510,0.000002089,140.0000
mixtral-dev68,10,sim,idle,10.611999510,10.611999672,0.000000162,84.0000
mixtral-dev68,10,sim,addnorm,10.611999672,10.612292440,0.000292768,140.0000
mixtral-dev68,10,sim,idle,10.612292440,10.612292601,0.000000162,84.0000
mixtral-dev68,10,sim,idle,10.612292601,10.612292763,0.000000162,84.0000
mixtral-dev68,10,sim,gate,10.612292763,10.612296081,0.000003318,280.0000
mixtral-dev68,10,sim,idle,10.612296081,10.617830307,0.005534226,84.0000
mixtral-dev68,10,sim,gate,10.617830307,10.618009437,0.000179130,280.0000
mixtral-dev68,10,sim,idle,10.618009437,10.618009599,0.000000162,84.0000
mixtral-dev68,10,sim,experts,10.618009599,10.637228088,0.019218489,700.0000
mixtral-dev68,10,sim,idle,10.637228088,10.638801810,0.001573722,84.0000
mixtral-dev68,10,sim,experts,10.638801810,10.658580669,0.019778859,700.0000
mixtral-dev68,10,sim,idle,10.658580669,10.674902846,0.016322177,84.0000
mixtral-dev68,10,sim,idle,10.674902846,10.674903008,0.000000162,84.0000
mixtral-dev68,10,sim,idle,10.674903008,10.674903170,0.000000162,84.0000
mixtral-dev68,10,sim,gate,10.674903170,10.674995768,0.000092598,280.0000
mixtral-dev68,10,sim,idle,10.674995768,10.674998252,0.000002484,84.0000
mixtral-dev68,10,sim,addnorm,10.674998252,10.675000338,0.000002086,140.0000
mixtral-dev68,10,sim,idle,10.675000338,10.675000500,0.000000162,84.0000
mixtral-dev68,10,sim,addnorm,10.675000500,10.675293268,0.000292768,140.0000
mixtral-dev68,10,sim,idle,10.675293268,10.675293429,0.000000162,84.0000
mixtral-dev68,10,sim,attention,10.675293429,10.699909361,0.024615932,700.0000
mixtral-dev68,10,sim,idle,10.699909361,10.722836404,0.022927043,84.0000
mixtral-dev68,10,sim,addnorm,10.722836404,10.722838493,0.000002089,140.0000
mixtral-dev68,10,sim,idle,10.722838493,10.722838654,0.000000162,84.0000
mixtral-dev68,10,sim,addnorm,10.722838654,10.723131422,0.000292768,140.0000
mixtral-dev68,10,sim,idle,10.723131422,10.723131584,0.000000162,84.0000
mixtral-dev68,10,sim,idle,10.723131584,10.723131746,0.000000162,84.0000
mixtral-dev68,10,sim,gate,10.723131746,10.723135064,0.000003318,280.0000
mixtral-dev68,10,sim,idle,10.723135064,10.728669290,0.005534226,84.0000
mixtral-dev68,10,sim,gate,10.728669290,10.728848420,0.000179130,280.0000
mixtral-dev68,10,sim,idle,10.728848420,10.728848581,0.000000162,84.0000
mixtral-dev68,10,sim,experts,10.728848581,10.748067071,0.019218489,700.0000
mixtral-dev68,10,sim,idle,10.748067071,10.749640793,0.001573722,84.0000
mixtral-dev68,10,sim,experts,10.749640793,10.769419652,0.019778859,700.0000
mixtral-dev68,10,sim,idle,10.769419652,10.785741829,0.016322177,84.0000
mixtral-dev68,10,sim,idle,10.785741829,10.785741991,0.000000162,84.0000
mixtral-dev68,10,sim,idle,10.785741991,10.785742152,0.000000162,84.0000
mixtral-dev68,10,sim,gate,10.785742152,10.785834751,0.000092598,280.0000
mixtral-dev68,10,sim,idle,10.785834751,10.785837235,0.000002484,84.0000
mixtral-dev68,10,sim,addnorm,10.785837235,10.785839321,0.000002086,140.0000
mixtral-dev68,10,sim,idle,10.785839321,10.785839483,0.000000162,84.0000
mixtral-dev68,10,sim,addnorm,10.785839483,10.786132251,0.000292768,140.0000
mixtral-dev68,10,sim,idle,10.786132251,10.786132412,0.000000162,84.0000
mixtral-dev68,10,sim,attention,10.786132412,10.810748344,0.024615932,700.0000
mixtral-dev68,10,sim,idle,10.810748344,10.847066884,0.036318540,84.0000
mixtral-dev68,10,sim,addnorm,10.847066884,10.847068973,0.000002089,140.0000
mixtral-dev68,10,sim,idle,10.847068973,10.847069135,0.000000162,84.0000
mixtral-dev68,10,sim,addnorm,10.847069135,10.847361903,0.000292768,140.0000
mixtral-dev68,10,sim,idle,10.847361903,10.847362064,0.000000162,84.0000
mixtral-dev68,10,sim,idle,10.847362064,10.847362226,0.000000162,84.0000
mixtral-dev68,10,sim,gate,10.847362226,10.847365544,0.000003318,280.0000
mixtral-dev68,10,sim,idle,10.847365544,10.852899770,0.005534226,84.0000
mixtral-dev68,10,sim,gate,10.852899770,10.853078900,0.000179130,280.0000
mixtral-dev68,10,sim,idle,10.853078900,10.853079062,0.000000162,84.0000
mixtral-dev68,10,sim,experts,10.853079062,10.872297551,0.019218489,700.0000
mixtral-dev68,10,sim,idle,10.872297551,10.873871273,0.001573722,84.0000
mixtral-dev68,10,sim,experts,10.873871273,10.893650132,0.019778859,700.0000
mixtral-dev68,10,sim,idle,10.893650132,10.909972309,0.016322177,84.0000
mixtral-dev68,10,sim,idle,10.909972309,10.909972471,0.000000162,84.0000
mixtral-dev68,10,sim,idle,10.909972471,10.909972633,0.000000162,84.0000
mixtral-dev68,10,sim,gate,10.909972633,10.910065231,0.000092598,280.0000
mixtral-dev68,10,sim,idle,10.910065231,10.910067715,0.000002484,84.0000
mixtral-dev68,10,sim,addnorm,10.910067715,10.910069801,0.000002086,140.0000
mixtral-dev68,10,sim,idle,10.910069801,10.910069963,0.000000162,84.0000
mixtral-dev68,10,sim,addnorm,10.910069963,10.910362731,0.000292768,140.0000
mixtral-dev68,10,sim,idle,10.910362731,10.910362892,0.000000162,84.0000
mixtral-dev68,10,sim,attention,10.910362892,10.934978824,0.024615932,700.0000
mixtral-dev68,10,sim,idle,10.934978824,10.941982208,0.007003384,84.0000
mixtral-dev68,10,sim,addnorm,10.941982208,10.941984297,0.000002089,140.0000
mixtral-dev68,10,sim,idle,10.941984297,10.941984458,0.000000162,84.0000
mixtral-dev68,10,sim,addnorm,10.941984458,10.942277226,0.000292768,140.0000
mixtral-dev68,10,sim,idle,10.942277226,10.942277388,0.000000162,84.0000
mixtral-dev68,10,sim,idle,10.942277388,10.942277550,0.000000162,84.0000
mixtral-dev68,10,sim,gate,10.942277550,10.942280868,0.000003318,280.0000
mixtral-dev68,10,sim,idle,10.942280868,10.947815094,0.005534226,84.0000
mixtral-dev68,10,sim,gate,10.947815094,10.947994224,0.000179130,280.0000
mixtral-dev68,10,sim,idle,10.947994224,10.947994385,0.000000162,84.0000
mixtral-dev68,10,sim,experts,10.947994385,10.967212875,0.019218489,700.0000
mixtral-dev68,10,sim,idle,10.967212875,10.968786597,0.001573722,84.0000
mixtral-dev68,10,sim,experts,10.968786597,10.988565456,0.019778859,700.0000
mixtral-dev68,10,sim,idle,10.988565456,11.004887633,0.016322177,84.0000
mixtral-dev68,10,sim,idle,11.004887633,11.004887795,0.000000162,84.0000
mixtral-dev68,10,sim,idle,11.004887795,11.004887956,0.000000162,84.0000
mixtral-dev68,10,sim,gate,11.004887956,11.004980555,0.000092598,280.0000
mixtral-dev68,10,sim,idle,11.004980555,11.004983039,0.000002484,84.0000
mixtral-dev68,10,sim,addnorm,11.004983039,11.004985125,0.000002086,140.0000
mixtral-dev68,10,sim,idle,11.004985125,11.004985287,0.000000162,84.0000
mixtral-dev68,10,sim,addnorm,11.004985287,11.005278055,0.000292768,140.0000
mixtral-dev68,10,sim,idle,11.005278055,11.005278216,0.000000162,84.0000
mixtral-dev68,10,sim,attention,11.005278216,11.029894148,0.024615932,700.0000
mixtral-dev68,10,sim,idle,11.029894148,11.117806690,0.087912542,84.0000
